-- phpMyAdmin SQL Dump
-- version 5.2.1
-- https://www.phpmyadmin.net/
--
-- Host: 127.0.0.1
-- Waktu pembuatan: 05 Okt 2024 pada 16.21
-- Versi server: 10.4.32-MariaDB
-- Versi PHP: 8.2.12

SET SQL_MODE = "NO_AUTO_VALUE_ON_ZERO";
START TRANSACTION;
SET time_zone = "+00:00";


/*!40101 SET @OLD_CHARACTER_SET_CLIENT=@@CHARACTER_SET_CLIENT */;
/*!40101 SET @OLD_CHARACTER_SET_RESULTS=@@CHARACTER_SET_RESULTS */;
/*!40101 SET @OLD_COLLATION_CONNECTION=@@COLLATION_CONNECTION */;
/*!40101 SET NAMES utf8mb4 */;

--
-- Database: `ketosin`
--

-- --------------------------------------------------------

--
-- Struktur dari tabel `failed_jobs`
--

CREATE TABLE `failed_jobs` (
  `id` bigint(20) UNSIGNED NOT NULL,
  `uuid` varchar(255) NOT NULL,
  `connection` text NOT NULL,
  `queue` text NOT NULL,
  `payload` longtext NOT NULL,
  `exception` longtext NOT NULL,
  `failed_at` timestamp NOT NULL DEFAULT current_timestamp()
) ENGINE=InnoDB DEFAULT CHARSET=utf8mb4 COLLATE=utf8mb4_unicode_ci ROW_FORMAT=DYNAMIC;

-- --------------------------------------------------------

--
-- Struktur dari tabel `kandidat`
--

CREATE TABLE `kandidat` (
  `id_kandidat` bigint(20) UNSIGNED NOT NULL,
  `id_ketua` bigint(20) UNSIGNED NOT NULL,
  `id_wakil` bigint(20) UNSIGNED NOT NULL,
  `visi` text NOT NULL,
  `misi` text NOT NULL,
  `slogan` text NOT NULL,
  `foto` varchar(255) DEFAULT NULL,
  `created_at` timestamp NULL DEFAULT NULL,
  `updated_at` timestamp NULL DEFAULT NULL
) ENGINE=InnoDB DEFAULT CHARSET=utf8mb4 COLLATE=utf8mb4_unicode_ci ROW_FORMAT=DYNAMIC;

--
-- Dumping data untuk tabel `kandidat`
--

INSERT INTO `kandidat` (`id_kandidat`, `id_ketua`, `id_wakil`, `visi`, `misi`, `slogan`, `foto`, `created_at`, `updated_at`) VALUES
(1, 457, 32, 'Menjadikan osis smk negeri 1 bondowoso sebagai organisasi yang dapat berperan ahktif dalam membangun kerjasama dengan seluruh elemen sekolah, dan berjiwa kepemimpinan serta dapat menjadi wadah dalam membentuk karakter siswa/I smk negeri 1 bondowoso yang berkualitas, berprestasidan sesuai dengan pancasila.', 'Mengutamakan nilai ketuhanan yang maha esa sebagai landasan dalam menjalankan kegiatan osis. |\r\nMeningkatkan kualitas ekstrakurikuler yang ada dengan upaya pengadaan kegiatan-kegiatan positif yang dapat meningkatkan bakat dan kreativitas siswa/I. |\r\nMeningkatkan rasa kepedulian dan kesadaran siswa terhadap perkembangan teknologi demi memajukan ilmu pengetahuan dan teknologi di kalangan pelajar. |\r\nMengembangkan dan bertanggung jawab penuh terhadap program kerja osis yang sudah terlaksana maupun yang akan terlaksanνα. |\r\nMembangun komunikasi yang efektif antara osis, siswa/I, guru, dan pihak sekolah. |', 'Berbeda untuk satu,bersatu untuk tujuan yang satu', 'YpzhKXS2qMmtfFmUpDTA4UBlzLH2hQwwRn4vgBVG.png', '2023-11-26 10:39:20', '2024-10-05 04:53:16'),
(2, 1539, 1540, '-', '-', '-', 'XUpBqZWvTurT5e7marHntWZpKAThcssWAv3kAi7J.png', '2023-11-26 11:14:30', '2024-10-05 03:23:24');

-- --------------------------------------------------------

--
-- Struktur dari tabel `kelas`
--

CREATE TABLE `kelas` (
  `id_kelas` bigint(20) UNSIGNED NOT NULL,
  `nama_kelas` varchar(255) NOT NULL,
  `status` int(11) NOT NULL DEFAULT 1,
  `created_at` timestamp NULL DEFAULT NULL,
  `updated_at` timestamp NULL DEFAULT NULL
) ENGINE=InnoDB DEFAULT CHARSET=utf8mb4 COLLATE=utf8mb4_unicode_ci ROW_FORMAT=DYNAMIC;

--
-- Dumping data untuk tabel `kelas`
--

INSERT INTO `kelas` (`id_kelas`, `nama_kelas`, `status`, `created_at`, `updated_at`) VALUES
(1, 'MP 1', 1, '2023-10-25 14:12:27', '2023-10-25 14:12:27'),
(2, 'MP 2', 1, '2023-10-25 14:12:27', '2023-10-25 14:12:27'),
(3, 'AK 1', 1, '2023-10-25 14:12:27', '2023-10-25 14:12:27'),
(4, 'AK 2', 1, '2023-10-25 14:12:27', '2023-10-25 14:12:27'),
(5, 'LP 1', 1, '2023-10-25 14:12:27', '2023-10-25 14:12:27'),
(6, 'BD 1', 1, '2023-10-25 14:12:27', '2023-10-25 14:12:27'),
(7, 'BD 2', 1, '2023-10-25 14:12:27', '2023-10-25 14:12:27'),
(8, 'TKJ 1', 1, '2023-10-25 14:12:27', '2023-10-25 14:12:27'),
(9, 'TKJ 2', 1, '2023-10-25 14:12:27', '2023-10-25 14:12:27'),
(10, 'DKV 1', 1, '2023-10-25 14:12:27', '2023-10-25 14:12:27'),
(11, 'DKV 2', 1, '2023-10-25 14:12:27', '2023-10-25 14:12:27'),
(12, 'RPL 1', 1, '2023-10-25 14:12:27', '2023-10-25 14:12:27'),
(13, 'RPL 2', 1, '2023-10-25 14:12:27', '2023-10-25 14:12:27'),
(14, 'PSPTv 1', 1, '2023-10-25 14:12:27', '2023-10-25 14:12:27'),
(15, 'OTKP 1', 1, '2023-10-25 14:12:27', '2023-10-25 14:12:27'),
(16, 'OTKP 2', 1, '2023-10-25 14:12:27', '2023-10-25 14:12:27'),
(17, 'AKL 1', 1, '2023-10-25 14:12:27', '2023-10-25 14:12:27'),
(18, 'AKL 2', 1, '2023-10-25 14:12:27', '2023-10-25 14:12:27'),
(19, 'PKM 1', 1, '2023-10-25 14:12:27', '2023-10-25 14:12:27'),
(20, 'PKM 2', 1, '2023-10-25 14:12:27', '2023-10-25 14:12:27'),
(21, 'BDP 1', 1, '2023-10-25 14:12:27', '2023-10-25 14:12:27'),
(22, 'BDP 2', 1, '2023-10-25 14:12:27', '2023-10-25 14:12:27'),
(23, 'MM 1', 1, '2023-10-25 14:12:27', '2023-10-25 14:12:27'),
(24, 'MM 2', 1, '2023-10-25 14:12:27', '2023-10-25 14:12:27');

-- --------------------------------------------------------

--
-- Struktur dari tabel `migrations`
--

CREATE TABLE `migrations` (
  `id` int(10) UNSIGNED NOT NULL,
  `migration` varchar(255) NOT NULL,
  `batch` int(11) NOT NULL
) ENGINE=InnoDB DEFAULT CHARSET=utf8mb4 COLLATE=utf8mb4_unicode_ci ROW_FORMAT=DYNAMIC;

--
-- Dumping data untuk tabel `migrations`
--

INSERT INTO `migrations` (`id`, `migration`, `batch`) VALUES
(1, '2014_10_12_000000_create_users_table', 1),
(2, '2014_10_12_100000_create_password_resets_table', 1),
(3, '2019_08_19_000000_create_failed_jobs_table', 1),
(4, '2019_12_14_000001_create_personal_access_tokens_table', 1),
(5, '2023_10_22_052420_create_kelas', 1),
(6, '2023_10_22_052459_create_peserta', 1),
(7, '2023_10_22_052508_create_kandidat', 1),
(8, '2023_10_22_052630_create_pemilihan', 1),
(9, '2023_10_22_082302_create_waktu', 1);

-- --------------------------------------------------------

--
-- Struktur dari tabel `password_resets`
--

CREATE TABLE `password_resets` (
  `email` varchar(255) NOT NULL,
  `token` varchar(255) NOT NULL,
  `created_at` timestamp NULL DEFAULT NULL
) ENGINE=InnoDB DEFAULT CHARSET=utf8mb4 COLLATE=utf8mb4_unicode_ci ROW_FORMAT=DYNAMIC;

-- --------------------------------------------------------

--
-- Struktur dari tabel `pemilihan`
--

CREATE TABLE `pemilihan` (
  `id_pemilihan` bigint(20) UNSIGNED NOT NULL,
  `id_peserta` bigint(20) UNSIGNED NOT NULL,
  `id_kandidat` bigint(20) UNSIGNED NOT NULL,
  `waktu` timestamp NOT NULL DEFAULT current_timestamp() ON UPDATE current_timestamp(),
  `longtitude` varchar(255) DEFAULT NULL,
  `latitude` varchar(255) DEFAULT NULL,
  `mac` varchar(255) DEFAULT NULL,
  `status` int(11) NOT NULL DEFAULT 1,
  `created_at` timestamp NULL DEFAULT NULL,
  `updated_at` timestamp NULL DEFAULT NULL
) ENGINE=InnoDB DEFAULT CHARSET=utf8mb4 COLLATE=utf8mb4_unicode_ci ROW_FORMAT=DYNAMIC;

--
-- Dumping data untuk tabel `pemilihan`
--

INSERT INTO `pemilihan` (`id_pemilihan`, `id_peserta`, `id_kandidat`, `waktu`, `longtitude`, `latitude`, `mac`, `status`, `created_at`, `updated_at`) VALUES
(1, 767, 2, '2023-11-28 01:12:20', NULL, NULL, NULL, 1, '2023-11-28 01:12:20', '2023-11-28 01:12:20'),
(2, 769, 2, '2023-11-28 01:12:27', NULL, NULL, NULL, 1, '2023-11-28 01:12:27', '2023-11-28 01:12:27'),
(3, 768, 1, '2023-11-28 01:12:35', NULL, NULL, NULL, 1, '2023-11-28 01:12:35', '2023-11-28 01:12:35'),
(4, 771, 1, '2023-11-28 01:13:31', NULL, NULL, NULL, 1, '2023-11-28 01:13:31', '2023-11-28 01:13:31'),
(5, 774, 1, '2023-11-28 01:13:50', NULL, NULL, NULL, 1, '2023-11-28 01:13:50', '2023-11-28 01:13:50'),
(6, 772, 2, '2023-11-28 01:14:08', NULL, NULL, NULL, 1, '2023-11-28 01:14:08', '2023-11-28 01:14:08'),
(7, 766, 1, '2023-11-28 01:15:16', NULL, NULL, NULL, 1, '2023-11-28 01:15:16', '2023-11-28 01:15:16'),
(8, 775, 2, '2023-11-28 01:15:27', NULL, NULL, NULL, 1, '2023-11-28 01:15:27', '2023-11-28 01:15:27'),
(9, 778, 2, '2023-11-28 01:15:43', NULL, NULL, NULL, 1, '2023-11-28 01:15:43', '2023-11-28 01:15:43'),
(10, 779, 2, '2023-11-28 01:15:54', NULL, NULL, NULL, 1, '2023-11-28 01:15:54', '2023-11-28 01:15:54'),
(11, 780, 2, '2023-11-28 01:16:41', NULL, NULL, NULL, 1, '2023-11-28 01:16:41', '2023-11-28 01:16:41'),
(12, 785, 2, '2023-11-28 01:17:15', NULL, NULL, NULL, 1, '2023-11-28 01:17:15', '2023-11-28 01:17:15'),
(13, 782, 2, '2023-11-28 01:17:26', NULL, NULL, NULL, 1, '2023-11-28 01:17:26', '2023-11-28 01:17:26'),
(14, 781, 2, '2023-11-28 01:19:04', NULL, NULL, NULL, 1, '2023-11-28 01:19:04', '2023-11-28 01:19:04'),
(15, 794, 2, '2023-11-28 01:19:43', NULL, NULL, NULL, 1, '2023-11-28 01:19:43', '2023-11-28 01:19:43'),
(16, 830, 1, '2023-11-28 01:19:45', NULL, NULL, NULL, 1, '2023-11-28 01:19:45', '2023-11-28 01:19:45'),
(17, 773, 2, '2023-11-28 01:20:08', NULL, NULL, NULL, 1, '2023-11-28 01:20:08', '2023-11-28 01:20:08'),
(18, 783, 1, '2023-11-28 01:20:12', NULL, NULL, NULL, 1, '2023-11-28 01:20:12', '2023-11-28 01:20:12'),
(19, 784, 1, '2023-11-28 01:20:15', NULL, NULL, NULL, 1, '2023-11-28 01:20:15', '2023-11-28 01:20:15'),
(20, 770, 1, '2023-11-28 01:20:28', NULL, NULL, NULL, 1, '2023-11-28 01:20:28', '2023-11-28 01:20:28'),
(21, 831, 1, '2023-11-28 01:20:43', NULL, NULL, NULL, 1, '2023-11-28 01:20:43', '2023-11-28 01:20:43'),
(22, 834, 1, '2023-11-28 01:20:50', NULL, NULL, NULL, 1, '2023-11-28 01:20:50', '2023-11-28 01:20:50'),
(23, 777, 2, '2023-11-28 01:21:01', NULL, NULL, NULL, 1, '2023-11-28 01:21:01', '2023-11-28 01:21:01'),
(24, 837, 1, '2023-11-28 01:21:05', NULL, NULL, NULL, 1, '2023-11-28 01:21:05', '2023-11-28 01:21:05'),
(25, 788, 2, '2023-11-28 01:21:08', NULL, NULL, NULL, 1, '2023-11-28 01:21:08', '2023-11-28 01:21:08'),
(26, 833, 1, '2023-11-28 01:21:09', NULL, NULL, NULL, 1, '2023-11-28 01:21:09', '2023-11-28 01:21:09'),
(27, 789, 2, '2023-11-28 01:21:29', NULL, NULL, NULL, 1, '2023-11-28 01:21:29', '2023-11-28 01:21:29'),
(28, 790, 2, '2023-11-28 01:21:29', NULL, NULL, NULL, 1, '2023-11-28 01:21:29', '2023-11-28 01:21:29'),
(29, 838, 2, '2023-11-28 01:21:48', NULL, NULL, NULL, 1, '2023-11-28 01:21:48', '2023-11-28 01:21:48'),
(30, 497, 2, '2023-11-28 01:21:53', NULL, NULL, NULL, 1, '2023-11-28 01:21:53', '2023-11-28 01:21:53'),
(31, 796, 2, '2023-11-28 01:21:55', NULL, NULL, NULL, 1, '2023-11-28 01:21:55', '2023-11-28 01:21:55'),
(32, 792, 2, '2023-11-28 01:22:02', NULL, NULL, NULL, 1, '2023-11-28 01:22:02', '2023-11-28 01:22:02'),
(33, 498, 2, '2023-11-28 01:22:03', NULL, NULL, NULL, 1, '2023-11-28 01:22:03', '2023-11-28 01:22:03'),
(34, 499, 1, '2023-11-28 01:22:04', NULL, NULL, NULL, 1, '2023-11-28 01:22:04', '2023-11-28 01:22:04'),
(35, 841, 1, '2023-11-28 01:22:28', NULL, NULL, NULL, 1, '2023-11-28 01:22:28', '2023-11-28 01:22:28'),
(36, 500, 2, '2023-11-28 01:22:44', NULL, NULL, NULL, 1, '2023-11-28 01:22:44', '2023-11-28 01:22:44'),
(37, 795, 2, '2023-11-28 01:22:47', NULL, NULL, NULL, 1, '2023-11-28 01:22:47', '2023-11-28 01:22:47'),
(38, 793, 2, '2023-11-28 01:22:49', NULL, NULL, NULL, 1, '2023-11-28 01:22:49', '2023-11-28 01:22:49'),
(39, 840, 1, '2023-11-28 01:23:00', NULL, NULL, NULL, 1, '2023-11-28 01:23:00', '2023-11-28 01:23:00'),
(40, 842, 1, '2023-11-28 01:23:05', NULL, NULL, NULL, 1, '2023-11-28 01:23:05', '2023-11-28 01:23:05'),
(41, 501, 1, '2023-11-28 01:23:09', NULL, NULL, NULL, 1, '2023-11-28 01:23:09', '2023-11-28 01:23:09'),
(42, 791, 2, '2023-11-28 01:23:20', NULL, NULL, NULL, 1, '2023-11-28 01:23:20', '2023-11-28 01:23:20'),
(43, 839, 1, '2023-11-28 01:23:23', NULL, NULL, NULL, 1, '2023-11-28 01:23:23', '2023-11-28 01:23:23'),
(44, 502, 2, '2023-11-28 01:23:37', NULL, NULL, NULL, 1, '2023-11-28 01:23:37', '2023-11-28 01:23:37'),
(45, 506, 2, '2023-11-28 01:23:58', NULL, NULL, NULL, 1, '2023-11-28 01:23:58', '2023-11-28 01:23:58'),
(46, 504, 2, '2023-11-28 01:24:01', NULL, NULL, NULL, 1, '2023-11-28 01:24:01', '2023-11-28 01:24:01'),
(47, 507, 2, '2023-11-28 01:24:12', NULL, NULL, NULL, 1, '2023-11-28 01:24:12', '2023-11-28 01:24:12'),
(48, 847, 2, '2023-11-28 01:24:26', NULL, NULL, NULL, 1, '2023-11-28 01:24:26', '2023-11-28 01:24:26'),
(49, 843, 1, '2023-11-28 01:24:48', NULL, NULL, NULL, 1, '2023-11-28 01:24:48', '2023-11-28 01:24:48'),
(50, 508, 2, '2023-11-28 01:24:56', NULL, NULL, NULL, 1, '2023-11-28 01:24:56', '2023-11-28 01:24:56'),
(51, 509, 2, '2023-11-28 01:25:04', NULL, NULL, NULL, 1, '2023-11-28 01:25:04', '2023-11-28 01:25:04'),
(52, 510, 2, '2023-11-28 01:25:22', NULL, NULL, NULL, 1, '2023-11-28 01:25:22', '2023-11-28 01:25:22'),
(53, 848, 2, '2023-11-28 01:25:23', NULL, NULL, NULL, 1, '2023-11-28 01:25:23', '2023-11-28 01:25:23'),
(54, 846, 2, '2023-11-28 01:25:30', NULL, NULL, NULL, 1, '2023-11-28 01:25:30', '2023-11-28 01:25:30'),
(55, 511, 1, '2023-11-28 01:25:33', NULL, NULL, NULL, 1, '2023-11-28 01:25:33', '2023-11-28 01:25:33'),
(56, 849, 1, '2023-11-28 01:25:37', NULL, NULL, NULL, 1, '2023-11-28 01:25:37', '2023-11-28 01:25:37'),
(57, 845, 2, '2023-11-28 01:25:52', NULL, NULL, NULL, 1, '2023-11-28 01:25:52', '2023-11-28 01:25:52'),
(58, 512, 2, '2023-11-28 01:26:04', NULL, NULL, NULL, 1, '2023-11-28 01:26:04', '2023-11-28 01:26:04'),
(59, 513, 2, '2023-11-28 01:26:18', NULL, NULL, NULL, 1, '2023-11-28 01:26:18', '2023-11-28 01:26:18'),
(60, 855, 2, '2023-11-28 01:26:22', NULL, NULL, NULL, 1, '2023-11-28 01:26:22', '2023-11-28 01:26:22'),
(61, 851, 1, '2023-11-28 01:26:26', NULL, NULL, NULL, 1, '2023-11-28 01:26:26', '2023-11-28 01:26:26'),
(62, 515, 2, '2023-11-28 01:26:29', NULL, NULL, NULL, 1, '2023-11-28 01:26:29', '2023-11-28 01:26:29'),
(63, 856, 1, '2023-11-28 01:26:29', NULL, NULL, NULL, 1, '2023-11-28 01:26:29', '2023-11-28 01:26:29'),
(64, 854, 2, '2023-11-28 01:26:45', NULL, NULL, NULL, 1, '2023-11-28 01:26:45', '2023-11-28 01:26:45'),
(65, 514, 2, '2023-11-28 01:27:00', NULL, NULL, NULL, 1, '2023-11-28 01:27:00', '2023-11-28 01:27:00'),
(66, 516, 2, '2023-11-28 01:27:02', NULL, NULL, NULL, 1, '2023-11-28 01:27:02', '2023-11-28 01:27:02'),
(67, 517, 2, '2023-11-28 01:27:08', NULL, NULL, NULL, 1, '2023-11-28 01:27:08', '2023-11-28 01:27:08'),
(68, 857, 2, '2023-11-28 01:27:16', NULL, NULL, NULL, 1, '2023-11-28 01:27:16', '2023-11-28 01:27:16'),
(69, 859, 1, '2023-11-28 01:27:16', NULL, NULL, NULL, 1, '2023-11-28 01:27:16', '2023-11-28 01:27:16'),
(70, 521, 2, '2023-11-28 01:27:29', NULL, NULL, NULL, 1, '2023-11-28 01:27:29', '2023-11-28 01:27:29'),
(71, 858, 2, '2023-11-28 01:27:32', NULL, NULL, NULL, 1, '2023-11-28 01:27:32', '2023-11-28 01:27:32'),
(72, 522, 2, '2023-11-28 01:27:44', NULL, NULL, NULL, 1, '2023-11-28 01:27:44', '2023-11-28 01:27:44'),
(73, 518, 2, '2023-11-28 01:27:44', NULL, NULL, NULL, 1, '2023-11-28 01:27:44', '2023-11-28 01:27:44'),
(74, 519, 2, '2023-11-28 01:28:00', NULL, NULL, NULL, 1, '2023-11-28 01:28:00', '2023-11-28 01:28:00'),
(75, 798, 2, '2023-11-28 01:28:19', NULL, NULL, NULL, 1, '2023-11-28 01:28:19', '2023-11-28 01:28:19'),
(76, 844, 2, '2023-11-28 01:28:22', NULL, NULL, NULL, 1, '2023-11-28 01:28:22', '2023-11-28 01:28:22'),
(77, 505, 2, '2023-11-28 01:28:26', NULL, NULL, NULL, 1, '2023-11-28 01:28:26', '2023-11-28 01:28:26'),
(78, 520, 2, '2023-11-28 01:28:36', NULL, NULL, NULL, 1, '2023-11-28 01:28:36', '2023-11-28 01:28:36'),
(79, 523, 2, '2023-11-28 01:28:45', NULL, NULL, NULL, 1, '2023-11-28 01:28:45', '2023-11-28 01:28:45'),
(80, 800, 2, '2023-11-28 01:28:53', NULL, NULL, NULL, 1, '2023-11-28 01:28:53', '2023-11-28 01:28:53'),
(81, 799, 1, '2023-11-28 01:28:54', NULL, NULL, NULL, 1, '2023-11-28 01:28:54', '2023-11-28 01:28:54'),
(82, 524, 2, '2023-11-28 01:28:54', NULL, NULL, NULL, 1, '2023-11-28 01:28:54', '2023-11-28 01:28:54'),
(83, 802, 1, '2023-11-28 01:29:07', NULL, NULL, NULL, 1, '2023-11-28 01:29:07', '2023-11-28 01:29:07'),
(84, 801, 2, '2023-11-28 01:29:21', NULL, NULL, NULL, 1, '2023-11-28 01:29:21', '2023-11-28 01:29:21'),
(85, 804, 2, '2023-11-28 01:29:49', NULL, NULL, NULL, 1, '2023-11-28 01:29:49', '2023-11-28 01:29:49'),
(86, 805, 1, '2023-11-28 01:29:51', NULL, NULL, NULL, 1, '2023-11-28 01:29:51', '2023-11-28 01:29:51'),
(87, 865, 2, '2023-11-28 01:29:55', NULL, NULL, NULL, 1, '2023-11-28 01:29:55', '2023-11-28 01:29:55'),
(88, 807, 2, '2023-11-28 01:29:55', NULL, NULL, NULL, 1, '2023-11-28 01:29:55', '2023-11-28 01:29:55'),
(89, 803, 2, '2023-11-28 01:29:55', NULL, NULL, NULL, 1, '2023-11-28 01:29:55', '2023-11-28 01:29:55'),
(90, 867, 2, '2023-11-28 01:29:59', NULL, NULL, NULL, 1, '2023-11-28 01:29:59', '2023-11-28 01:29:59'),
(91, 808, 2, '2023-11-28 01:30:36', NULL, NULL, NULL, 1, '2023-11-28 01:30:36', '2023-11-28 01:30:36'),
(92, 871, 1, '2023-11-28 01:30:55', NULL, NULL, NULL, 1, '2023-11-28 01:30:55', '2023-11-28 01:30:55'),
(93, 810, 2, '2023-11-28 01:30:59', NULL, NULL, NULL, 1, '2023-11-28 01:30:59', '2023-11-28 01:30:59'),
(94, 809, 1, '2023-11-28 01:31:01', NULL, NULL, NULL, 1, '2023-11-28 01:31:01', '2023-11-28 01:31:01'),
(95, 811, 2, '2023-11-28 01:31:09', NULL, NULL, NULL, 1, '2023-11-28 01:31:09', '2023-11-28 01:31:09'),
(96, 812, 1, '2023-11-28 01:31:26', NULL, NULL, NULL, 1, '2023-11-28 01:31:26', '2023-11-28 01:31:26'),
(97, 869, 1, '2023-11-28 01:31:33', NULL, NULL, NULL, 1, '2023-11-28 01:31:33', '2023-11-28 01:31:33'),
(98, 884, 1, '2023-11-28 01:31:36', NULL, NULL, NULL, 1, '2023-11-28 01:31:36', '2023-11-28 01:31:36'),
(99, 813, 2, '2023-11-28 01:32:07', NULL, NULL, NULL, 1, '2023-11-28 01:32:07', '2023-11-28 01:32:07'),
(100, 816, 2, '2023-11-28 01:32:09', NULL, NULL, NULL, 1, '2023-11-28 01:32:09', '2023-11-28 01:32:09'),
(101, 815, 2, '2023-11-28 01:32:16', NULL, NULL, NULL, 1, '2023-11-28 01:32:16', '2023-11-28 01:32:16'),
(102, 877, 2, '2023-11-28 01:32:23', NULL, NULL, NULL, 1, '2023-11-28 01:32:23', '2023-11-28 01:32:23'),
(103, 817, 2, '2023-11-28 01:32:43', NULL, NULL, NULL, 1, '2023-11-28 01:32:43', '2023-11-28 01:32:43'),
(104, 882, 2, '2023-11-28 01:32:54', NULL, NULL, NULL, 1, '2023-11-28 01:32:54', '2023-11-28 01:32:54'),
(105, 873, 1, '2023-11-28 01:33:01', NULL, NULL, NULL, 1, '2023-11-28 01:33:01', '2023-11-28 01:33:01'),
(106, 820, 2, '2023-11-28 01:33:03', NULL, NULL, NULL, 1, '2023-11-28 01:33:03', '2023-11-28 01:33:03'),
(107, 819, 2, '2023-11-28 01:33:18', NULL, NULL, NULL, 1, '2023-11-28 01:33:18', '2023-11-28 01:33:18'),
(108, 821, 2, '2023-11-28 01:33:31', NULL, NULL, NULL, 1, '2023-11-28 01:33:31', '2023-11-28 01:33:31'),
(109, 822, 1, '2023-11-28 01:33:35', NULL, NULL, NULL, 1, '2023-11-28 01:33:35', '2023-11-28 01:33:35'),
(110, 860, 2, '2023-11-28 01:33:46', NULL, NULL, NULL, 1, '2023-11-28 01:33:46', '2023-11-28 01:33:46'),
(111, 823, 1, '2023-11-28 01:34:14', NULL, NULL, NULL, 1, '2023-11-28 01:34:14', '2023-11-28 01:34:14'),
(112, 870, 2, '2023-11-28 01:34:31', NULL, NULL, NULL, 1, '2023-11-28 01:34:31', '2023-11-28 01:34:31'),
(113, 880, 1, '2023-11-28 01:34:46', NULL, NULL, NULL, 1, '2023-11-28 01:34:46', '2023-11-28 01:34:46'),
(114, 885, 1, '2023-11-28 01:34:51', NULL, NULL, NULL, 1, '2023-11-28 01:34:51', '2023-11-28 01:34:51'),
(115, 952, 1, '2023-11-28 01:35:03', NULL, NULL, NULL, 1, '2023-11-28 01:35:03', '2023-11-28 01:35:03'),
(116, 888, 1, '2023-11-28 01:35:08', NULL, NULL, NULL, 1, '2023-11-28 01:35:08', '2023-11-28 01:35:08'),
(117, 954, 1, '2023-11-28 01:35:29', NULL, NULL, NULL, 1, '2023-11-28 01:35:29', '2023-11-28 01:35:29'),
(118, 955, 1, '2023-11-28 01:35:29', NULL, NULL, NULL, 1, '2023-11-28 01:35:29', '2023-11-28 01:35:29'),
(119, 956, 1, '2023-11-28 01:36:05', NULL, NULL, NULL, 1, '2023-11-28 01:36:05', '2023-11-28 01:36:05'),
(120, 957, 1, '2023-11-28 01:36:22', NULL, NULL, NULL, 1, '2023-11-28 01:36:22', '2023-11-28 01:36:22'),
(121, 960, 2, '2023-11-28 01:36:34', NULL, NULL, NULL, 1, '2023-11-28 01:36:34', '2023-11-28 01:36:34'),
(122, 959, 1, '2023-11-28 01:37:05', NULL, NULL, NULL, 1, '2023-11-28 01:37:05', '2023-11-28 01:37:05'),
(123, 961, 2, '2023-11-28 01:37:27', NULL, NULL, NULL, 1, '2023-11-28 01:37:27', '2023-11-28 01:37:27'),
(124, 962, 2, '2023-11-28 01:38:00', NULL, NULL, NULL, 1, '2023-11-28 01:38:00', '2023-11-28 01:38:00'),
(125, 433, 1, '2023-11-28 01:38:44', NULL, NULL, NULL, 1, '2023-11-28 01:38:44', '2023-11-28 01:38:44'),
(126, 965, 1, '2023-11-28 01:39:00', NULL, NULL, NULL, 1, '2023-11-28 01:39:00', '2023-11-28 01:39:00'),
(127, 966, 1, '2023-11-28 01:39:08', NULL, NULL, NULL, 1, '2023-11-28 01:39:08', '2023-11-28 01:39:08'),
(128, 436, 1, '2023-11-28 01:39:19', NULL, NULL, NULL, 1, '2023-11-28 01:39:19', '2023-11-28 01:39:19'),
(129, 964, 1, '2023-11-28 01:39:20', NULL, NULL, NULL, 1, '2023-11-28 01:39:20', '2023-11-28 01:39:20'),
(130, 968, 2, '2023-11-28 01:39:37', NULL, NULL, NULL, 1, '2023-11-28 01:39:37', '2023-11-28 01:39:37'),
(131, 967, 2, '2023-11-28 01:39:38', NULL, NULL, NULL, 1, '2023-11-28 01:39:38', '2023-11-28 01:39:38'),
(132, 434, 1, '2023-11-28 01:39:40', NULL, NULL, NULL, 1, '2023-11-28 01:39:40', '2023-11-28 01:39:40'),
(133, 437, 1, '2023-11-28 01:39:47', NULL, NULL, NULL, 1, '2023-11-28 01:39:47', '2023-11-28 01:39:47'),
(134, 970, 1, '2023-11-28 01:40:21', NULL, NULL, NULL, 1, '2023-11-28 01:40:21', '2023-11-28 01:40:21'),
(135, 435, 1, '2023-11-28 01:40:22', NULL, NULL, NULL, 1, '2023-11-28 01:40:22', '2023-11-28 01:40:22'),
(136, 438, 1, '2023-11-28 01:40:25', NULL, NULL, NULL, 1, '2023-11-28 01:40:25', '2023-11-28 01:40:25'),
(137, 1176, 1, '2023-11-28 01:40:32', NULL, NULL, NULL, 1, '2023-11-28 01:40:32', '2023-11-28 01:40:32'),
(138, 971, 1, '2023-11-28 01:40:38', NULL, NULL, NULL, 1, '2023-11-28 01:40:38', '2023-11-28 01:40:38'),
(139, 439, 1, '2023-11-28 01:40:50', NULL, NULL, NULL, 1, '2023-11-28 01:40:50', '2023-11-28 01:40:50'),
(140, 1178, 1, '2023-11-28 01:40:51', NULL, NULL, NULL, 1, '2023-11-28 01:40:51', '2023-11-28 01:40:51'),
(141, 1183, 2, '2023-11-28 01:40:57', NULL, NULL, NULL, 1, '2023-11-28 01:40:57', '2023-11-28 01:40:57'),
(142, 958, 2, '2023-11-28 01:41:01', NULL, NULL, NULL, 1, '2023-11-28 01:41:01', '2023-11-28 01:41:01'),
(143, 969, 1, '2023-11-28 01:41:01', NULL, NULL, NULL, 1, '2023-11-28 01:41:01', '2023-11-28 01:41:01'),
(144, 441, 1, '2023-11-28 01:41:02', NULL, NULL, NULL, 1, '2023-11-28 01:41:02', '2023-11-28 01:41:02'),
(145, 972, 1, '2023-11-28 01:41:10', NULL, NULL, NULL, 1, '2023-11-28 01:41:10', '2023-11-28 01:41:10'),
(146, 443, 1, '2023-11-28 01:41:14', NULL, NULL, NULL, 1, '2023-11-28 01:41:14', '2023-11-28 01:41:14'),
(147, 1180, 2, '2023-11-28 01:41:20', NULL, NULL, NULL, 1, '2023-11-28 01:41:20', '2023-11-28 01:41:20'),
(148, 442, 1, '2023-11-28 01:41:53', NULL, NULL, NULL, 1, '2023-11-28 01:41:53', '2023-11-28 01:41:53'),
(149, 446, 1, '2023-11-28 01:42:24', NULL, NULL, NULL, 1, '2023-11-28 01:42:24', '2023-11-28 01:42:24'),
(150, 1182, 1, '2023-11-28 01:42:38', NULL, NULL, NULL, 1, '2023-11-28 01:42:38', '2023-11-28 01:42:38'),
(151, 450, 1, '2023-11-28 01:43:18', NULL, NULL, NULL, 1, '2023-11-28 01:43:18', '2023-11-28 01:43:18'),
(152, 445, 1, '2023-11-28 01:43:40', NULL, NULL, NULL, 1, '2023-11-28 01:43:40', '2023-11-28 01:43:40'),
(153, 449, 1, '2023-11-28 01:43:47', NULL, NULL, NULL, 1, '2023-11-28 01:43:47', '2023-11-28 01:43:47'),
(154, 1198, 2, '2023-11-28 01:43:48', NULL, NULL, NULL, 1, '2023-11-28 01:43:48', '2023-11-28 01:43:48'),
(155, 451, 1, '2023-11-28 01:44:04', NULL, NULL, NULL, 1, '2023-11-28 01:44:04', '2023-11-28 01:44:04'),
(156, 1191, 2, '2023-11-28 01:44:05', NULL, NULL, NULL, 1, '2023-11-28 01:44:05', '2023-11-28 01:44:05'),
(157, 1173, 2, '2023-11-28 01:44:17', NULL, NULL, NULL, 1, '2023-11-28 01:44:17', '2023-11-28 01:44:17'),
(158, 1192, 2, '2023-11-28 01:44:23', NULL, NULL, NULL, 1, '2023-11-28 01:44:23', '2023-11-28 01:44:23'),
(159, 448, 1, '2023-11-28 01:44:25', NULL, NULL, NULL, 1, '2023-11-28 01:44:25', '2023-11-28 01:44:25'),
(160, 1200, 2, '2023-11-28 01:44:48', NULL, NULL, NULL, 1, '2023-11-28 01:44:48', '2023-11-28 01:44:48'),
(161, 974, 1, '2023-11-28 01:45:00', NULL, NULL, NULL, 1, '2023-11-28 01:45:00', '2023-11-28 01:45:00'),
(162, 973, 1, '2023-11-28 01:45:03', NULL, NULL, NULL, 1, '2023-11-28 01:45:03', '2023-11-28 01:45:03'),
(163, 975, 1, '2023-11-28 01:45:10', NULL, NULL, NULL, 1, '2023-11-28 01:45:10', '2023-11-28 01:45:10'),
(164, 454, 1, '2023-11-28 01:45:27', NULL, NULL, NULL, 1, '2023-11-28 01:45:27', '2023-11-28 01:45:27'),
(165, 1194, 2, '2023-11-28 01:45:30', NULL, NULL, NULL, 1, '2023-11-28 01:45:30', '2023-11-28 01:45:30'),
(166, 456, 1, '2023-11-28 01:45:31', NULL, NULL, NULL, 1, '2023-11-28 01:45:31', '2023-11-28 01:45:31'),
(167, 976, 1, '2023-11-28 01:45:41', NULL, NULL, NULL, 1, '2023-11-28 01:45:41', '2023-11-28 01:45:41'),
(168, 1199, 1, '2023-11-28 01:45:57', NULL, NULL, NULL, 1, '2023-11-28 01:45:57', '2023-11-28 01:45:57'),
(169, 979, 1, '2023-11-28 01:46:13', NULL, NULL, NULL, 1, '2023-11-28 01:46:13', '2023-11-28 01:46:13'),
(170, 458, 1, '2023-11-28 01:46:14', NULL, NULL, NULL, 1, '2023-11-28 01:46:14', '2023-11-28 01:46:14'),
(171, 1172, 1, '2023-11-28 01:46:30', NULL, NULL, NULL, 1, '2023-11-28 01:46:30', '2023-11-28 01:46:30'),
(172, 981, 1, '2023-11-28 01:46:36', NULL, NULL, NULL, 1, '2023-11-28 01:46:36', '2023-11-28 01:46:36'),
(173, 1184, 2, '2023-11-28 01:46:37', NULL, NULL, NULL, 1, '2023-11-28 01:46:37', '2023-11-28 01:46:37'),
(174, 1197, 2, '2023-11-28 01:46:37', NULL, NULL, NULL, 1, '2023-11-28 01:46:37', '2023-11-28 01:46:37'),
(175, 459, 1, '2023-11-28 01:46:47', NULL, NULL, NULL, 1, '2023-11-28 01:46:47', '2023-11-28 01:46:47'),
(176, 978, 2, '2023-11-28 01:46:49', NULL, NULL, NULL, 1, '2023-11-28 01:46:49', '2023-11-28 01:46:49'),
(177, 460, 1, '2023-11-28 01:46:53', NULL, NULL, NULL, 1, '2023-11-28 01:46:53', '2023-11-28 01:46:53'),
(178, 980, 2, '2023-11-28 01:46:55', NULL, NULL, NULL, 1, '2023-11-28 01:46:55', '2023-11-28 01:46:55'),
(179, 1186, 2, '2023-11-28 01:46:55', NULL, NULL, NULL, 1, '2023-11-28 01:46:55', '2023-11-28 01:46:55'),
(180, 452, 1, '2023-11-28 01:46:57', NULL, NULL, NULL, 1, '2023-11-28 01:46:57', '2023-11-28 01:46:57'),
(181, 982, 1, '2023-11-28 01:47:00', NULL, NULL, NULL, 1, '2023-11-28 01:47:00', '2023-11-28 01:47:00'),
(182, 1201, 2, '2023-11-28 01:47:14', NULL, NULL, NULL, 1, '2023-11-28 01:47:14', '2023-11-28 01:47:14'),
(183, 1179, 1, '2023-11-28 01:47:23', NULL, NULL, NULL, 1, '2023-11-28 01:47:23', '2023-11-28 01:47:23'),
(184, 1187, 1, '2023-11-28 01:47:23', NULL, NULL, NULL, 1, '2023-11-28 01:47:23', '2023-11-28 01:47:23'),
(185, 461, 1, '2023-11-28 01:47:31', NULL, NULL, NULL, 1, '2023-11-28 01:47:31', '2023-11-28 01:47:31'),
(186, 462, 1, '2023-11-28 01:47:46', NULL, NULL, NULL, 1, '2023-11-28 01:47:46', '2023-11-28 01:47:46'),
(187, 984, 1, '2023-11-28 01:47:49', NULL, NULL, NULL, 1, '2023-11-28 01:47:49', '2023-11-28 01:47:49'),
(188, 983, 1, '2023-11-28 01:47:57', NULL, NULL, NULL, 1, '2023-11-28 01:47:57', '2023-11-28 01:47:57'),
(189, 463, 1, '2023-11-28 01:48:10', NULL, NULL, NULL, 1, '2023-11-28 01:48:10', '2023-11-28 01:48:10'),
(190, 985, 1, '2023-11-28 01:48:14', NULL, NULL, NULL, 1, '2023-11-28 01:48:14', '2023-11-28 01:48:14'),
(191, 1189, 2, '2023-11-28 01:48:19', NULL, NULL, NULL, 1, '2023-11-28 01:48:19', '2023-11-28 01:48:19'),
(192, 1196, 2, '2023-11-28 01:48:41', NULL, NULL, NULL, 1, '2023-11-28 01:48:41', '2023-11-28 01:48:41'),
(193, 988, 1, '2023-11-28 01:48:49', NULL, NULL, NULL, 1, '2023-11-28 01:48:49', '2023-11-28 01:48:49'),
(194, 986, 1, '2023-11-28 01:48:52', NULL, NULL, NULL, 1, '2023-11-28 01:48:52', '2023-11-28 01:48:52'),
(195, 989, 1, '2023-11-28 01:49:03', NULL, NULL, NULL, 1, '2023-11-28 01:49:03', '2023-11-28 01:49:03'),
(196, 987, 1, '2023-11-28 01:49:12', NULL, NULL, NULL, 1, '2023-11-28 01:49:12', '2023-11-28 01:49:12'),
(197, 1185, 2, '2023-11-28 01:49:23', NULL, NULL, NULL, 1, '2023-11-28 01:49:23', '2023-11-28 01:49:23'),
(198, 990, 1, '2023-11-28 01:49:24', NULL, NULL, NULL, 1, '2023-11-28 01:49:24', '2023-11-28 01:49:24'),
(199, 993, 1, '2023-11-28 01:49:42', NULL, NULL, NULL, 1, '2023-11-28 01:49:42', '2023-11-28 01:49:42'),
(200, 992, 1, '2023-11-28 01:50:27', NULL, NULL, NULL, 1, '2023-11-28 01:50:27', '2023-11-28 01:50:27'),
(201, 464, 1, '2023-11-28 01:50:40', NULL, NULL, NULL, 1, '2023-11-28 01:50:40', '2023-11-28 01:50:40'),
(202, 466, 1, '2023-11-28 01:50:50', NULL, NULL, NULL, 1, '2023-11-28 01:50:50', '2023-11-28 01:50:50'),
(203, 469, 1, '2023-11-28 01:51:15', NULL, NULL, NULL, 1, '2023-11-28 01:51:15', '2023-11-28 01:51:15'),
(204, 467, 1, '2023-11-28 01:51:23', NULL, NULL, NULL, 1, '2023-11-28 01:51:23', '2023-11-28 01:51:23'),
(205, 470, 1, '2023-11-28 01:51:30', NULL, NULL, NULL, 1, '2023-11-28 01:51:30', '2023-11-28 01:51:30'),
(206, 471, 1, '2023-11-28 01:51:35', NULL, NULL, NULL, 1, '2023-11-28 01:51:35', '2023-11-28 01:51:35'),
(207, 1249, 1, '2023-11-28 01:51:38', NULL, NULL, NULL, 1, '2023-11-28 01:51:38', '2023-11-28 01:51:38'),
(208, 472, 1, '2023-11-28 01:52:41', NULL, NULL, NULL, 1, '2023-11-28 01:52:41', '2023-11-28 01:52:41'),
(209, 477, 1, '2023-11-28 01:54:06', NULL, NULL, NULL, 1, '2023-11-28 01:54:06', '2023-11-28 01:54:06'),
(210, 473, 1, '2023-11-28 01:54:19', NULL, NULL, NULL, 1, '2023-11-28 01:54:19', '2023-11-28 01:54:19'),
(211, 476, 1, '2023-11-28 01:54:26', NULL, NULL, NULL, 1, '2023-11-28 01:54:26', '2023-11-28 01:54:26'),
(212, 475, 1, '2023-11-28 01:54:37', NULL, NULL, NULL, 1, '2023-11-28 01:54:37', '2023-11-28 01:54:37'),
(213, 1210, 1, '2023-11-28 01:54:41', NULL, NULL, NULL, 1, '2023-11-28 01:54:41', '2023-11-28 01:54:41'),
(214, 561, 1, '2023-11-28 01:54:49', NULL, NULL, NULL, 1, '2023-11-28 01:54:49', '2023-11-28 01:54:49'),
(215, 562, 2, '2023-11-28 01:55:00', NULL, NULL, NULL, 1, '2023-11-28 01:55:00', '2023-11-28 01:55:00'),
(216, 478, 2, '2023-11-28 01:55:04', NULL, NULL, NULL, 1, '2023-11-28 01:55:04', '2023-11-28 01:55:04'),
(217, 564, 2, '2023-11-28 01:55:09', NULL, NULL, NULL, 1, '2023-11-28 01:55:09', '2023-11-28 01:55:09'),
(218, 1202, 1, '2023-11-28 01:55:12', NULL, NULL, NULL, 1, '2023-11-28 01:55:12', '2023-11-28 01:55:12'),
(219, 1218, 2, '2023-11-28 01:55:17', NULL, NULL, NULL, 1, '2023-11-28 01:55:17', '2023-11-28 01:55:17'),
(220, 1224, 2, '2023-11-28 01:55:25', NULL, NULL, NULL, 1, '2023-11-28 01:55:25', '2023-11-28 01:55:25'),
(221, 479, 1, '2023-11-28 01:55:32', NULL, NULL, NULL, 1, '2023-11-28 01:55:32', '2023-11-28 01:55:32'),
(222, 468, 1, '2023-11-28 01:55:46', NULL, NULL, NULL, 1, '2023-11-28 01:55:46', '2023-11-28 01:55:46'),
(223, 1221, 2, '2023-11-28 01:55:53', NULL, NULL, NULL, 1, '2023-11-28 01:55:53', '2023-11-28 01:55:53'),
(224, 481, 1, '2023-11-28 01:55:55', NULL, NULL, NULL, 1, '2023-11-28 01:55:55', '2023-11-28 01:55:55'),
(225, 565, 1, '2023-11-28 01:55:57', NULL, NULL, NULL, 1, '2023-11-28 01:55:57', '2023-11-28 01:55:57'),
(226, 567, 2, '2023-11-28 01:56:03', NULL, NULL, NULL, 1, '2023-11-28 01:56:03', '2023-11-28 01:56:03'),
(227, 1226, 2, '2023-11-28 01:56:10', NULL, NULL, NULL, 1, '2023-11-28 01:56:10', '2023-11-28 01:56:10'),
(228, 1231, 2, '2023-11-28 01:56:17', NULL, NULL, NULL, 1, '2023-11-28 01:56:17', '2023-11-28 01:56:17'),
(229, 480, 1, '2023-11-28 01:56:20', NULL, NULL, NULL, 1, '2023-11-28 01:56:20', '2023-11-28 01:56:20'),
(230, 569, 1, '2023-11-28 01:56:28', NULL, NULL, NULL, 1, '2023-11-28 01:56:28', '2023-11-28 01:56:28'),
(231, 1223, 1, '2023-11-28 01:56:28', NULL, NULL, NULL, 1, '2023-11-28 01:56:28', '2023-11-28 01:56:28'),
(232, 484, 1, '2023-11-28 01:56:38', NULL, NULL, NULL, 1, '2023-11-28 01:56:38', '2023-11-28 01:56:38'),
(233, 570, 2, '2023-11-28 01:56:40', NULL, NULL, NULL, 1, '2023-11-28 01:56:40', '2023-11-28 01:56:40'),
(234, 1219, 1, '2023-11-28 01:56:46', NULL, NULL, NULL, 1, '2023-11-28 01:56:46', '2023-11-28 01:56:46'),
(235, 571, 2, '2023-11-28 01:56:49', NULL, NULL, NULL, 1, '2023-11-28 01:56:49', '2023-11-28 01:56:49'),
(236, 573, 1, '2023-11-28 01:57:08', NULL, NULL, NULL, 1, '2023-11-28 01:57:08', '2023-11-28 01:57:08'),
(237, 572, 2, '2023-11-28 01:57:10', NULL, NULL, NULL, 1, '2023-11-28 01:57:10', '2023-11-28 01:57:10'),
(238, 1207, 1, '2023-11-28 01:57:18', NULL, NULL, NULL, 1, '2023-11-28 01:57:18', '2023-11-28 01:57:18'),
(239, 483, 2, '2023-11-28 01:57:23', NULL, NULL, NULL, 1, '2023-11-28 01:57:23', '2023-11-28 01:57:23'),
(240, 486, 1, '2023-11-28 01:57:25', NULL, NULL, NULL, 1, '2023-11-28 01:57:25', '2023-11-28 01:57:25'),
(241, 1227, 1, '2023-11-28 01:57:30', NULL, NULL, NULL, 1, '2023-11-28 01:57:30', '2023-11-28 01:57:30'),
(242, 1228, 2, '2023-11-28 01:57:31', NULL, NULL, NULL, 1, '2023-11-28 01:57:31', '2023-11-28 01:57:31'),
(243, 574, 2, '2023-11-28 01:57:50', NULL, NULL, NULL, 1, '2023-11-28 01:57:50', '2023-11-28 01:57:50'),
(244, 1213, 2, '2023-11-28 01:57:50', NULL, NULL, NULL, 1, '2023-11-28 01:57:50', '2023-11-28 01:57:50'),
(245, 488, 1, '2023-11-28 01:57:59', NULL, NULL, NULL, 1, '2023-11-28 01:57:59', '2023-11-28 01:57:59'),
(246, 575, 2, '2023-11-28 01:58:03', NULL, NULL, NULL, 1, '2023-11-28 01:58:03', '2023-11-28 01:58:03'),
(247, 576, 2, '2023-11-28 01:58:05', NULL, NULL, NULL, 1, '2023-11-28 01:58:05', '2023-11-28 01:58:05'),
(248, 1230, 1, '2023-11-28 01:58:12', NULL, NULL, NULL, 1, '2023-11-28 01:58:12', '2023-11-28 01:58:12'),
(249, 1212, 2, '2023-11-28 01:58:13', NULL, NULL, NULL, 1, '2023-11-28 01:58:13', '2023-11-28 01:58:13'),
(250, 485, 1, '2023-11-28 01:58:23', NULL, NULL, NULL, 1, '2023-11-28 01:58:23', '2023-11-28 01:58:23'),
(251, 577, 2, '2023-11-28 01:58:25', NULL, NULL, NULL, 1, '2023-11-28 01:58:25', '2023-11-28 01:58:25'),
(252, 1204, 1, '2023-11-28 01:58:28', NULL, NULL, NULL, 1, '2023-11-28 01:58:28', '2023-11-28 01:58:28'),
(253, 579, 2, '2023-11-28 01:58:50', NULL, NULL, NULL, 1, '2023-11-28 01:58:50', '2023-11-28 01:58:50'),
(254, 1229, 1, '2023-11-28 01:58:52', NULL, NULL, NULL, 1, '2023-11-28 01:58:52', '2023-11-28 01:58:52'),
(255, 489, 2, '2023-11-28 01:58:54', NULL, NULL, NULL, 1, '2023-11-28 01:58:54', '2023-11-28 01:58:54'),
(256, 580, 2, '2023-11-28 01:58:57', NULL, NULL, NULL, 1, '2023-11-28 01:58:57', '2023-11-28 01:58:57'),
(257, 1222, 1, '2023-11-28 01:59:02', NULL, NULL, NULL, 1, '2023-11-28 01:59:02', '2023-11-28 01:59:02'),
(258, 578, 1, '2023-11-28 01:59:05', NULL, NULL, NULL, 1, '2023-11-28 01:59:05', '2023-11-28 01:59:05'),
(259, 1225, 1, '2023-11-28 01:59:05', NULL, NULL, NULL, 1, '2023-11-28 01:59:05', '2023-11-28 01:59:05'),
(260, 581, 2, '2023-11-28 01:59:11', NULL, NULL, NULL, 1, '2023-11-28 01:59:11', '2023-11-28 01:59:11'),
(261, 1208, 1, '2023-11-28 01:59:19', NULL, NULL, NULL, 1, '2023-11-28 01:59:19', '2023-11-28 01:59:19'),
(262, 1217, 1, '2023-11-28 01:59:34', NULL, NULL, NULL, 1, '2023-11-28 01:59:34', '2023-11-28 01:59:34'),
(263, 582, 2, '2023-11-28 01:59:35', NULL, NULL, NULL, 1, '2023-11-28 01:59:35', '2023-11-28 01:59:35'),
(264, 1215, 1, '2023-11-28 01:59:41', NULL, NULL, NULL, 1, '2023-11-28 01:59:41', '2023-11-28 01:59:41'),
(265, 584, 2, '2023-11-28 01:59:48', NULL, NULL, NULL, 1, '2023-11-28 01:59:48', '2023-11-28 01:59:48'),
(266, 1216, 1, '2023-11-28 02:00:10', NULL, NULL, NULL, 1, '2023-11-28 02:00:10', '2023-11-28 02:00:10'),
(267, 492, 1, '2023-11-28 02:00:10', NULL, NULL, NULL, 1, '2023-11-28 02:00:10', '2023-11-28 02:00:10'),
(268, 494, 1, '2023-11-28 02:00:10', NULL, NULL, NULL, 1, '2023-11-28 02:00:10', '2023-11-28 02:00:10'),
(269, 1214, 1, '2023-11-28 02:00:25', NULL, NULL, NULL, 1, '2023-11-28 02:00:25', '2023-11-28 02:00:25'),
(270, 490, 1, '2023-11-28 02:00:28', NULL, NULL, NULL, 1, '2023-11-28 02:00:28', '2023-11-28 02:00:28'),
(271, 585, 2, '2023-11-28 02:00:30', NULL, NULL, NULL, 1, '2023-11-28 02:00:30', '2023-11-28 02:00:30'),
(272, 586, 2, '2023-11-28 02:00:32', NULL, NULL, NULL, 1, '2023-11-28 02:00:32', '2023-11-28 02:00:32'),
(273, 587, 2, '2023-11-28 02:00:41', NULL, NULL, NULL, 1, '2023-11-28 02:00:41', '2023-11-28 02:00:41'),
(274, 1211, 1, '2023-11-28 02:00:58', NULL, NULL, NULL, 1, '2023-11-28 02:00:58', '2023-11-28 02:00:58'),
(275, 588, 2, '2023-11-28 02:01:01', NULL, NULL, NULL, 1, '2023-11-28 02:01:01', '2023-11-28 02:01:01'),
(276, 1209, 1, '2023-11-28 02:01:07', NULL, NULL, NULL, 1, '2023-11-28 02:01:07', '2023-11-28 02:01:07'),
(277, 495, 1, '2023-11-28 02:01:21', NULL, NULL, NULL, 1, '2023-11-28 02:01:21', '2023-11-28 02:01:21'),
(278, 496, 1, '2023-11-28 02:01:38', NULL, NULL, NULL, 1, '2023-11-28 02:01:38', '2023-11-28 02:01:38'),
(279, 491, 1, '2023-11-28 02:02:42', NULL, NULL, NULL, 1, '2023-11-28 02:02:42', '2023-11-28 02:02:42'),
(280, 526, 2, '2023-11-28 02:03:54', NULL, NULL, NULL, 1, '2023-11-28 02:03:54', '2023-11-28 02:03:54'),
(281, 527, 1, '2023-11-28 02:03:59', NULL, NULL, NULL, 1, '2023-11-28 02:03:59', '2023-11-28 02:03:59'),
(282, 13, 1, '2023-11-28 02:04:17', NULL, NULL, NULL, 1, '2023-11-28 02:04:17', '2023-11-28 02:04:17'),
(283, 529, 2, '2023-11-28 02:05:09', NULL, NULL, NULL, 1, '2023-11-28 02:05:09', '2023-11-28 02:05:09'),
(284, 531, 1, '2023-11-28 02:05:10', NULL, NULL, NULL, 1, '2023-11-28 02:05:10', '2023-11-28 02:05:10'),
(285, 530, 2, '2023-11-28 02:05:11', NULL, NULL, NULL, 1, '2023-11-28 02:05:11', '2023-11-28 02:05:11'),
(286, 33, 1, '2023-11-28 02:05:12', NULL, NULL, NULL, 1, '2023-11-28 02:05:12', '2023-11-28 02:05:12'),
(287, 532, 2, '2023-11-28 02:05:18', NULL, NULL, NULL, 1, '2023-11-28 02:05:18', '2023-11-28 02:05:18'),
(288, 8, 1, '2023-11-28 02:05:55', NULL, NULL, NULL, 1, '2023-11-28 02:05:55', '2023-11-28 02:05:55'),
(289, 369, 1, '2023-11-28 02:06:09', NULL, NULL, NULL, 1, '2023-11-28 02:06:09', '2023-11-28 02:06:09'),
(290, 534, 2, '2023-11-28 02:06:19', NULL, NULL, NULL, 1, '2023-11-28 02:06:19', '2023-11-28 02:06:19'),
(291, 535, 1, '2023-11-28 02:06:25', NULL, NULL, NULL, 1, '2023-11-28 02:06:25', '2023-11-28 02:06:25'),
(292, 11, 1, '2023-11-28 02:06:29', NULL, NULL, NULL, 1, '2023-11-28 02:06:29', '2023-11-28 02:06:29'),
(293, 533, 2, '2023-11-28 02:06:34', NULL, NULL, NULL, 1, '2023-11-28 02:06:34', '2023-11-28 02:06:34'),
(294, 536, 2, '2023-11-28 02:06:36', NULL, NULL, NULL, 1, '2023-11-28 02:06:36', '2023-11-28 02:06:36'),
(295, 372, 1, '2023-11-28 02:06:37', NULL, NULL, NULL, 1, '2023-11-28 02:06:37', '2023-11-28 02:06:37'),
(296, 374, 1, '2023-11-28 02:06:40', NULL, NULL, NULL, 1, '2023-11-28 02:06:40', '2023-11-28 02:06:40'),
(297, 370, 1, '2023-11-28 02:06:43', NULL, NULL, NULL, 1, '2023-11-28 02:06:43', '2023-11-28 02:06:43'),
(298, 537, 2, '2023-11-28 02:07:04', NULL, NULL, NULL, 1, '2023-11-28 02:07:04', '2023-11-28 02:07:04'),
(299, 1, 1, '2023-11-28 02:07:06', NULL, NULL, NULL, 1, '2023-11-28 02:07:06', '2023-11-28 02:07:06'),
(300, 2, 1, '2023-11-28 02:07:10', NULL, NULL, NULL, 1, '2023-11-28 02:07:10', '2023-11-28 02:07:10'),
(301, 538, 2, '2023-11-28 02:07:10', NULL, NULL, NULL, 1, '2023-11-28 02:07:10', '2023-11-28 02:07:10'),
(302, 373, 1, '2023-11-28 02:07:18', NULL, NULL, NULL, 1, '2023-11-28 02:07:18', '2023-11-28 02:07:18'),
(303, 539, 1, '2023-11-28 02:07:30', NULL, NULL, NULL, 1, '2023-11-28 02:07:30', '2023-11-28 02:07:30'),
(304, 375, 1, '2023-11-28 02:07:44', NULL, NULL, NULL, 1, '2023-11-28 02:07:44', '2023-11-28 02:07:44'),
(305, 368, 1, '2023-11-28 02:07:47', NULL, NULL, NULL, 1, '2023-11-28 02:07:47', '2023-11-28 02:07:47'),
(306, 377, 1, '2023-11-28 02:07:49', NULL, NULL, NULL, 1, '2023-11-28 02:07:49', '2023-11-28 02:07:49'),
(307, 528, 2, '2023-11-28 02:08:12', NULL, NULL, NULL, 1, '2023-11-28 02:08:12', '2023-11-28 02:08:12'),
(308, 542, 2, '2023-11-28 02:08:19', NULL, NULL, NULL, 1, '2023-11-28 02:08:19', '2023-11-28 02:08:19'),
(309, 379, 1, '2023-11-28 02:08:31', NULL, NULL, NULL, 1, '2023-11-28 02:08:31', '2023-11-28 02:08:31'),
(310, 5, 1, '2023-11-28 02:08:33', NULL, NULL, NULL, 1, '2023-11-28 02:08:33', '2023-11-28 02:08:33'),
(311, 378, 2, '2023-11-28 02:08:37', NULL, NULL, NULL, 1, '2023-11-28 02:08:37', '2023-11-28 02:08:37'),
(312, 4, 1, '2023-11-28 02:08:40', NULL, NULL, NULL, 1, '2023-11-28 02:08:40', '2023-11-28 02:08:40'),
(313, 543, 1, '2023-11-28 02:08:54', NULL, NULL, NULL, 1, '2023-11-28 02:08:54', '2023-11-28 02:08:54'),
(314, 380, 1, '2023-11-28 02:08:56', NULL, NULL, NULL, 1, '2023-11-28 02:08:56', '2023-11-28 02:08:56'),
(315, 545, 2, '2023-11-28 02:08:57', NULL, NULL, NULL, 1, '2023-11-28 02:08:57', '2023-11-28 02:08:57'),
(316, 544, 2, '2023-11-28 02:08:58', NULL, NULL, NULL, 1, '2023-11-28 02:08:58', '2023-11-28 02:08:58'),
(317, 383, 1, '2023-11-28 02:09:10', NULL, NULL, NULL, 1, '2023-11-28 02:09:10', '2023-11-28 02:09:10'),
(318, 6, 1, '2023-11-28 02:09:11', NULL, NULL, NULL, 1, '2023-11-28 02:09:11', '2023-11-28 02:09:11'),
(319, 546, 1, '2023-11-28 02:09:15', NULL, NULL, NULL, 1, '2023-11-28 02:09:15', '2023-11-28 02:09:15'),
(320, 382, 1, '2023-11-28 02:09:34', NULL, NULL, NULL, 1, '2023-11-28 02:09:34', '2023-11-28 02:09:34'),
(321, 547, 2, '2023-11-28 02:09:39', NULL, NULL, NULL, 1, '2023-11-28 02:09:39', '2023-11-28 02:09:39'),
(322, 9, 1, '2023-11-28 02:09:46', NULL, NULL, NULL, 1, '2023-11-28 02:09:46', '2023-11-28 02:09:46'),
(323, 384, 1, '2023-11-28 02:09:54', NULL, NULL, NULL, 1, '2023-11-28 02:09:54', '2023-11-28 02:09:54'),
(324, 548, 1, '2023-11-28 02:09:55', NULL, NULL, NULL, 1, '2023-11-28 02:09:55', '2023-11-28 02:09:55'),
(325, 550, 2, '2023-11-28 02:10:11', NULL, NULL, NULL, 1, '2023-11-28 02:10:11', '2023-11-28 02:10:11'),
(326, 549, 1, '2023-11-28 02:10:14', NULL, NULL, NULL, 1, '2023-11-28 02:10:14', '2023-11-28 02:10:14'),
(327, 540, 2, '2023-11-28 02:10:30', NULL, NULL, NULL, 1, '2023-11-28 02:10:30', '2023-11-28 02:10:30'),
(328, 10, 1, '2023-11-28 02:10:32', NULL, NULL, NULL, 1, '2023-11-28 02:10:32', '2023-11-28 02:10:32'),
(329, 551, 2, '2023-11-28 02:10:35', NULL, NULL, NULL, 1, '2023-11-28 02:10:35', '2023-11-28 02:10:35'),
(330, 388, 1, '2023-11-28 02:10:37', NULL, NULL, NULL, 1, '2023-11-28 02:10:37', '2023-11-28 02:10:37'),
(331, 552, 2, '2023-11-28 02:10:47', NULL, NULL, NULL, 1, '2023-11-28 02:10:47', '2023-11-28 02:10:47'),
(332, 386, 1, '2023-11-28 02:10:49', NULL, NULL, NULL, 1, '2023-11-28 02:10:49', '2023-11-28 02:10:49'),
(333, 387, 1, '2023-11-28 02:10:58', NULL, NULL, NULL, 1, '2023-11-28 02:10:58', '2023-11-28 02:10:58'),
(334, 389, 1, '2023-11-28 02:11:12', NULL, NULL, NULL, 1, '2023-11-28 02:11:12', '2023-11-28 02:11:12'),
(335, 553, 2, '2023-11-28 02:11:28', NULL, NULL, NULL, 1, '2023-11-28 02:11:28', '2023-11-28 02:11:28'),
(336, 554, 2, '2023-11-28 02:11:29', NULL, NULL, NULL, 1, '2023-11-28 02:11:29', '2023-11-28 02:11:29'),
(337, 556, 2, '2023-11-28 02:11:32', NULL, NULL, NULL, 1, '2023-11-28 02:11:32', '2023-11-28 02:11:32'),
(338, 390, 1, '2023-11-28 02:11:36', NULL, NULL, NULL, 1, '2023-11-28 02:11:36', '2023-11-28 02:11:36'),
(339, 392, 1, '2023-11-28 02:11:37', NULL, NULL, NULL, 1, '2023-11-28 02:11:37', '2023-11-28 02:11:37'),
(340, 555, 2, '2023-11-28 02:11:49', NULL, NULL, NULL, 1, '2023-11-28 02:11:49', '2023-11-28 02:11:49'),
(341, 3, 1, '2023-11-28 02:11:55', NULL, NULL, NULL, 1, '2023-11-28 02:11:55', '2023-11-28 02:11:55'),
(342, 398, 2, '2023-11-28 02:12:01', NULL, NULL, NULL, 1, '2023-11-28 02:12:01', '2023-11-28 02:12:01'),
(343, 557, 2, '2023-11-28 02:12:25', NULL, NULL, NULL, 1, '2023-11-28 02:12:25', '2023-11-28 02:12:25'),
(344, 391, 1, '2023-11-28 02:12:25', NULL, NULL, NULL, 1, '2023-11-28 02:12:25', '2023-11-28 02:12:25'),
(345, 558, 2, '2023-11-28 02:12:27', NULL, NULL, NULL, 1, '2023-11-28 02:12:27', '2023-11-28 02:12:27'),
(346, 559, 1, '2023-11-28 02:12:33', NULL, NULL, NULL, 1, '2023-11-28 02:12:33', '2023-11-28 02:12:33'),
(347, 394, 2, '2023-11-28 02:12:33', NULL, NULL, NULL, 1, '2023-11-28 02:12:33', '2023-11-28 02:12:33'),
(348, 7, 1, '2023-11-28 02:12:57', NULL, NULL, NULL, 1, '2023-11-28 02:12:57', '2023-11-28 02:12:57'),
(349, 395, 1, '2023-11-28 02:12:58', NULL, NULL, NULL, 1, '2023-11-28 02:12:58', '2023-11-28 02:12:58'),
(350, 560, 1, '2023-11-28 02:12:59', NULL, NULL, NULL, 1, '2023-11-28 02:12:59', '2023-11-28 02:12:59'),
(351, 396, 1, '2023-11-28 02:13:01', NULL, NULL, NULL, 1, '2023-11-28 02:13:01', '2023-11-28 02:13:01'),
(352, 14, 1, '2023-11-28 02:13:29', NULL, NULL, NULL, 1, '2023-11-28 02:13:29', '2023-11-28 02:13:29'),
(353, 15, 1, '2023-11-28 02:13:59', NULL, NULL, NULL, 1, '2023-11-28 02:13:59', '2023-11-28 02:13:59'),
(354, 397, 1, '2023-11-28 02:14:25', NULL, NULL, NULL, 1, '2023-11-28 02:14:25', '2023-11-28 02:14:25'),
(355, 12, 1, '2023-11-28 02:14:30', NULL, NULL, NULL, 1, '2023-11-28 02:14:30', '2023-11-28 02:14:30'),
(356, 17, 1, '2023-11-28 02:16:23', NULL, NULL, NULL, 1, '2023-11-28 02:16:23', '2023-11-28 02:16:23'),
(357, 1190, 1, '2023-11-28 02:16:49', NULL, NULL, NULL, 1, '2023-11-28 02:16:49', '2023-11-28 02:16:49'),
(358, 16, 1, '2023-11-28 02:16:50', NULL, NULL, NULL, 1, '2023-11-28 02:16:50', '2023-11-28 02:16:50'),
(359, 1107, 1, '2023-11-28 02:17:30', NULL, NULL, NULL, 1, '2023-11-28 02:17:30', '2023-11-28 02:17:30'),
(360, 1195, 1, '2023-11-28 02:17:35', NULL, NULL, NULL, 1, '2023-11-28 02:17:35', '2023-11-28 02:17:35'),
(361, 1117, 2, '2023-11-28 02:17:46', NULL, NULL, NULL, 1, '2023-11-28 02:17:46', '2023-11-28 02:17:46'),
(362, 1108, 2, '2023-11-28 02:18:54', NULL, NULL, NULL, 1, '2023-11-28 02:18:54', '2023-11-28 02:18:54'),
(363, 1114, 2, '2023-11-28 02:19:00', NULL, NULL, NULL, 1, '2023-11-28 02:19:00', '2023-11-28 02:19:00'),
(364, 1122, 2, '2023-11-28 02:19:13', NULL, NULL, NULL, 1, '2023-11-28 02:19:13', '2023-11-28 02:19:13'),
(365, 1121, 2, '2023-11-28 02:19:42', NULL, NULL, NULL, 1, '2023-11-28 02:19:42', '2023-11-28 02:19:42'),
(366, 1105, 1, '2023-11-28 02:20:11', NULL, NULL, NULL, 1, '2023-11-28 02:20:11', '2023-11-28 02:20:11'),
(367, 1116, 1, '2023-11-28 02:20:20', NULL, NULL, NULL, 1, '2023-11-28 02:20:20', '2023-11-28 02:20:20'),
(368, 1102, 2, '2023-11-28 02:20:43', NULL, NULL, NULL, 1, '2023-11-28 02:20:43', '2023-11-28 02:20:43'),
(369, 1134, 1, '2023-11-28 02:23:36', NULL, NULL, NULL, 1, '2023-11-28 02:23:36', '2023-11-28 02:23:36'),
(370, 1123, 2, '2023-11-28 02:23:38', NULL, NULL, NULL, 1, '2023-11-28 02:23:38', '2023-11-28 02:23:38'),
(371, 1143, 2, '2023-11-28 02:24:23', NULL, NULL, NULL, 1, '2023-11-28 02:24:23', '2023-11-28 02:24:23'),
(372, 1140, 2, '2023-11-28 02:24:36', NULL, NULL, NULL, 1, '2023-11-28 02:24:36', '2023-11-28 02:24:36'),
(373, 1071, 1, '2023-11-28 02:24:58', NULL, NULL, NULL, 1, '2023-11-28 02:24:58', '2023-11-28 02:24:58'),
(374, 1131, 2, '2023-11-28 02:25:01', NULL, NULL, NULL, 1, '2023-11-28 02:25:01', '2023-11-28 02:25:01'),
(375, 1145, 2, '2023-11-28 02:25:07', NULL, NULL, NULL, 1, '2023-11-28 02:25:07', '2023-11-28 02:25:07'),
(376, 712, 1, '2023-11-28 02:25:09', NULL, NULL, NULL, 1, '2023-11-28 02:25:09', '2023-11-28 02:25:09'),
(377, 1129, 2, '2023-11-28 02:25:16', NULL, NULL, NULL, 1, '2023-11-28 02:25:16', '2023-11-28 02:25:16'),
(378, 1065, 2, '2023-11-28 02:25:21', NULL, NULL, NULL, 1, '2023-11-28 02:25:21', '2023-11-28 02:25:21'),
(379, 714, 1, '2023-11-28 02:25:22', NULL, NULL, NULL, 1, '2023-11-28 02:25:22', '2023-11-28 02:25:22'),
(380, 1136, 1, '2023-11-28 02:25:24', NULL, NULL, NULL, 1, '2023-11-28 02:25:24', '2023-11-28 02:25:24'),
(381, 711, 2, '2023-11-28 02:25:38', NULL, NULL, NULL, 1, '2023-11-28 02:25:38', '2023-11-28 02:25:38'),
(382, 710, 2, '2023-11-28 02:25:38', NULL, NULL, NULL, 1, '2023-11-28 02:25:38', '2023-11-28 02:25:38'),
(383, 1144, 2, '2023-11-28 02:25:44', NULL, NULL, NULL, 1, '2023-11-28 02:25:44', '2023-11-28 02:25:44'),
(384, 1055, 1, '2023-11-28 02:25:45', NULL, NULL, NULL, 1, '2023-11-28 02:25:45', '2023-11-28 02:25:45'),
(385, 1130, 1, '2023-11-28 02:26:03', NULL, NULL, NULL, 1, '2023-11-28 02:26:03', '2023-11-28 02:26:03'),
(386, 1064, 2, '2023-11-28 02:26:18', NULL, NULL, NULL, 1, '2023-11-28 02:26:18', '2023-11-28 02:26:18'),
(387, 1125, 1, '2023-11-28 02:26:19', NULL, NULL, NULL, 1, '2023-11-28 02:26:19', '2023-11-28 02:26:19'),
(388, 716, 1, '2023-11-28 02:26:26', NULL, NULL, NULL, 1, '2023-11-28 02:26:26', '2023-11-28 02:26:26'),
(389, 1141, 2, '2023-11-28 02:26:33', NULL, NULL, NULL, 1, '2023-11-28 02:26:33', '2023-11-28 02:26:33'),
(390, 1126, 2, '2023-11-28 02:26:36', NULL, NULL, NULL, 1, '2023-11-28 02:26:36', '2023-11-28 02:26:36'),
(391, 717, 1, '2023-11-28 02:26:43', NULL, NULL, NULL, 1, '2023-11-28 02:26:43', '2023-11-28 02:26:43'),
(392, 718, 2, '2023-11-28 02:26:47', NULL, NULL, NULL, 1, '2023-11-28 02:26:47', '2023-11-28 02:26:47'),
(393, 1059, 2, '2023-11-28 02:26:47', NULL, NULL, NULL, 1, '2023-11-28 02:26:47', '2023-11-28 02:26:47'),
(394, 1128, 1, '2023-11-28 02:26:59', NULL, NULL, NULL, 1, '2023-11-28 02:26:59', '2023-11-28 02:26:59'),
(395, 1058, 2, '2023-11-28 02:27:10', NULL, NULL, NULL, 1, '2023-11-28 02:27:10', '2023-11-28 02:27:10'),
(396, 1132, 1, '2023-11-28 02:27:25', NULL, NULL, NULL, 1, '2023-11-28 02:27:25', '2023-11-28 02:27:25'),
(397, 1061, 2, '2023-11-28 02:27:31', NULL, NULL, NULL, 1, '2023-11-28 02:27:31', '2023-11-28 02:27:31'),
(398, 720, 1, '2023-11-28 02:27:36', NULL, NULL, NULL, 1, '2023-11-28 02:27:36', '2023-11-28 02:27:36'),
(399, 722, 2, '2023-11-28 02:27:42', NULL, NULL, NULL, 1, '2023-11-28 02:27:42', '2023-11-28 02:27:42'),
(400, 721, 1, '2023-11-28 02:27:50', NULL, NULL, NULL, 1, '2023-11-28 02:27:50', '2023-11-28 02:27:50'),
(401, 723, 1, '2023-11-28 02:27:55', NULL, NULL, NULL, 1, '2023-11-28 02:27:55', '2023-11-28 02:27:55'),
(402, 1142, 2, '2023-11-28 02:28:11', NULL, NULL, NULL, 1, '2023-11-28 02:28:11', '2023-11-28 02:28:11'),
(403, 724, 1, '2023-11-28 02:28:40', NULL, NULL, NULL, 1, '2023-11-28 02:28:40', '2023-11-28 02:28:40'),
(404, 726, 1, '2023-11-28 02:28:43', NULL, NULL, NULL, 1, '2023-11-28 02:28:43', '2023-11-28 02:28:43'),
(405, 727, 1, '2023-11-28 02:28:43', NULL, NULL, NULL, 1, '2023-11-28 02:28:43', '2023-11-28 02:28:43'),
(406, 1073, 2, '2023-11-28 02:28:54', NULL, NULL, NULL, 1, '2023-11-28 02:28:54', '2023-11-28 02:28:54'),
(407, 1074, 2, '2023-11-28 02:29:04', NULL, NULL, NULL, 1, '2023-11-28 02:29:04', '2023-11-28 02:29:04'),
(408, 728, 1, '2023-11-28 02:29:05', NULL, NULL, NULL, 1, '2023-11-28 02:29:05', '2023-11-28 02:29:05'),
(409, 729, 2, '2023-11-28 02:29:31', NULL, NULL, NULL, 1, '2023-11-28 02:29:31', '2023-11-28 02:29:31'),
(410, 1072, 1, '2023-11-28 02:29:37', NULL, NULL, NULL, 1, '2023-11-28 02:29:37', '2023-11-28 02:29:37'),
(411, 1076, 2, '2023-11-28 02:29:56', NULL, NULL, NULL, 1, '2023-11-28 02:29:56', '2023-11-28 02:29:56'),
(412, 105, 1, '2023-11-28 02:30:44', NULL, NULL, NULL, 1, '2023-11-28 02:30:44', '2023-11-28 02:30:44'),
(413, 1062, 1, '2023-11-28 02:30:52', NULL, NULL, NULL, 1, '2023-11-28 02:30:52', '2023-11-28 02:30:52'),
(414, 125, 1, '2023-11-28 02:30:54', NULL, NULL, NULL, 1, '2023-11-28 02:30:54', '2023-11-28 02:30:54'),
(415, 110, 1, '2023-11-28 02:30:57', NULL, NULL, NULL, 1, '2023-11-28 02:30:57', '2023-11-28 02:30:57'),
(416, 1069, 1, '2023-11-28 02:31:34', NULL, NULL, NULL, 1, '2023-11-28 02:31:34', '2023-11-28 02:31:34'),
(417, 709, 2, '2023-11-28 02:32:02', NULL, NULL, NULL, 1, '2023-11-28 02:32:02', '2023-11-28 02:32:02'),
(418, 1060, 1, '2023-11-28 02:33:10', NULL, NULL, NULL, 1, '2023-11-28 02:33:10', '2023-11-28 02:33:10'),
(419, 1067, 1, '2023-11-28 02:33:16', NULL, NULL, NULL, 1, '2023-11-28 02:33:16', '2023-11-28 02:33:16'),
(420, 100, 1, '2023-11-28 02:33:47', NULL, NULL, NULL, 1, '2023-11-28 02:33:47', '2023-11-28 02:33:47'),
(421, 68, 1, '2023-11-28 02:34:25', NULL, NULL, NULL, 1, '2023-11-28 02:34:25', '2023-11-28 02:34:25'),
(422, 103, 1, '2023-11-28 02:34:31', NULL, NULL, NULL, 1, '2023-11-28 02:34:31', '2023-11-28 02:34:31'),
(423, 1070, 1, '2023-11-28 02:35:00', NULL, NULL, NULL, 1, '2023-11-28 02:35:00', '2023-11-28 02:35:00'),
(424, 78, 1, '2023-11-28 02:35:51', NULL, NULL, NULL, 1, '2023-11-28 02:35:51', '2023-11-28 02:35:51'),
(425, 80, 1, '2023-11-28 02:35:54', NULL, NULL, NULL, 1, '2023-11-28 02:35:54', '2023-11-28 02:35:54'),
(426, 75, 1, '2023-11-28 02:36:02', NULL, NULL, NULL, 1, '2023-11-28 02:36:02', '2023-11-28 02:36:02'),
(427, 647, 1, '2023-11-28 02:36:09', NULL, NULL, NULL, 1, '2023-11-28 02:36:09', '2023-11-28 02:36:09'),
(428, 1066, 1, '2023-11-28 02:36:10', NULL, NULL, NULL, 1, '2023-11-28 02:36:10', '2023-11-28 02:36:10'),
(429, 1056, 1, '2023-11-28 02:36:23', NULL, NULL, NULL, 1, '2023-11-28 02:36:23', '2023-11-28 02:36:23'),
(430, 651, 1, '2023-11-28 02:36:24', NULL, NULL, NULL, 1, '2023-11-28 02:36:24', '2023-11-28 02:36:24'),
(431, 106, 1, '2023-11-28 02:36:24', NULL, NULL, NULL, 1, '2023-11-28 02:36:24', '2023-11-28 02:36:24'),
(432, 662, 1, '2023-11-28 02:36:29', NULL, NULL, NULL, 1, '2023-11-28 02:36:29', '2023-11-28 02:36:29'),
(433, 654, 1, '2023-11-28 02:36:53', NULL, NULL, NULL, 1, '2023-11-28 02:36:53', '2023-11-28 02:36:53'),
(434, 74, 2, '2023-11-28 02:36:57', NULL, NULL, NULL, 1, '2023-11-28 02:36:57', '2023-11-28 02:36:57'),
(435, 674, 1, '2023-11-28 02:37:06', NULL, NULL, NULL, 1, '2023-11-28 02:37:06', '2023-11-28 02:37:06'),
(436, 675, 1, '2023-11-28 02:37:10', NULL, NULL, NULL, 1, '2023-11-28 02:37:10', '2023-11-28 02:37:10'),
(437, 111, 1, '2023-11-28 02:37:14', NULL, NULL, NULL, 1, '2023-11-28 02:37:14', '2023-11-28 02:37:14'),
(438, 1068, 1, '2023-11-28 02:37:23', NULL, NULL, NULL, 1, '2023-11-28 02:37:23', '2023-11-28 02:37:23'),
(439, 672, 1, '2023-11-28 02:37:29', NULL, NULL, NULL, 1, '2023-11-28 02:37:29', '2023-11-28 02:37:29'),
(440, 99, 1, '2023-11-28 02:37:33', NULL, NULL, NULL, 1, '2023-11-28 02:37:33', '2023-11-28 02:37:33'),
(441, 127, 1, '2023-11-28 02:37:34', NULL, NULL, NULL, 1, '2023-11-28 02:37:34', '2023-11-28 02:37:34'),
(442, 673, 1, '2023-11-28 02:37:42', NULL, NULL, NULL, 1, '2023-11-28 02:37:42', '2023-11-28 02:37:42'),
(443, 649, 1, '2023-11-28 02:38:08', NULL, NULL, NULL, 1, '2023-11-28 02:38:08', '2023-11-28 02:38:08'),
(444, 126, 1, '2023-11-28 02:38:15', NULL, NULL, NULL, 1, '2023-11-28 02:38:15', '2023-11-28 02:38:15'),
(445, 130, 1, '2023-11-28 02:38:15', NULL, NULL, NULL, 1, '2023-11-28 02:38:15', '2023-11-28 02:38:15'),
(446, 1057, 1, '2023-11-28 02:38:24', NULL, NULL, NULL, 1, '2023-11-28 02:38:24', '2023-11-28 02:38:24'),
(447, 653, 1, '2023-11-28 02:38:31', NULL, NULL, NULL, 1, '2023-11-28 02:38:31', '2023-11-28 02:38:31'),
(448, 667, 1, '2023-11-28 02:38:37', NULL, NULL, NULL, 1, '2023-11-28 02:38:37', '2023-11-28 02:38:37'),
(449, 97, 1, '2023-11-28 02:38:43', NULL, NULL, NULL, 1, '2023-11-28 02:38:43', '2023-11-28 02:38:43'),
(450, 657, 2, '2023-11-28 02:39:03', NULL, NULL, NULL, 1, '2023-11-28 02:39:03', '2023-11-28 02:39:03'),
(451, 1082, 1, '2023-11-28 02:39:06', NULL, NULL, NULL, 1, '2023-11-28 02:39:06', '2023-11-28 02:39:06'),
(452, 669, 2, '2023-11-28 02:39:11', NULL, NULL, NULL, 1, '2023-11-28 02:39:11', '2023-11-28 02:39:11'),
(453, 1080, 1, '2023-11-28 02:39:18', NULL, NULL, NULL, 1, '2023-11-28 02:39:18', '2023-11-28 02:39:18'),
(454, 1078, 2, '2023-11-28 02:39:20', NULL, NULL, NULL, 1, '2023-11-28 02:39:20', '2023-11-28 02:39:20'),
(455, 656, 1, '2023-11-28 02:39:41', NULL, NULL, NULL, 1, '2023-11-28 02:39:41', '2023-11-28 02:39:41'),
(456, 112, 2, '2023-11-28 02:39:43', NULL, NULL, NULL, 1, '2023-11-28 02:39:43', '2023-11-28 02:39:43'),
(457, 79, 1, '2023-11-28 02:39:45', NULL, NULL, NULL, 1, '2023-11-28 02:39:45', '2023-11-28 02:39:45'),
(458, 668, 1, '2023-11-28 02:39:47', NULL, NULL, NULL, 1, '2023-11-28 02:39:47', '2023-11-28 02:39:47'),
(459, 86, 2, '2023-11-28 02:39:58', NULL, NULL, NULL, 1, '2023-11-28 02:39:58', '2023-11-28 02:39:58'),
(460, 1084, 2, '2023-11-28 02:40:01', NULL, NULL, NULL, 1, '2023-11-28 02:40:01', '2023-11-28 02:40:01'),
(461, 648, 1, '2023-11-28 02:40:14', NULL, NULL, NULL, 1, '2023-11-28 02:40:14', '2023-11-28 02:40:14'),
(462, 648, 1, '2023-11-28 02:40:14', NULL, NULL, NULL, 1, '2023-11-28 02:40:14', '2023-11-28 02:40:14'),
(463, 661, 1, '2023-11-28 02:40:29', NULL, NULL, NULL, 1, '2023-11-28 02:40:29', '2023-11-28 02:40:29'),
(464, 670, 1, '2023-11-28 02:40:30', NULL, NULL, NULL, 1, '2023-11-28 02:40:30', '2023-11-28 02:40:30'),
(465, 1079, 1, '2023-11-28 02:40:31', NULL, NULL, NULL, 1, '2023-11-28 02:40:31', '2023-11-28 02:40:31'),
(466, 128, 1, '2023-11-28 02:40:36', NULL, NULL, NULL, 1, '2023-11-28 02:40:36', '2023-11-28 02:40:36'),
(467, 98, 1, '2023-11-28 02:40:39', NULL, NULL, NULL, 1, '2023-11-28 02:40:39', '2023-11-28 02:40:39'),
(468, 88, 1, '2023-11-28 02:40:42', NULL, NULL, NULL, 1, '2023-11-28 02:40:42', '2023-11-28 02:40:42'),
(469, 663, 1, '2023-11-28 02:40:55', NULL, NULL, NULL, 1, '2023-11-28 02:40:55', '2023-11-28 02:40:55'),
(470, 1083, 1, '2023-11-28 02:40:58', NULL, NULL, NULL, 1, '2023-11-28 02:40:58', '2023-11-28 02:40:58'),
(471, 660, 1, '2023-11-28 02:40:58', NULL, NULL, NULL, 1, '2023-11-28 02:40:58', '2023-11-28 02:40:58'),
(472, 89, 1, '2023-11-28 02:41:24', NULL, NULL, NULL, 1, '2023-11-28 02:41:24', '2023-11-28 02:41:24'),
(473, 87, 1, '2023-11-28 02:41:25', NULL, NULL, NULL, 1, '2023-11-28 02:41:25', '2023-11-28 02:41:25'),
(474, 91, 1, '2023-11-28 02:41:27', NULL, NULL, NULL, 1, '2023-11-28 02:41:27', '2023-11-28 02:41:27'),
(475, 659, 1, '2023-11-28 02:41:29', NULL, NULL, NULL, 1, '2023-11-28 02:41:29', '2023-11-28 02:41:29'),
(476, 658, 1, '2023-11-28 02:41:46', NULL, NULL, NULL, 1, '2023-11-28 02:41:46', '2023-11-28 02:41:46'),
(477, 652, 1, '2023-11-28 02:41:49', NULL, NULL, NULL, 1, '2023-11-28 02:41:49', '2023-11-28 02:41:49'),
(478, 83, 2, '2023-11-28 02:41:56', NULL, NULL, NULL, 1, '2023-11-28 02:41:56', '2023-11-28 02:41:56'),
(479, 650, 2, '2023-11-28 02:42:08', NULL, NULL, NULL, 1, '2023-11-28 02:42:08', '2023-11-28 02:42:08'),
(480, 122, 1, '2023-11-28 02:42:12', NULL, NULL, NULL, 1, '2023-11-28 02:42:12', '2023-11-28 02:42:12'),
(481, 655, 1, '2023-11-28 02:42:21', NULL, NULL, NULL, 1, '2023-11-28 02:42:21', '2023-11-28 02:42:21'),
(482, 664, 1, '2023-11-28 02:42:28', NULL, NULL, NULL, 1, '2023-11-28 02:42:28', '2023-11-28 02:42:28'),
(483, 618, 1, '2023-11-28 02:42:40', NULL, NULL, NULL, 1, '2023-11-28 02:42:40', '2023-11-28 02:42:40'),
(484, 69, 1, '2023-11-28 02:42:42', NULL, NULL, NULL, 1, '2023-11-28 02:42:42', '2023-11-28 02:42:42');
INSERT INTO `pemilihan` (`id_pemilihan`, `id_peserta`, `id_kandidat`, `waktu`, `longtitude`, `latitude`, `mac`, `status`, `created_at`, `updated_at`) VALUES
(485, 70, 1, '2023-11-28 02:42:57', NULL, NULL, NULL, 1, '2023-11-28 02:42:57', '2023-11-28 02:42:57'),
(486, 101, 1, '2023-11-28 02:43:05', NULL, NULL, NULL, 1, '2023-11-28 02:43:05', '2023-11-28 02:43:05'),
(487, 617, 2, '2023-11-28 02:43:15', NULL, NULL, NULL, 1, '2023-11-28 02:43:15', '2023-11-28 02:43:15'),
(488, 619, 2, '2023-11-28 02:43:16', NULL, NULL, NULL, 1, '2023-11-28 02:43:16', '2023-11-28 02:43:16'),
(489, 1171, 1, '2023-11-28 02:43:24', NULL, NULL, NULL, 1, '2023-11-28 02:43:24', '2023-11-28 02:43:24'),
(490, 102, 1, '2023-11-28 02:43:26', NULL, NULL, NULL, 1, '2023-11-28 02:43:26', '2023-11-28 02:43:26'),
(491, 1150, 1, '2023-11-28 02:43:26', NULL, NULL, NULL, 1, '2023-11-28 02:43:26', '2023-11-28 02:43:26'),
(492, 1161, 2, '2023-11-28 02:43:41', NULL, NULL, NULL, 1, '2023-11-28 02:43:41', '2023-11-28 02:43:41'),
(493, 620, 2, '2023-11-28 02:43:42', NULL, NULL, NULL, 1, '2023-11-28 02:43:42', '2023-11-28 02:43:42'),
(494, 1165, 1, '2023-11-28 02:43:50', NULL, NULL, NULL, 1, '2023-11-28 02:43:50', '2023-11-28 02:43:50'),
(495, 73, 1, '2023-11-28 02:43:55', NULL, NULL, NULL, 1, '2023-11-28 02:43:55', '2023-11-28 02:43:55'),
(496, 104, 1, '2023-11-28 02:44:01', NULL, NULL, NULL, 1, '2023-11-28 02:44:01', '2023-11-28 02:44:01'),
(497, 107, 1, '2023-11-28 02:44:14', NULL, NULL, NULL, 1, '2023-11-28 02:44:14', '2023-11-28 02:44:14'),
(498, 76, 1, '2023-11-28 02:44:20', NULL, NULL, NULL, 1, '2023-11-28 02:44:20', '2023-11-28 02:44:20'),
(499, 1168, 1, '2023-11-28 02:44:20', NULL, NULL, NULL, 1, '2023-11-28 02:44:20', '2023-11-28 02:44:20'),
(500, 1148, 2, '2023-11-28 02:44:44', NULL, NULL, NULL, 1, '2023-11-28 02:44:44', '2023-11-28 02:44:44'),
(501, 108, 1, '2023-11-28 02:45:00', NULL, NULL, NULL, 1, '2023-11-28 02:45:00', '2023-11-28 02:45:00'),
(502, 626, 1, '2023-11-28 02:45:07', NULL, NULL, NULL, 1, '2023-11-28 02:45:07', '2023-11-28 02:45:07'),
(503, 109, 1, '2023-11-28 02:45:09', NULL, NULL, NULL, 1, '2023-11-28 02:45:09', '2023-11-28 02:45:09'),
(504, 1153, 1, '2023-11-28 02:45:10', NULL, NULL, NULL, 1, '2023-11-28 02:45:10', '2023-11-28 02:45:10'),
(505, 622, 1, '2023-11-28 02:45:14', NULL, NULL, NULL, 1, '2023-11-28 02:45:14', '2023-11-28 02:45:14'),
(506, 81, 1, '2023-11-28 02:45:15', NULL, NULL, NULL, 1, '2023-11-28 02:45:15', '2023-11-28 02:45:15'),
(507, 85, 1, '2023-11-28 02:45:20', NULL, NULL, NULL, 1, '2023-11-28 02:45:20', '2023-11-28 02:45:20'),
(508, 1169, 2, '2023-11-28 02:45:20', NULL, NULL, NULL, 1, '2023-11-28 02:45:20', '2023-11-28 02:45:20'),
(509, 1162, 2, '2023-11-28 02:45:30', NULL, NULL, NULL, 1, '2023-11-28 02:45:30', '2023-11-28 02:45:30'),
(510, 625, 2, '2023-11-28 02:45:37', NULL, NULL, NULL, 1, '2023-11-28 02:45:37', '2023-11-28 02:45:37'),
(511, 1158, 2, '2023-11-28 02:46:01', NULL, NULL, NULL, 1, '2023-11-28 02:46:01', '2023-11-28 02:46:01'),
(512, 118, 1, '2023-11-28 02:46:02', NULL, NULL, NULL, 1, '2023-11-28 02:46:02', '2023-11-28 02:46:02'),
(513, 621, 1, '2023-11-28 02:46:10', NULL, NULL, NULL, 1, '2023-11-28 02:46:10', '2023-11-28 02:46:10'),
(514, 1152, 2, '2023-11-28 02:46:16', NULL, NULL, NULL, 1, '2023-11-28 02:46:16', '2023-11-28 02:46:16'),
(515, 117, 1, '2023-11-28 02:46:18', NULL, NULL, NULL, 1, '2023-11-28 02:46:18', '2023-11-28 02:46:18'),
(516, 1154, 2, '2023-11-28 02:46:22', NULL, NULL, NULL, 1, '2023-11-28 02:46:22', '2023-11-28 02:46:22'),
(517, 628, 1, '2023-11-28 02:46:33', NULL, NULL, NULL, 1, '2023-11-28 02:46:33', '2023-11-28 02:46:33'),
(518, 93, 1, '2023-11-28 02:46:46', NULL, NULL, NULL, 1, '2023-11-28 02:46:46', '2023-11-28 02:46:46'),
(519, 1159, 1, '2023-11-28 02:46:50', NULL, NULL, NULL, 1, '2023-11-28 02:46:50', '2023-11-28 02:46:50'),
(520, 121, 1, '2023-11-28 02:46:53', NULL, NULL, NULL, 1, '2023-11-28 02:46:53', '2023-11-28 02:46:53'),
(521, 129, 1, '2023-11-28 02:47:12', NULL, NULL, NULL, 1, '2023-11-28 02:47:12', '2023-11-28 02:47:12'),
(522, 123, 1, '2023-11-28 02:47:18', NULL, NULL, NULL, 1, '2023-11-28 02:47:18', '2023-11-28 02:47:18'),
(523, 1155, 1, '2023-11-28 02:47:38', NULL, NULL, NULL, 1, '2023-11-28 02:47:38', '2023-11-28 02:47:38'),
(524, 92, 1, '2023-11-28 02:47:46', NULL, NULL, NULL, 1, '2023-11-28 02:47:46', '2023-11-28 02:47:46'),
(525, 629, 1, '2023-11-28 02:47:49', NULL, NULL, NULL, 1, '2023-11-28 02:47:49', '2023-11-28 02:47:49'),
(526, 84, 1, '2023-11-28 02:47:50', NULL, NULL, NULL, 1, '2023-11-28 02:47:50', '2023-11-28 02:47:50'),
(527, 731, 2, '2023-11-28 02:48:55', NULL, NULL, NULL, 1, '2023-11-28 02:48:55', '2023-11-28 02:48:55'),
(528, 732, 2, '2023-11-28 02:49:00', NULL, NULL, NULL, 1, '2023-11-28 02:49:00', '2023-11-28 02:49:00'),
(529, 630, 1, '2023-11-28 02:49:03', NULL, NULL, NULL, 1, '2023-11-28 02:49:03', '2023-11-28 02:49:03'),
(530, 631, 2, '2023-11-28 02:49:10', NULL, NULL, NULL, 1, '2023-11-28 02:49:10', '2023-11-28 02:49:10'),
(531, 632, 1, '2023-11-28 02:49:12', NULL, NULL, NULL, 1, '2023-11-28 02:49:12', '2023-11-28 02:49:12'),
(532, 733, 2, '2023-11-28 02:49:24', NULL, NULL, NULL, 1, '2023-11-28 02:49:24', '2023-11-28 02:49:24'),
(533, 734, 1, '2023-11-28 02:49:38', NULL, NULL, NULL, 1, '2023-11-28 02:49:38', '2023-11-28 02:49:38'),
(534, 748, 2, '2023-11-28 02:49:41', NULL, NULL, NULL, 1, '2023-11-28 02:49:41', '2023-11-28 02:49:41'),
(535, 742, 2, '2023-11-28 02:50:08', NULL, NULL, NULL, 1, '2023-11-28 02:50:08', '2023-11-28 02:50:08'),
(536, 635, 1, '2023-11-28 02:50:20', NULL, NULL, NULL, 1, '2023-11-28 02:50:20', '2023-11-28 02:50:20'),
(537, 633, 2, '2023-11-28 02:50:21', NULL, NULL, NULL, 1, '2023-11-28 02:50:21', '2023-11-28 02:50:21'),
(538, 763, 2, '2023-11-28 02:50:35', NULL, NULL, NULL, 1, '2023-11-28 02:50:35', '2023-11-28 02:50:35'),
(539, 751, 2, '2023-11-28 02:50:42', NULL, NULL, NULL, 1, '2023-11-28 02:50:42', '2023-11-28 02:50:42'),
(540, 741, 2, '2023-11-28 02:50:56', NULL, NULL, NULL, 1, '2023-11-28 02:50:56', '2023-11-28 02:50:56'),
(541, 761, 1, '2023-11-28 02:51:20', NULL, NULL, NULL, 1, '2023-11-28 02:51:20', '2023-11-28 02:51:20'),
(542, 738, 2, '2023-11-28 02:51:29', NULL, NULL, NULL, 1, '2023-11-28 02:51:29', '2023-11-28 02:51:29'),
(543, 636, 1, '2023-11-28 02:51:31', NULL, NULL, NULL, 1, '2023-11-28 02:51:31', '2023-11-28 02:51:31'),
(544, 747, 2, '2023-11-28 02:51:37', NULL, NULL, NULL, 1, '2023-11-28 02:51:37', '2023-11-28 02:51:37'),
(545, 639, 1, '2023-11-28 02:51:43', NULL, NULL, NULL, 1, '2023-11-28 02:51:43', '2023-11-28 02:51:43'),
(546, 638, 1, '2023-11-28 02:51:46', NULL, NULL, NULL, 1, '2023-11-28 02:51:46', '2023-11-28 02:51:46'),
(547, 1156, 1, '2023-11-28 02:51:54', NULL, NULL, NULL, 1, '2023-11-28 02:51:54', '2023-11-28 02:51:54'),
(548, 1151, 1, '2023-11-28 02:52:01', NULL, NULL, NULL, 1, '2023-11-28 02:52:01', '2023-11-28 02:52:01'),
(549, 634, 1, '2023-11-28 02:52:19', NULL, NULL, NULL, 1, '2023-11-28 02:52:19', '2023-11-28 02:52:19'),
(550, 1160, 1, '2023-11-28 02:52:19', NULL, NULL, NULL, 1, '2023-11-28 02:52:19', '2023-11-28 02:52:19'),
(551, 1166, 1, '2023-11-28 02:52:22', NULL, NULL, NULL, 1, '2023-11-28 02:52:22', '2023-11-28 02:52:22'),
(552, 759, 1, '2023-11-28 02:52:23', NULL, NULL, NULL, 1, '2023-11-28 02:52:23', '2023-11-28 02:52:23'),
(553, 1170, 1, '2023-11-28 02:52:39', NULL, NULL, NULL, 1, '2023-11-28 02:52:39', '2023-11-28 02:52:39'),
(554, 640, 1, '2023-11-28 02:52:42', NULL, NULL, NULL, 1, '2023-11-28 02:52:42', '2023-11-28 02:52:42'),
(555, 762, 2, '2023-11-28 02:52:44', NULL, NULL, NULL, 1, '2023-11-28 02:52:44', '2023-11-28 02:52:44'),
(556, 641, 1, '2023-11-28 02:52:45', NULL, NULL, NULL, 1, '2023-11-28 02:52:45', '2023-11-28 02:52:45'),
(557, 764, 2, '2023-11-28 02:52:47', NULL, NULL, NULL, 1, '2023-11-28 02:52:47', '2023-11-28 02:52:47'),
(558, 737, 2, '2023-11-28 02:52:48', NULL, NULL, NULL, 1, '2023-11-28 02:52:48', '2023-11-28 02:52:48'),
(559, 1157, 2, '2023-11-28 02:53:07', NULL, NULL, NULL, 1, '2023-11-28 02:53:07', '2023-11-28 02:53:07'),
(560, 642, 1, '2023-11-28 02:53:24', NULL, NULL, NULL, 1, '2023-11-28 02:53:24', '2023-11-28 02:53:24'),
(561, 760, 2, '2023-11-28 02:53:38', NULL, NULL, NULL, 1, '2023-11-28 02:53:38', '2023-11-28 02:53:38'),
(562, 754, 2, '2023-11-28 02:53:40', NULL, NULL, NULL, 1, '2023-11-28 02:53:40', '2023-11-28 02:53:40'),
(563, 646, 2, '2023-11-28 02:54:00', NULL, NULL, NULL, 1, '2023-11-28 02:54:00', '2023-11-28 02:54:00'),
(564, 758, 1, '2023-11-28 02:54:08', NULL, NULL, NULL, 1, '2023-11-28 02:54:08', '2023-11-28 02:54:08'),
(565, 645, 1, '2023-11-28 02:54:13', NULL, NULL, NULL, 1, '2023-11-28 02:54:13', '2023-11-28 02:54:13'),
(566, 746, 2, '2023-11-28 02:54:19', NULL, NULL, NULL, 1, '2023-11-28 02:54:19', '2023-11-28 02:54:19'),
(567, 400, 1, '2023-11-28 02:54:20', NULL, NULL, NULL, 1, '2023-11-28 02:54:20', '2023-11-28 02:54:20'),
(568, 401, 2, '2023-11-28 02:54:30', NULL, NULL, NULL, 1, '2023-11-28 02:54:30', '2023-11-28 02:54:30'),
(569, 643, 1, '2023-11-28 02:54:46', NULL, NULL, NULL, 1, '2023-11-28 02:54:46', '2023-11-28 02:54:46'),
(570, 755, 2, '2023-11-28 02:55:04', NULL, NULL, NULL, 1, '2023-11-28 02:55:04', '2023-11-28 02:55:04'),
(571, 627, 1, '2023-11-28 02:55:06', NULL, NULL, NULL, 1, '2023-11-28 02:55:06', '2023-11-28 02:55:06'),
(572, 416, 1, '2023-11-28 02:55:07', NULL, NULL, NULL, 1, '2023-11-28 02:55:07', '2023-11-28 02:55:07'),
(573, 750, 1, '2023-11-28 02:55:26', NULL, NULL, NULL, 1, '2023-11-28 02:55:26', '2023-11-28 02:55:26'),
(574, 743, 2, '2023-11-28 02:55:26', NULL, NULL, NULL, 1, '2023-11-28 02:55:26', '2023-11-28 02:55:26'),
(575, 417, 1, '2023-11-28 02:55:35', NULL, NULL, NULL, 1, '2023-11-28 02:55:35', '2023-11-28 02:55:35'),
(576, 432, 1, '2023-11-28 02:56:08', NULL, NULL, NULL, 1, '2023-11-28 02:56:08', '2023-11-28 02:56:08'),
(577, 406, 1, '2023-11-28 02:56:12', NULL, NULL, NULL, 1, '2023-11-28 02:56:12', '2023-11-28 02:56:12'),
(578, 426, 1, '2023-11-28 02:56:33', NULL, NULL, NULL, 1, '2023-11-28 02:56:33', '2023-11-28 02:56:33'),
(579, 410, 1, '2023-11-28 02:57:06', NULL, NULL, NULL, 1, '2023-11-28 02:57:06', '2023-11-28 02:57:06'),
(580, 412, 1, '2023-11-28 02:57:23', NULL, NULL, NULL, 1, '2023-11-28 02:57:23', '2023-11-28 02:57:23'),
(581, 424, 2, '2023-11-28 02:57:25', NULL, NULL, NULL, 1, '2023-11-28 02:57:25', '2023-11-28 02:57:25'),
(582, 431, 1, '2023-11-28 02:57:27', NULL, NULL, NULL, 1, '2023-11-28 02:57:27', '2023-11-28 02:57:27'),
(583, 71, 1, '2023-11-28 02:58:00', NULL, NULL, NULL, 1, '2023-11-28 02:58:00', '2023-11-28 02:58:00'),
(584, 115, 1, '2023-11-28 02:58:01', NULL, NULL, NULL, 1, '2023-11-28 02:58:01', '2023-11-28 02:58:01'),
(585, 405, 1, '2023-11-28 02:58:06', NULL, NULL, NULL, 1, '2023-11-28 02:58:06', '2023-11-28 02:58:06'),
(586, 114, 1, '2023-11-28 02:58:10', NULL, NULL, NULL, 1, '2023-11-28 02:58:10', '2023-11-28 02:58:10'),
(587, 419, 1, '2023-11-28 02:58:17', NULL, NULL, NULL, 1, '2023-11-28 02:58:17', '2023-11-28 02:58:17'),
(588, 420, 2, '2023-11-28 02:58:35', NULL, NULL, NULL, 1, '2023-11-28 02:58:35', '2023-11-28 02:58:35'),
(589, 116, 1, '2023-11-28 02:58:38', NULL, NULL, NULL, 1, '2023-11-28 02:58:38', '2023-11-28 02:58:38'),
(590, 408, 1, '2023-11-28 02:58:44', NULL, NULL, NULL, 1, '2023-11-28 02:58:44', '2023-11-28 02:58:44'),
(591, 90, 2, '2023-11-28 02:59:10', NULL, NULL, NULL, 1, '2023-11-28 02:59:10', '2023-11-28 02:59:10'),
(592, 402, 1, '2023-11-28 02:59:37', NULL, NULL, NULL, 1, '2023-11-28 02:59:37', '2023-11-28 02:59:37'),
(593, 429, 1, '2023-11-28 02:59:43', NULL, NULL, NULL, 1, '2023-11-28 02:59:43', '2023-11-28 02:59:43'),
(594, 399, 1, '2023-11-28 02:59:50', NULL, NULL, NULL, 1, '2023-11-28 02:59:50', '2023-11-28 02:59:50'),
(595, 404, 1, '2023-11-28 03:00:01', NULL, NULL, NULL, 1, '2023-11-28 03:00:01', '2023-11-28 03:00:01'),
(596, 233, 1, '2023-11-28 03:00:35', NULL, NULL, NULL, 1, '2023-11-28 03:00:35', '2023-11-28 03:00:35'),
(597, 413, 1, '2023-11-28 03:00:49', NULL, NULL, NULL, 1, '2023-11-28 03:00:49', '2023-11-28 03:00:49'),
(598, 234, 1, '2023-11-28 03:00:50', NULL, NULL, NULL, 1, '2023-11-28 03:00:50', '2023-11-28 03:00:50'),
(599, 1110, 1, '2023-11-28 03:01:00', NULL, NULL, NULL, 1, '2023-11-28 03:01:00', '2023-11-28 03:01:00'),
(600, 427, 1, '2023-11-28 03:01:06', NULL, NULL, NULL, 1, '2023-11-28 03:01:06', '2023-11-28 03:01:06'),
(601, 1112, 2, '2023-11-28 03:01:08', NULL, NULL, NULL, 1, '2023-11-28 03:01:08', '2023-11-28 03:01:08'),
(602, 249, 1, '2023-11-28 03:01:28', NULL, NULL, NULL, 1, '2023-11-28 03:01:28', '2023-11-28 03:01:28'),
(603, 407, 1, '2023-11-28 03:01:37', NULL, NULL, NULL, 1, '2023-11-28 03:01:37', '2023-11-28 03:01:37'),
(604, 422, 1, '2023-11-28 03:01:40', NULL, NULL, NULL, 1, '2023-11-28 03:01:40', '2023-11-28 03:01:40'),
(605, 1113, 2, '2023-11-28 03:01:58', NULL, NULL, NULL, 1, '2023-11-28 03:01:58', '2023-11-28 03:01:58'),
(606, 411, 1, '2023-11-28 03:02:12', NULL, NULL, NULL, 1, '2023-11-28 03:02:12', '2023-11-28 03:02:12'),
(607, 235, 1, '2023-11-28 03:02:16', NULL, NULL, NULL, 1, '2023-11-28 03:02:16', '2023-11-28 03:02:16'),
(608, 730, 2, '2023-11-28 03:02:21', NULL, NULL, NULL, 1, '2023-11-28 03:02:21', '2023-11-28 03:02:21'),
(609, 735, 2, '2023-11-28 03:02:25', NULL, NULL, NULL, 1, '2023-11-28 03:02:25', '2023-11-28 03:02:25'),
(610, 409, 2, '2023-11-28 03:02:27', NULL, NULL, NULL, 1, '2023-11-28 03:02:27', '2023-11-28 03:02:27'),
(611, 260, 1, '2023-11-28 03:02:39', NULL, NULL, NULL, 1, '2023-11-28 03:02:39', '2023-11-28 03:02:39'),
(612, 745, 1, '2023-11-28 03:02:54', NULL, NULL, NULL, 1, '2023-11-28 03:02:54', '2023-11-28 03:02:54'),
(613, 261, 1, '2023-11-28 03:02:55', NULL, NULL, NULL, 1, '2023-11-28 03:02:55', '2023-11-28 03:02:55'),
(614, 414, 1, '2023-11-28 03:03:00', NULL, NULL, NULL, 1, '2023-11-28 03:03:00', '2023-11-28 03:03:00'),
(615, 749, 1, '2023-11-28 03:03:07', NULL, NULL, NULL, 1, '2023-11-28 03:03:07', '2023-11-28 03:03:07'),
(616, 403, 1, '2023-11-28 03:03:09', NULL, NULL, NULL, 1, '2023-11-28 03:03:09', '2023-11-28 03:03:09'),
(617, 421, 1, '2023-11-28 03:03:13', NULL, NULL, NULL, 1, '2023-11-28 03:03:13', '2023-11-28 03:03:13'),
(618, 428, 1, '2023-11-28 03:03:21', NULL, NULL, NULL, 1, '2023-11-28 03:03:21', '2023-11-28 03:03:21'),
(619, 425, 1, '2023-11-28 03:03:39', NULL, NULL, NULL, 1, '2023-11-28 03:03:39', '2023-11-28 03:03:39'),
(620, 415, 1, '2023-11-28 03:04:03', NULL, NULL, NULL, 1, '2023-11-28 03:04:03', '2023-11-28 03:04:03'),
(621, 247, 1, '2023-11-28 03:04:10', NULL, NULL, NULL, 1, '2023-11-28 03:04:10', '2023-11-28 03:04:10'),
(622, 245, 1, '2023-11-28 03:04:11', NULL, NULL, NULL, 1, '2023-11-28 03:04:11', '2023-11-28 03:04:11'),
(623, 242, 1, '2023-11-28 03:04:20', NULL, NULL, NULL, 1, '2023-11-28 03:04:20', '2023-11-28 03:04:20'),
(624, 1149, 1, '2023-11-28 03:04:24', NULL, NULL, NULL, 1, '2023-11-28 03:04:24', '2023-11-28 03:04:24'),
(625, 298, 1, '2023-11-28 03:04:41', NULL, NULL, NULL, 1, '2023-11-28 03:04:41', '2023-11-28 03:04:41'),
(626, 300, 1, '2023-11-28 03:04:49', NULL, NULL, NULL, 1, '2023-11-28 03:04:49', '2023-11-28 03:04:49'),
(627, 1163, 1, '2023-11-28 03:04:52', NULL, NULL, NULL, 1, '2023-11-28 03:04:52', '2023-11-28 03:04:52'),
(628, 1164, 1, '2023-11-28 03:04:56', NULL, NULL, NULL, 1, '2023-11-28 03:04:56', '2023-11-28 03:04:56'),
(629, 671, 1, '2023-11-28 03:05:10', NULL, NULL, NULL, 1, '2023-11-28 03:05:10', '2023-11-28 03:05:10'),
(630, 665, 1, '2023-11-28 03:05:17', NULL, NULL, NULL, 1, '2023-11-28 03:05:17', '2023-11-28 03:05:17'),
(631, 299, 1, '2023-11-28 03:05:30', NULL, NULL, NULL, 1, '2023-11-28 03:05:30', '2023-11-28 03:05:30'),
(632, 301, 1, '2023-11-28 03:05:31', NULL, NULL, NULL, 1, '2023-11-28 03:05:31', '2023-11-28 03:05:31'),
(633, 676, 1, '2023-11-28 03:05:42', NULL, NULL, NULL, 1, '2023-11-28 03:05:42', '2023-11-28 03:05:42'),
(634, 666, 1, '2023-11-28 03:05:44', NULL, NULL, NULL, 1, '2023-11-28 03:05:44', '2023-11-28 03:05:44'),
(635, 303, 2, '2023-11-28 03:05:47', NULL, NULL, NULL, 1, '2023-11-28 03:05:47', '2023-11-28 03:05:47'),
(636, 254, 1, '2023-11-28 03:06:00', NULL, NULL, NULL, 1, '2023-11-28 03:06:00', '2023-11-28 03:06:00'),
(637, 243, 1, '2023-11-28 03:06:07', NULL, NULL, NULL, 1, '2023-11-28 03:06:07', '2023-11-28 03:06:07'),
(638, 304, 2, '2023-11-28 03:06:17', NULL, NULL, NULL, 1, '2023-11-28 03:06:17', '2023-11-28 03:06:17'),
(639, 239, 1, '2023-11-28 03:06:19', NULL, NULL, NULL, 1, '2023-11-28 03:06:19', '2023-11-28 03:06:19'),
(640, 305, 1, '2023-11-28 03:06:30', NULL, NULL, NULL, 1, '2023-11-28 03:06:30', '2023-11-28 03:06:30'),
(641, 1235, 1, '2023-11-28 03:06:51', NULL, NULL, NULL, 1, '2023-11-28 03:06:51', '2023-11-28 03:06:51'),
(642, 307, 1, '2023-11-28 03:07:05', NULL, NULL, NULL, 1, '2023-11-28 03:07:05', '2023-11-28 03:07:05'),
(643, 246, 1, '2023-11-28 03:07:13', NULL, NULL, NULL, 1, '2023-11-28 03:07:13', '2023-11-28 03:07:13'),
(644, 1241, 2, '2023-11-28 03:07:13', NULL, NULL, NULL, 1, '2023-11-28 03:07:13', '2023-11-28 03:07:13'),
(645, 308, 1, '2023-11-28 03:07:17', NULL, NULL, NULL, 1, '2023-11-28 03:07:17', '2023-11-28 03:07:17'),
(646, 306, 2, '2023-11-28 03:07:19', NULL, NULL, NULL, 1, '2023-11-28 03:07:19', '2023-11-28 03:07:19'),
(647, 309, 1, '2023-11-28 03:07:30', NULL, NULL, NULL, 1, '2023-11-28 03:07:30', '2023-11-28 03:07:30'),
(648, 241, 1, '2023-11-28 03:07:42', NULL, NULL, NULL, 1, '2023-11-28 03:07:42', '2023-11-28 03:07:42'),
(649, 256, 1, '2023-11-28 03:07:46', NULL, NULL, NULL, 1, '2023-11-28 03:07:46', '2023-11-28 03:07:46'),
(650, 310, 1, '2023-11-28 03:08:11', NULL, NULL, NULL, 1, '2023-11-28 03:08:11', '2023-11-28 03:08:11'),
(651, 312, 1, '2023-11-28 03:08:14', NULL, NULL, NULL, 1, '2023-11-28 03:08:14', '2023-11-28 03:08:14'),
(652, 371, 1, '2023-11-28 03:08:21', NULL, NULL, NULL, 1, '2023-11-28 03:08:21', '2023-11-28 03:08:21'),
(653, 385, 1, '2023-11-28 03:08:24', NULL, NULL, NULL, 1, '2023-11-28 03:08:24', '2023-11-28 03:08:24'),
(654, 311, 1, '2023-11-28 03:08:30', NULL, NULL, NULL, 1, '2023-11-28 03:08:30', '2023-11-28 03:08:30'),
(655, 313, 1, '2023-11-28 03:08:57', NULL, NULL, NULL, 1, '2023-11-28 03:08:57', '2023-11-28 03:08:57'),
(656, 314, 2, '2023-11-28 03:09:10', NULL, NULL, NULL, 1, '2023-11-28 03:09:10', '2023-11-28 03:09:10'),
(657, 240, 1, '2023-11-28 03:09:11', NULL, NULL, NULL, 1, '2023-11-28 03:09:11', '2023-11-28 03:09:11'),
(658, 250, 1, '2023-11-28 03:09:19', NULL, NULL, NULL, 1, '2023-11-28 03:09:19', '2023-11-28 03:09:19'),
(659, 315, 1, '2023-11-28 03:09:28', NULL, NULL, NULL, 1, '2023-11-28 03:09:28', '2023-11-28 03:09:28'),
(660, 257, 1, '2023-11-28 03:09:34', NULL, NULL, NULL, 1, '2023-11-28 03:09:34', '2023-11-28 03:09:34'),
(661, 316, 1, '2023-11-28 03:09:47', NULL, NULL, NULL, 1, '2023-11-28 03:09:47', '2023-11-28 03:09:47'),
(662, 318, 1, '2023-11-28 03:10:21', NULL, NULL, NULL, 1, '2023-11-28 03:10:21', '2023-11-28 03:10:21'),
(663, 244, 1, '2023-11-28 03:10:30', NULL, NULL, NULL, 1, '2023-11-28 03:10:30', '2023-11-28 03:10:30'),
(664, 320, 2, '2023-11-28 03:10:45', NULL, NULL, NULL, 1, '2023-11-28 03:10:45', '2023-11-28 03:10:45'),
(665, 317, 1, '2023-11-28 03:10:53', NULL, NULL, NULL, 1, '2023-11-28 03:10:53', '2023-11-28 03:10:53'),
(666, 259, 1, '2023-11-28 03:10:54', NULL, NULL, NULL, 1, '2023-11-28 03:10:54', '2023-11-28 03:10:54'),
(667, 319, 1, '2023-11-28 03:11:06', NULL, NULL, NULL, 1, '2023-11-28 03:11:06', '2023-11-28 03:11:06'),
(668, 321, 2, '2023-11-28 03:11:12', NULL, NULL, NULL, 1, '2023-11-28 03:11:12', '2023-11-28 03:11:12'),
(669, 322, 1, '2023-11-28 03:11:17', NULL, NULL, NULL, 1, '2023-11-28 03:11:17', '2023-11-28 03:11:17'),
(670, 324, 1, '2023-11-28 03:11:53', NULL, NULL, NULL, 1, '2023-11-28 03:11:53', '2023-11-28 03:11:53'),
(671, 251, 1, '2023-11-28 03:12:09', NULL, NULL, NULL, 1, '2023-11-28 03:12:09', '2023-11-28 03:12:09'),
(672, 326, 1, '2023-11-28 03:12:11', NULL, NULL, NULL, 1, '2023-11-28 03:12:11', '2023-11-28 03:12:11'),
(673, 323, 2, '2023-11-28 03:12:26', NULL, NULL, NULL, 1, '2023-11-28 03:12:26', '2023-11-28 03:12:26'),
(674, 325, 2, '2023-11-28 03:12:27', NULL, NULL, NULL, 1, '2023-11-28 03:12:27', '2023-11-28 03:12:27'),
(675, 264, 1, '2023-11-28 03:12:33', NULL, NULL, NULL, 1, '2023-11-28 03:12:33', '2023-11-28 03:12:33'),
(676, 327, 1, '2023-11-28 03:12:51', NULL, NULL, NULL, 1, '2023-11-28 03:12:51', '2023-11-28 03:12:51'),
(677, 700, 1, '2023-11-28 03:12:54', NULL, NULL, NULL, 1, '2023-11-28 03:12:54', '2023-11-28 03:12:54'),
(678, 328, 1, '2023-11-28 03:13:01', NULL, NULL, NULL, 1, '2023-11-28 03:13:01', '2023-11-28 03:13:01'),
(679, 708, 1, '2023-11-28 03:13:14', NULL, NULL, NULL, 1, '2023-11-28 03:13:14', '2023-11-28 03:13:14'),
(680, 330, 1, '2023-11-28 03:13:31', NULL, NULL, NULL, 1, '2023-11-28 03:13:31', '2023-11-28 03:13:31'),
(681, 329, 2, '2023-11-28 03:13:32', NULL, NULL, NULL, 1, '2023-11-28 03:13:32', '2023-11-28 03:13:32'),
(682, 331, 1, '2023-11-28 03:13:39', NULL, NULL, NULL, 1, '2023-11-28 03:13:39', '2023-11-28 03:13:39'),
(683, 248, 1, '2023-11-28 03:13:45', NULL, NULL, NULL, 1, '2023-11-28 03:13:45', '2023-11-28 03:13:45'),
(684, 690, 1, '2023-11-28 03:13:48', NULL, NULL, NULL, 1, '2023-11-28 03:13:48', '2023-11-28 03:13:48'),
(685, 255, 1, '2023-11-28 03:13:50', NULL, NULL, NULL, 1, '2023-11-28 03:13:50', '2023-11-28 03:13:50'),
(686, 692, 1, '2023-11-28 03:14:05', NULL, NULL, NULL, 1, '2023-11-28 03:14:05', '2023-11-28 03:14:05'),
(687, 687, 2, '2023-11-28 03:14:06', NULL, NULL, NULL, 1, '2023-11-28 03:14:06', '2023-11-28 03:14:06'),
(688, 691, 2, '2023-11-28 03:14:25', NULL, NULL, NULL, 1, '2023-11-28 03:14:25', '2023-11-28 03:14:25'),
(689, 705, 2, '2023-11-28 03:14:57', NULL, NULL, NULL, 1, '2023-11-28 03:14:57', '2023-11-28 03:14:57'),
(690, 236, 1, '2023-11-28 03:15:03', NULL, NULL, NULL, 1, '2023-11-28 03:15:03', '2023-11-28 03:15:03'),
(691, 694, 2, '2023-11-28 03:15:15', NULL, NULL, NULL, 1, '2023-11-28 03:15:15', '2023-11-28 03:15:15'),
(692, 696, 2, '2023-11-28 03:15:20', NULL, NULL, NULL, 1, '2023-11-28 03:15:20', '2023-11-28 03:15:20'),
(693, 706, 1, '2023-11-28 03:15:54', NULL, NULL, NULL, 1, '2023-11-28 03:15:54', '2023-11-28 03:15:54'),
(694, 703, 1, '2023-11-28 03:16:28', NULL, NULL, NULL, 1, '2023-11-28 03:16:28', '2023-11-28 03:16:28'),
(695, 707, 1, '2023-11-28 03:16:30', NULL, NULL, NULL, 1, '2023-11-28 03:16:30', '2023-11-28 03:16:30'),
(696, 680, 1, '2023-11-28 03:16:32', NULL, NULL, NULL, 1, '2023-11-28 03:16:32', '2023-11-28 03:16:32'),
(697, 262, 1, '2023-11-28 03:16:57', NULL, NULL, NULL, 1, '2023-11-28 03:16:57', '2023-11-28 03:16:57'),
(698, 238, 1, '2023-11-28 03:17:00', NULL, NULL, NULL, 1, '2023-11-28 03:17:00', '2023-11-28 03:17:00'),
(699, 253, 1, '2023-11-28 03:17:02', NULL, NULL, NULL, 1, '2023-11-28 03:17:02', '2023-11-28 03:17:02'),
(700, 679, 1, '2023-11-28 03:17:11', NULL, NULL, NULL, 1, '2023-11-28 03:17:11', '2023-11-28 03:17:11'),
(701, 681, 1, '2023-11-28 03:17:21', NULL, NULL, NULL, 1, '2023-11-28 03:17:21', '2023-11-28 03:17:21'),
(702, 265, 1, '2023-11-28 03:17:30', NULL, NULL, NULL, 1, '2023-11-28 03:17:30', '2023-11-28 03:17:30'),
(703, 695, 1, '2023-11-28 03:17:34', NULL, NULL, NULL, 1, '2023-11-28 03:17:34', '2023-11-28 03:17:34'),
(704, 678, 1, '2023-11-28 03:17:35', NULL, NULL, NULL, 1, '2023-11-28 03:17:35', '2023-11-28 03:17:35'),
(705, 637, 1, '2023-11-28 03:18:10', NULL, NULL, NULL, 1, '2023-11-28 03:18:10', '2023-11-28 03:18:10'),
(706, 683, 1, '2023-11-28 03:18:12', NULL, NULL, NULL, 1, '2023-11-28 03:18:12', '2023-11-28 03:18:12'),
(707, 258, 1, '2023-11-28 03:18:13', NULL, NULL, NULL, 1, '2023-11-28 03:18:13', '2023-11-28 03:18:13'),
(708, 698, 1, '2023-11-28 03:18:30', NULL, NULL, NULL, 1, '2023-11-28 03:18:30', '2023-11-28 03:18:30'),
(709, 263, 1, '2023-11-28 03:18:31', NULL, NULL, NULL, 1, '2023-11-28 03:18:31', '2023-11-28 03:18:31'),
(710, 252, 1, '2023-11-28 03:18:34', NULL, NULL, NULL, 1, '2023-11-28 03:18:34', '2023-11-28 03:18:34'),
(711, 701, 1, '2023-11-28 03:18:44', NULL, NULL, NULL, 1, '2023-11-28 03:18:44', '2023-11-28 03:18:44'),
(712, 624, 2, '2023-11-28 03:19:46', NULL, NULL, NULL, 1, '2023-11-28 03:19:46', '2023-11-28 03:19:46'),
(713, 131, 1, '2023-11-28 03:20:18', NULL, NULL, NULL, 1, '2023-11-28 03:20:18', '2023-11-28 03:20:18'),
(714, 623, 1, '2023-11-28 03:20:36', NULL, NULL, NULL, 1, '2023-11-28 03:20:36', '2023-11-28 03:20:36'),
(715, 137, 2, '2023-11-28 03:21:15', NULL, NULL, NULL, 1, '2023-11-28 03:21:15', '2023-11-28 03:21:15'),
(716, 1285, 1, '2023-11-28 03:23:14', NULL, NULL, NULL, 1, '2023-11-28 03:23:14', '2023-11-28 03:23:14'),
(717, 336, 1, '2023-11-28 03:23:37', NULL, NULL, NULL, 1, '2023-11-28 03:23:37', '2023-11-28 03:23:37'),
(718, 132, 2, '2023-11-28 03:23:42', NULL, NULL, NULL, 1, '2023-11-28 03:23:42', '2023-11-28 03:23:42'),
(719, 337, 1, '2023-11-28 03:23:49', NULL, NULL, NULL, 1, '2023-11-28 03:23:49', '2023-11-28 03:23:49'),
(720, 332, 1, '2023-11-28 03:24:14', NULL, NULL, NULL, 1, '2023-11-28 03:24:14', '2023-11-28 03:24:14'),
(721, 333, 2, '2023-11-28 03:24:16', NULL, NULL, NULL, 1, '2023-11-28 03:24:16', '2023-11-28 03:24:16'),
(722, 267, 1, '2023-11-28 03:24:24', NULL, NULL, NULL, 1, '2023-11-28 03:24:24', '2023-11-28 03:24:24'),
(723, 677, 1, '2023-11-28 03:24:26', NULL, NULL, NULL, 1, '2023-11-28 03:24:26', '2023-11-28 03:24:26'),
(724, 339, 1, '2023-11-28 03:24:27', NULL, NULL, NULL, 1, '2023-11-28 03:24:27', '2023-11-28 03:24:27'),
(725, 341, 1, '2023-11-28 03:24:29', NULL, NULL, NULL, 1, '2023-11-28 03:24:29', '2023-11-28 03:24:29'),
(726, 266, 1, '2023-11-28 03:24:39', NULL, NULL, NULL, 1, '2023-11-28 03:24:39', '2023-11-28 03:24:39'),
(727, 268, 1, '2023-11-28 03:24:42', NULL, NULL, NULL, 1, '2023-11-28 03:24:42', '2023-11-28 03:24:42'),
(728, 699, 1, '2023-11-28 03:24:42', NULL, NULL, NULL, 1, '2023-11-28 03:24:42', '2023-11-28 03:24:42'),
(729, 702, 1, '2023-11-28 03:24:47', NULL, NULL, NULL, 1, '2023-11-28 03:24:47', '2023-11-28 03:24:47'),
(730, 688, 2, '2023-11-28 03:24:57', NULL, NULL, NULL, 1, '2023-11-28 03:24:57', '2023-11-28 03:24:57'),
(731, 344, 1, '2023-11-28 03:25:11', NULL, NULL, NULL, 1, '2023-11-28 03:25:11', '2023-11-28 03:25:11'),
(732, 343, 1, '2023-11-28 03:25:14', NULL, NULL, NULL, 1, '2023-11-28 03:25:14', '2023-11-28 03:25:14'),
(733, 335, 1, '2023-11-28 03:25:18', NULL, NULL, NULL, 1, '2023-11-28 03:25:18', '2023-11-28 03:25:18'),
(734, 158, 2, '2023-11-28 03:25:20', NULL, NULL, NULL, 1, '2023-11-28 03:25:20', '2023-11-28 03:25:20'),
(735, 345, 1, '2023-11-28 03:25:32', NULL, NULL, NULL, 1, '2023-11-28 03:25:32', '2023-11-28 03:25:32'),
(736, 693, 1, '2023-11-28 03:25:41', NULL, NULL, NULL, 1, '2023-11-28 03:25:41', '2023-11-28 03:25:41'),
(737, 269, 1, '2023-11-28 03:25:46', NULL, NULL, NULL, 1, '2023-11-28 03:25:46', '2023-11-28 03:25:46'),
(738, 685, 1, '2023-11-28 03:25:49', NULL, NULL, NULL, 1, '2023-11-28 03:25:49', '2023-11-28 03:25:49'),
(739, 704, 1, '2023-11-28 03:25:53', NULL, NULL, NULL, 1, '2023-11-28 03:25:53', '2023-11-28 03:25:53'),
(740, 139, 2, '2023-11-28 03:25:58', NULL, NULL, NULL, 1, '2023-11-28 03:25:58', '2023-11-28 03:25:58'),
(741, 348, 1, '2023-11-28 03:26:04', NULL, NULL, NULL, 1, '2023-11-28 03:26:04', '2023-11-28 03:26:04'),
(742, 346, 1, '2023-11-28 03:26:25', NULL, NULL, NULL, 1, '2023-11-28 03:26:25', '2023-11-28 03:26:25'),
(743, 141, 2, '2023-11-28 03:26:33', NULL, NULL, NULL, 1, '2023-11-28 03:26:33', '2023-11-28 03:26:33'),
(744, 350, 1, '2023-11-28 03:26:33', NULL, NULL, NULL, 1, '2023-11-28 03:26:33', '2023-11-28 03:26:33'),
(745, 272, 1, '2023-11-28 03:26:42', NULL, NULL, NULL, 1, '2023-11-28 03:26:42', '2023-11-28 03:26:42'),
(746, 347, 1, '2023-11-28 03:26:43', NULL, NULL, NULL, 1, '2023-11-28 03:26:43', '2023-11-28 03:26:43'),
(747, 271, 1, '2023-11-28 03:26:56', NULL, NULL, NULL, 1, '2023-11-28 03:26:56', '2023-11-28 03:26:56'),
(748, 270, 1, '2023-11-28 03:27:02', NULL, NULL, NULL, 1, '2023-11-28 03:27:02', '2023-11-28 03:27:02'),
(749, 351, 1, '2023-11-28 03:27:07', NULL, NULL, NULL, 1, '2023-11-28 03:27:07', '2023-11-28 03:27:07'),
(750, 142, 1, '2023-11-28 03:27:19', NULL, NULL, NULL, 1, '2023-11-28 03:27:19', '2023-11-28 03:27:19'),
(751, 273, 1, '2023-11-28 03:27:22', NULL, NULL, NULL, 1, '2023-11-28 03:27:22', '2023-11-28 03:27:22'),
(752, 357, 2, '2023-11-28 03:27:41', NULL, NULL, NULL, 1, '2023-11-28 03:27:41', '2023-11-28 03:27:41'),
(753, 356, 1, '2023-11-28 03:27:45', NULL, NULL, NULL, 1, '2023-11-28 03:27:45', '2023-11-28 03:27:45'),
(754, 354, 1, '2023-11-28 03:27:50', NULL, NULL, NULL, 1, '2023-11-28 03:27:50', '2023-11-28 03:27:50'),
(755, 359, 1, '2023-11-28 03:28:12', NULL, NULL, NULL, 1, '2023-11-28 03:28:12', '2023-11-28 03:28:12'),
(756, 360, 1, '2023-11-28 03:28:26', NULL, NULL, NULL, 1, '2023-11-28 03:28:26', '2023-11-28 03:28:26'),
(757, 275, 1, '2023-11-28 03:28:37', NULL, NULL, NULL, 1, '2023-11-28 03:28:37', '2023-11-28 03:28:37'),
(758, 276, 1, '2023-11-28 03:28:47', NULL, NULL, NULL, 1, '2023-11-28 03:28:47', '2023-11-28 03:28:47'),
(759, 274, 1, '2023-11-28 03:28:55', NULL, NULL, NULL, 1, '2023-11-28 03:28:55', '2023-11-28 03:28:55'),
(760, 361, 1, '2023-11-28 03:29:05', NULL, NULL, NULL, 1, '2023-11-28 03:29:05', '2023-11-28 03:29:05'),
(761, 278, 1, '2023-11-28 03:29:11', NULL, NULL, NULL, 1, '2023-11-28 03:29:11', '2023-11-28 03:29:11'),
(762, 362, 1, '2023-11-28 03:29:12', NULL, NULL, NULL, 1, '2023-11-28 03:29:12', '2023-11-28 03:29:12'),
(763, 363, 1, '2023-11-28 03:29:42', NULL, NULL, NULL, 1, '2023-11-28 03:29:42', '2023-11-28 03:29:42'),
(764, 364, 1, '2023-11-28 03:30:03', NULL, NULL, NULL, 1, '2023-11-28 03:30:03', '2023-11-28 03:30:03'),
(765, 365, 1, '2023-11-28 03:30:12', NULL, NULL, NULL, 1, '2023-11-28 03:30:12', '2023-11-28 03:30:12'),
(766, 366, 1, '2023-11-28 03:30:26', NULL, NULL, NULL, 1, '2023-11-28 03:30:26', '2023-11-28 03:30:26'),
(767, 280, 1, '2023-11-28 03:30:31', NULL, NULL, NULL, 1, '2023-11-28 03:30:31', '2023-11-28 03:30:31'),
(768, 279, 1, '2023-11-28 03:30:33', NULL, NULL, NULL, 1, '2023-11-28 03:30:33', '2023-11-28 03:30:33'),
(769, 358, 1, '2023-11-28 03:30:36', NULL, NULL, NULL, 1, '2023-11-28 03:30:36', '2023-11-28 03:30:36'),
(770, 282, 1, '2023-11-28 03:30:37', NULL, NULL, NULL, 1, '2023-11-28 03:30:37', '2023-11-28 03:30:37'),
(771, 353, 1, '2023-11-28 03:31:20', NULL, NULL, NULL, 1, '2023-11-28 03:31:20', '2023-11-28 03:31:20'),
(772, 352, 1, '2023-11-28 03:31:24', NULL, NULL, NULL, 1, '2023-11-28 03:31:24', '2023-11-28 03:31:24'),
(773, 338, 1, '2023-11-28 03:31:25', NULL, NULL, NULL, 1, '2023-11-28 03:31:25', '2023-11-28 03:31:25'),
(774, 281, 1, '2023-11-28 03:31:52', NULL, NULL, NULL, 1, '2023-11-28 03:31:52', '2023-11-28 03:31:52'),
(775, 334, 1, '2023-11-28 03:32:17', NULL, NULL, NULL, 1, '2023-11-28 03:32:17', '2023-11-28 03:32:17'),
(776, 349, 1, '2023-11-28 03:32:20', NULL, NULL, NULL, 1, '2023-11-28 03:32:20', '2023-11-28 03:32:20'),
(777, 340, 1, '2023-11-28 03:32:22', NULL, NULL, NULL, 1, '2023-11-28 03:32:22', '2023-11-28 03:32:22'),
(778, 283, 1, '2023-11-28 03:32:34', NULL, NULL, NULL, 1, '2023-11-28 03:32:34', '2023-11-28 03:32:34'),
(779, 200, 1, '2023-11-28 03:32:48', NULL, NULL, NULL, 1, '2023-11-28 03:32:48', '2023-11-28 03:32:48'),
(780, 201, 1, '2023-11-28 03:32:58', NULL, NULL, NULL, 1, '2023-11-28 03:32:58', '2023-11-28 03:32:58'),
(781, 285, 1, '2023-11-28 03:33:00', NULL, NULL, NULL, 1, '2023-11-28 03:33:00', '2023-11-28 03:33:00'),
(782, 284, 2, '2023-11-28 03:33:08', NULL, NULL, NULL, 1, '2023-11-28 03:33:08', '2023-11-28 03:33:08'),
(783, 203, 1, '2023-11-28 03:33:12', NULL, NULL, NULL, 1, '2023-11-28 03:33:12', '2023-11-28 03:33:12'),
(784, 202, 2, '2023-11-28 03:33:15', NULL, NULL, NULL, 1, '2023-11-28 03:33:15', '2023-11-28 03:33:15'),
(785, 204, 1, '2023-11-28 03:33:34', NULL, NULL, NULL, 1, '2023-11-28 03:33:34', '2023-11-28 03:33:34'),
(786, 205, 1, '2023-11-28 03:34:00', NULL, NULL, NULL, 1, '2023-11-28 03:34:00', '2023-11-28 03:34:00'),
(787, 207, 2, '2023-11-28 03:34:16', NULL, NULL, NULL, 1, '2023-11-28 03:34:16', '2023-11-28 03:34:16'),
(788, 289, 2, '2023-11-28 03:34:35', NULL, NULL, NULL, 1, '2023-11-28 03:34:35', '2023-11-28 03:34:35'),
(789, 208, 1, '2023-11-28 03:34:35', NULL, NULL, NULL, 1, '2023-11-28 03:34:35', '2023-11-28 03:34:35'),
(790, 291, 2, '2023-11-28 03:34:38', NULL, NULL, NULL, 1, '2023-11-28 03:34:38', '2023-11-28 03:34:38'),
(791, 209, 1, '2023-11-28 03:34:38', NULL, NULL, NULL, 1, '2023-11-28 03:34:38', '2023-11-28 03:34:38'),
(792, 286, 1, '2023-11-28 03:34:39', NULL, NULL, NULL, 1, '2023-11-28 03:34:39', '2023-11-28 03:34:39'),
(793, 288, 1, '2023-11-28 03:34:42', NULL, NULL, NULL, 1, '2023-11-28 03:34:42', '2023-11-28 03:34:42'),
(794, 206, 1, '2023-11-28 03:34:52', NULL, NULL, NULL, 1, '2023-11-28 03:34:52', '2023-11-28 03:34:52'),
(795, 210, 1, '2023-11-28 03:35:14', NULL, NULL, NULL, 1, '2023-11-28 03:35:14', '2023-11-28 03:35:14'),
(796, 212, 1, '2023-11-28 03:35:41', NULL, NULL, NULL, 1, '2023-11-28 03:35:41', '2023-11-28 03:35:41'),
(797, 213, 1, '2023-11-28 03:35:55', NULL, NULL, NULL, 1, '2023-11-28 03:35:55', '2023-11-28 03:35:55'),
(798, 211, 1, '2023-11-28 03:35:58', NULL, NULL, NULL, 1, '2023-11-28 03:35:58', '2023-11-28 03:35:58'),
(799, 287, 1, '2023-11-28 03:36:06', NULL, NULL, NULL, 1, '2023-11-28 03:36:06', '2023-11-28 03:36:06'),
(800, 214, 1, '2023-11-28 03:36:19', NULL, NULL, NULL, 1, '2023-11-28 03:36:19', '2023-11-28 03:36:19'),
(801, 292, 1, '2023-11-28 03:36:38', NULL, NULL, NULL, 1, '2023-11-28 03:36:38', '2023-11-28 03:36:38'),
(802, 216, 1, '2023-11-28 03:36:48', NULL, NULL, NULL, 1, '2023-11-28 03:36:48', '2023-11-28 03:36:48'),
(803, 215, 1, '2023-11-28 03:36:55', NULL, NULL, NULL, 1, '2023-11-28 03:36:55', '2023-11-28 03:36:55'),
(804, 296, 1, '2023-11-28 03:36:57', NULL, NULL, NULL, 1, '2023-11-28 03:36:57', '2023-11-28 03:36:57'),
(805, 293, 1, '2023-11-28 03:37:07', NULL, NULL, NULL, 1, '2023-11-28 03:37:07', '2023-11-28 03:37:07'),
(806, 220, 1, '2023-11-28 03:37:10', NULL, NULL, NULL, 1, '2023-11-28 03:37:10', '2023-11-28 03:37:10'),
(807, 217, 1, '2023-11-28 03:37:21', NULL, NULL, NULL, 1, '2023-11-28 03:37:21', '2023-11-28 03:37:21'),
(808, 221, 2, '2023-11-28 03:37:32', NULL, NULL, NULL, 1, '2023-11-28 03:37:32', '2023-11-28 03:37:32'),
(809, 222, 1, '2023-11-28 03:37:44', NULL, NULL, NULL, 1, '2023-11-28 03:37:44', '2023-11-28 03:37:44'),
(810, 294, 1, '2023-11-28 03:37:57', NULL, NULL, NULL, 1, '2023-11-28 03:37:57', '2023-11-28 03:37:57'),
(811, 223, 1, '2023-11-28 03:38:16', NULL, NULL, NULL, 1, '2023-11-28 03:38:16', '2023-11-28 03:38:16'),
(812, 297, 1, '2023-11-28 03:38:40', NULL, NULL, NULL, 1, '2023-11-28 03:38:40', '2023-11-28 03:38:40'),
(813, 218, 1, '2023-11-28 03:38:46', NULL, NULL, NULL, 1, '2023-11-28 03:38:46', '2023-11-28 03:38:46'),
(814, 225, 1, '2023-11-28 03:38:56', NULL, NULL, NULL, 1, '2023-11-28 03:38:56', '2023-11-28 03:38:56'),
(815, 226, 1, '2023-11-28 03:38:57', NULL, NULL, NULL, 1, '2023-11-28 03:38:57', '2023-11-28 03:38:57'),
(816, 230, 1, '2023-11-28 03:39:29', NULL, NULL, NULL, 1, '2023-11-28 03:39:29', '2023-11-28 03:39:29'),
(817, 228, 1, '2023-11-28 03:39:30', NULL, NULL, NULL, 1, '2023-11-28 03:39:30', '2023-11-28 03:39:30'),
(818, 229, 1, '2023-11-28 03:39:42', NULL, NULL, NULL, 1, '2023-11-28 03:39:42', '2023-11-28 03:39:42'),
(819, 231, 1, '2023-11-28 03:40:00', NULL, NULL, NULL, 1, '2023-11-28 03:40:00', '2023-11-28 03:40:00'),
(820, 232, 1, '2023-11-28 03:40:37', NULL, NULL, NULL, 1, '2023-11-28 03:40:37', '2023-11-28 03:40:37'),
(821, 896, 2, '2023-11-28 03:44:30', NULL, NULL, NULL, 1, '2023-11-28 03:44:30', '2023-11-28 03:44:30'),
(822, 893, 1, '2023-11-28 03:44:41', NULL, NULL, NULL, 1, '2023-11-28 03:44:41', '2023-11-28 03:44:41'),
(823, 894, 1, '2023-11-28 03:44:45', NULL, NULL, NULL, 1, '2023-11-28 03:44:45', '2023-11-28 03:44:45'),
(824, 963, 2, '2023-11-28 03:44:56', NULL, NULL, NULL, 1, '2023-11-28 03:44:56', '2023-11-28 03:44:56'),
(825, 898, 1, '2023-11-28 03:45:02', NULL, NULL, NULL, 1, '2023-11-28 03:45:02', '2023-11-28 03:45:02'),
(826, 919, 1, '2023-11-28 03:46:30', NULL, NULL, NULL, 1, '2023-11-28 03:46:30', '2023-11-28 03:46:30'),
(827, 901, 1, '2023-11-28 03:46:47', NULL, NULL, NULL, 1, '2023-11-28 03:46:47', '2023-11-28 03:46:47'),
(828, 912, 1, '2023-11-28 03:47:56', NULL, NULL, NULL, 1, '2023-11-28 03:47:56', '2023-11-28 03:47:56'),
(829, 903, 1, '2023-11-28 03:47:56', NULL, NULL, NULL, 1, '2023-11-28 03:47:56', '2023-11-28 03:47:56'),
(830, 915, 1, '2023-11-28 03:48:18', NULL, NULL, NULL, 1, '2023-11-28 03:48:18', '2023-11-28 03:48:18'),
(831, 1256, 1, '2023-11-28 03:48:38', NULL, NULL, NULL, 1, '2023-11-28 03:48:38', '2023-11-28 03:48:38'),
(832, 913, 2, '2023-11-28 03:49:16', NULL, NULL, NULL, 1, '2023-11-28 03:49:16', '2023-11-28 03:49:16'),
(833, 1257, 2, '2023-11-28 03:49:31', NULL, NULL, NULL, 1, '2023-11-28 03:49:31', '2023-11-28 03:49:31'),
(834, 918, 1, '2023-11-28 03:49:53', NULL, NULL, NULL, 1, '2023-11-28 03:49:53', '2023-11-28 03:49:53'),
(835, 891, 1, '2023-11-28 03:49:59', NULL, NULL, NULL, 1, '2023-11-28 03:49:59', '2023-11-28 03:49:59'),
(836, 1255, 1, '2023-11-28 03:50:06', NULL, NULL, NULL, 1, '2023-11-28 03:50:06', '2023-11-28 03:50:06'),
(837, 1263, 2, '2023-11-28 03:50:42', NULL, NULL, NULL, 1, '2023-11-28 03:50:42', '2023-11-28 03:50:42'),
(838, 905, 2, '2023-11-28 03:50:49', NULL, NULL, NULL, 1, '2023-11-28 03:50:49', '2023-11-28 03:50:49'),
(839, 914, 1, '2023-11-28 03:50:55', NULL, NULL, NULL, 1, '2023-11-28 03:50:55', '2023-11-28 03:50:55'),
(840, 886, 2, '2023-11-28 03:51:24', NULL, NULL, NULL, 1, '2023-11-28 03:51:24', '2023-11-28 03:51:24'),
(841, 1521, 2, '2023-11-28 03:51:27', NULL, NULL, NULL, 1, '2023-11-28 03:51:27', '2023-11-28 03:51:27'),
(842, 904, 1, '2023-11-28 03:51:30', NULL, NULL, NULL, 1, '2023-11-28 03:51:30', '2023-11-28 03:51:30'),
(843, 1291, 1, '2023-11-28 03:51:45', NULL, NULL, NULL, 1, '2023-11-28 03:51:45', '2023-11-28 03:51:45'),
(844, 1302, 1, '2023-11-28 03:51:46', NULL, NULL, NULL, 1, '2023-11-28 03:51:46', '2023-11-28 03:51:46'),
(845, 895, 1, '2023-11-28 03:51:47', NULL, NULL, NULL, 1, '2023-11-28 03:51:47', '2023-11-28 03:51:47'),
(846, 1301, 1, '2023-11-28 03:51:48', NULL, NULL, NULL, 1, '2023-11-28 03:51:48', '2023-11-28 03:51:48'),
(847, 909, 1, '2023-11-28 03:52:24', NULL, NULL, NULL, 1, '2023-11-28 03:52:24', '2023-11-28 03:52:24'),
(848, 908, 1, '2023-11-28 03:53:13', NULL, NULL, NULL, 1, '2023-11-28 03:53:13', '2023-11-28 03:53:13'),
(849, 892, 1, '2023-11-28 03:53:16', NULL, NULL, NULL, 1, '2023-11-28 03:53:16', '2023-11-28 03:53:16'),
(850, 889, 2, '2023-11-28 03:53:28', NULL, NULL, NULL, 1, '2023-11-28 03:53:28', '2023-11-28 03:53:28'),
(851, 900, 1, '2023-11-28 03:54:21', NULL, NULL, NULL, 1, '2023-11-28 03:54:21', '2023-11-28 03:54:21'),
(852, 1313, 1, '2023-11-28 03:54:49', NULL, NULL, NULL, 1, '2023-11-28 03:54:49', '2023-11-28 03:54:49'),
(853, 910, 2, '2023-11-28 03:54:51', NULL, NULL, NULL, 1, '2023-11-28 03:54:51', '2023-11-28 03:54:51'),
(854, 1309, 1, '2023-11-28 03:54:55', NULL, NULL, NULL, 1, '2023-11-28 03:54:55', '2023-11-28 03:54:55'),
(855, 917, 2, '2023-11-28 03:54:56', NULL, NULL, NULL, 1, '2023-11-28 03:54:56', '2023-11-28 03:54:56'),
(856, 920, 2, '2023-11-28 03:55:20', NULL, NULL, NULL, 1, '2023-11-28 03:55:20', '2023-11-28 03:55:20'),
(857, 1533, 1, '2023-11-28 03:55:22', NULL, NULL, NULL, 1, '2023-11-28 03:55:22', '2023-11-28 03:55:22'),
(858, 911, 2, '2023-11-28 03:55:46', NULL, NULL, NULL, 1, '2023-11-28 03:55:46', '2023-11-28 03:55:46'),
(859, 906, 1, '2023-11-28 03:56:30', NULL, NULL, NULL, 1, '2023-11-28 03:56:30', '2023-11-28 03:56:30'),
(860, 916, 2, '2023-11-28 03:57:09', NULL, NULL, NULL, 1, '2023-11-28 03:57:09', '2023-11-28 03:57:09'),
(861, 907, 1, '2023-11-28 03:57:34', NULL, NULL, NULL, 1, '2023-11-28 03:57:34', '2023-11-28 03:57:34'),
(862, 897, 2, '2023-11-28 03:58:39', NULL, NULL, NULL, 1, '2023-11-28 03:58:39', '2023-11-28 03:58:39'),
(863, 937, 1, '2023-11-28 03:58:55', NULL, NULL, NULL, 1, '2023-11-28 03:58:55', '2023-11-28 03:58:55'),
(864, 890, 2, '2023-11-28 03:59:14', NULL, NULL, NULL, 1, '2023-11-28 03:59:14', '2023-11-28 03:59:14'),
(865, 883, 2, '2023-11-28 03:59:33', NULL, NULL, NULL, 1, '2023-11-28 03:59:33', '2023-11-28 03:59:33'),
(866, 1518, 1, '2023-11-28 03:59:39', NULL, NULL, NULL, 1, '2023-11-28 03:59:39', '2023-11-28 03:59:39'),
(867, 1519, 1, '2023-11-28 04:00:18', NULL, NULL, NULL, 1, '2023-11-28 04:00:18', '2023-11-28 04:00:18'),
(868, 440, 1, '2023-11-28 04:00:19', NULL, NULL, NULL, 1, '2023-11-28 04:00:19', '2023-11-28 04:00:19'),
(869, 921, 1, '2023-11-28 04:00:20', NULL, NULL, NULL, 1, '2023-11-28 04:00:20', '2023-11-28 04:00:20'),
(870, 835, 2, '2023-11-28 04:00:31', NULL, NULL, NULL, 1, '2023-11-28 04:00:31', '2023-11-28 04:00:31'),
(871, 1260, 1, '2023-11-28 04:01:08', NULL, NULL, NULL, 1, '2023-11-28 04:01:08', '2023-11-28 04:01:08'),
(872, 922, 1, '2023-11-28 04:01:11', NULL, NULL, NULL, 1, '2023-11-28 04:01:11', '2023-11-28 04:01:11'),
(873, 931, 1, '2023-11-28 04:01:20', NULL, NULL, NULL, 1, '2023-11-28 04:01:20', '2023-11-28 04:01:20'),
(874, 924, 1, '2023-11-28 04:01:28', NULL, NULL, NULL, 1, '2023-11-28 04:01:28', '2023-11-28 04:01:28'),
(875, 923, 2, '2023-11-28 04:02:43', NULL, NULL, NULL, 1, '2023-11-28 04:02:43', '2023-11-28 04:02:43'),
(876, 935, 1, '2023-11-28 04:02:46', NULL, NULL, NULL, 1, '2023-11-28 04:02:46', '2023-11-28 04:02:46'),
(877, 928, 1, '2023-11-28 04:03:12', NULL, NULL, NULL, 1, '2023-11-28 04:03:12', '2023-11-28 04:03:12'),
(878, 946, 1, '2023-11-28 04:03:55', NULL, NULL, NULL, 1, '2023-11-28 04:03:55', '2023-11-28 04:03:55'),
(879, 934, 1, '2023-11-28 04:04:02', NULL, NULL, NULL, 1, '2023-11-28 04:04:02', '2023-11-28 04:04:02'),
(880, 945, 1, '2023-11-28 04:04:04', NULL, NULL, NULL, 1, '2023-11-28 04:04:04', '2023-11-28 04:04:04'),
(881, 936, 1, '2023-11-28 04:04:32', NULL, NULL, NULL, 1, '2023-11-28 04:04:32', '2023-11-28 04:04:32'),
(882, 950, 1, '2023-11-28 04:04:33', NULL, NULL, NULL, 1, '2023-11-28 04:04:33', '2023-11-28 04:04:33'),
(883, 930, 1, '2023-11-28 04:05:30', NULL, NULL, NULL, 1, '2023-11-28 04:05:30', '2023-11-28 04:05:30'),
(884, 927, 1, '2023-11-28 04:06:00', NULL, NULL, NULL, 1, '2023-11-28 04:06:00', '2023-11-28 04:06:00'),
(885, 938, 1, '2023-11-28 04:06:07', NULL, NULL, NULL, 1, '2023-11-28 04:06:07', '2023-11-28 04:06:07'),
(886, 929, 1, '2023-11-28 04:06:13', NULL, NULL, NULL, 1, '2023-11-28 04:06:13', '2023-11-28 04:06:13'),
(887, 1532, 1, '2023-11-28 04:06:15', NULL, NULL, NULL, 1, '2023-11-28 04:06:15', '2023-11-28 04:06:15'),
(888, 1522, 1, '2023-11-28 04:06:26', NULL, NULL, NULL, 1, '2023-11-28 04:06:26', '2023-11-28 04:06:26'),
(889, 1267, 1, '2023-11-28 04:06:40', NULL, NULL, NULL, 1, '2023-11-28 04:06:40', '2023-11-28 04:06:40'),
(890, 926, 2, '2023-11-28 04:06:42', NULL, NULL, NULL, 1, '2023-11-28 04:06:42', '2023-11-28 04:06:42'),
(891, 949, 1, '2023-11-28 04:06:58', NULL, NULL, NULL, 1, '2023-11-28 04:06:58', '2023-11-28 04:06:58'),
(892, 925, 1, '2023-11-28 04:07:09', NULL, NULL, NULL, 1, '2023-11-28 04:07:09', '2023-11-28 04:07:09'),
(893, 943, 1, '2023-11-28 04:07:23', NULL, NULL, NULL, 1, '2023-11-28 04:07:23', '2023-11-28 04:07:23'),
(894, 1290, 1, '2023-11-28 04:07:32', NULL, NULL, NULL, 1, '2023-11-28 04:07:32', '2023-11-28 04:07:32'),
(895, 940, 1, '2023-11-28 04:07:55', NULL, NULL, NULL, 1, '2023-11-28 04:07:55', '2023-11-28 04:07:55'),
(896, 941, 2, '2023-11-28 04:08:11', NULL, NULL, NULL, 1, '2023-11-28 04:08:11', '2023-11-28 04:08:11'),
(897, 939, 2, '2023-11-28 04:08:26', NULL, NULL, NULL, 1, '2023-11-28 04:08:26', '2023-11-28 04:08:26'),
(898, 948, 1, '2023-11-28 04:08:31', NULL, NULL, NULL, 1, '2023-11-28 04:08:31', '2023-11-28 04:08:31'),
(899, 942, 1, '2023-11-28 04:08:55', NULL, NULL, NULL, 1, '2023-11-28 04:08:55', '2023-11-28 04:08:55'),
(900, 951, 2, '2023-11-28 04:09:12', NULL, NULL, NULL, 1, '2023-11-28 04:09:12', '2023-11-28 04:09:12'),
(901, 887, 2, '2023-11-28 04:09:41', NULL, NULL, NULL, 1, '2023-11-28 04:09:41', '2023-11-28 04:09:41'),
(902, 944, 1, '2023-11-28 04:09:55', NULL, NULL, NULL, 1, '2023-11-28 04:09:55', '2023-11-28 04:09:55'),
(903, 977, 1, '2023-11-28 04:10:01', NULL, NULL, NULL, 1, '2023-11-28 04:10:01', '2023-11-28 04:10:01'),
(904, 879, 1, '2023-11-28 04:11:53', NULL, NULL, NULL, 1, '2023-11-28 04:11:53', '2023-11-28 04:11:53'),
(905, 1238, 2, '2023-11-28 04:11:58', NULL, NULL, NULL, 1, '2023-11-28 04:11:58', '2023-11-28 04:11:58'),
(906, 1537, 1, '2023-11-28 04:12:32', NULL, NULL, NULL, 1, '2023-11-28 04:12:32', '2023-11-28 04:12:32'),
(907, 933, 1, '2023-11-28 04:12:42', NULL, NULL, NULL, 1, '2023-11-28 04:12:42', '2023-11-28 04:12:42'),
(908, 155, 2, '2023-11-28 04:13:13', NULL, NULL, NULL, 1, '2023-11-28 04:13:13', '2023-11-28 04:13:13'),
(909, 56, 1, '2023-11-28 04:13:45', NULL, NULL, NULL, 1, '2023-11-28 04:13:45', '2023-11-28 04:13:45'),
(910, 133, 1, '2023-11-28 04:13:52', NULL, NULL, NULL, 1, '2023-11-28 04:13:52', '2023-11-28 04:13:52'),
(911, 55, 1, '2023-11-28 04:13:58', NULL, NULL, NULL, 1, '2023-11-28 04:13:58', '2023-11-28 04:13:58'),
(912, 64, 1, '2023-11-28 04:14:02', NULL, NULL, NULL, 1, '2023-11-28 04:14:02', '2023-11-28 04:14:02'),
(913, 159, 1, '2023-11-28 04:14:02', NULL, NULL, NULL, 1, '2023-11-28 04:14:02', '2023-11-28 04:14:02'),
(914, 138, 2, '2023-11-28 04:14:04', NULL, NULL, NULL, 1, '2023-11-28 04:14:04', '2023-11-28 04:14:04'),
(915, 67, 1, '2023-11-28 04:14:14', NULL, NULL, NULL, 1, '2023-11-28 04:14:14', '2023-11-28 04:14:14'),
(916, 136, 2, '2023-11-28 04:14:20', NULL, NULL, NULL, 1, '2023-11-28 04:14:20', '2023-11-28 04:14:20'),
(917, 150, 1, '2023-11-28 04:14:29', NULL, NULL, NULL, 1, '2023-11-28 04:14:29', '2023-11-28 04:14:29'),
(918, 134, 2, '2023-11-28 04:15:01', NULL, NULL, NULL, 1, '2023-11-28 04:15:01', '2023-11-28 04:15:01'),
(919, 160, 1, '2023-11-28 04:15:16', NULL, NULL, NULL, 1, '2023-11-28 04:15:16', '2023-11-28 04:15:16'),
(920, 162, 1, '2023-11-28 04:15:27', NULL, NULL, NULL, 1, '2023-11-28 04:15:27', '2023-11-28 04:15:27'),
(921, 54, 1, '2023-11-28 04:15:39', NULL, NULL, NULL, 1, '2023-11-28 04:15:39', '2023-11-28 04:15:39'),
(922, 163, 2, '2023-11-28 04:15:40', NULL, NULL, NULL, 1, '2023-11-28 04:15:40', '2023-11-28 04:15:40'),
(923, 62, 1, '2023-11-28 04:15:41', NULL, NULL, NULL, 1, '2023-11-28 04:15:41', '2023-11-28 04:15:41'),
(924, 164, 2, '2023-11-28 04:15:49', NULL, NULL, NULL, 1, '2023-11-28 04:15:49', '2023-11-28 04:15:49'),
(925, 153, 2, '2023-11-28 04:16:01', NULL, NULL, NULL, 1, '2023-11-28 04:16:01', '2023-11-28 04:16:01'),
(926, 53, 1, '2023-11-28 04:16:06', NULL, NULL, NULL, 1, '2023-11-28 04:16:06', '2023-11-28 04:16:06'),
(927, 147, 2, '2023-11-28 04:16:22', NULL, NULL, NULL, 1, '2023-11-28 04:16:22', '2023-11-28 04:16:22'),
(928, 140, 2, '2023-11-28 04:16:56', NULL, NULL, NULL, 1, '2023-11-28 04:16:56', '2023-11-28 04:16:56'),
(929, 157, 2, '2023-11-28 04:17:14', NULL, NULL, NULL, 1, '2023-11-28 04:17:14', '2023-11-28 04:17:14'),
(930, 154, 2, '2023-11-28 04:17:16', NULL, NULL, NULL, 1, '2023-11-28 04:17:16', '2023-11-28 04:17:16'),
(931, 61, 1, '2023-11-28 04:17:23', NULL, NULL, NULL, 1, '2023-11-28 04:17:23', '2023-11-28 04:17:23'),
(932, 156, 2, '2023-11-28 04:17:44', NULL, NULL, NULL, 1, '2023-11-28 04:17:44', '2023-11-28 04:17:44'),
(933, 65, 1, '2023-11-28 04:17:47', NULL, NULL, NULL, 1, '2023-11-28 04:17:47', '2023-11-28 04:17:47'),
(934, 161, 1, '2023-11-28 04:17:49', NULL, NULL, NULL, 1, '2023-11-28 04:17:49', '2023-11-28 04:17:49'),
(935, 52, 1, '2023-11-28 04:18:06', NULL, NULL, NULL, 1, '2023-11-28 04:18:06', '2023-11-28 04:18:06'),
(936, 1286, 2, '2023-11-28 04:18:17', NULL, NULL, NULL, 1, '2023-11-28 04:18:17', '2023-11-28 04:18:17'),
(937, 135, 2, '2023-11-28 04:18:21', NULL, NULL, NULL, 1, '2023-11-28 04:18:21', '2023-11-28 04:18:21'),
(938, 59, 2, '2023-11-28 04:18:28', NULL, NULL, NULL, 1, '2023-11-28 04:18:28', '2023-11-28 04:18:28'),
(939, 146, 1, '2023-11-28 04:19:05', NULL, NULL, NULL, 1, '2023-11-28 04:19:05', '2023-11-28 04:19:05'),
(940, 57, 1, '2023-11-28 04:19:21', NULL, NULL, NULL, 1, '2023-11-28 04:19:21', '2023-11-28 04:19:21'),
(941, 51, 1, '2023-11-28 04:19:38', NULL, NULL, NULL, 1, '2023-11-28 04:19:38', '2023-11-28 04:19:38'),
(942, 60, 1, '2023-11-28 04:19:45', NULL, NULL, NULL, 1, '2023-11-28 04:19:45', '2023-11-28 04:19:45'),
(943, 1288, 2, '2023-11-28 04:19:59', NULL, NULL, NULL, 1, '2023-11-28 04:19:59', '2023-11-28 04:19:59'),
(944, 145, 2, '2023-11-28 04:20:14', NULL, NULL, NULL, 1, '2023-11-28 04:20:14', '2023-11-28 04:20:14'),
(945, 143, 2, '2023-11-28 04:20:15', NULL, NULL, NULL, 1, '2023-11-28 04:20:15', '2023-11-28 04:20:15'),
(946, 58, 1, '2023-11-28 04:21:03', NULL, NULL, NULL, 1, '2023-11-28 04:21:03', '2023-11-28 04:21:03'),
(947, 1127, 2, '2023-11-28 04:22:00', NULL, NULL, NULL, 1, '2023-11-28 04:22:00', '2023-11-28 04:22:00'),
(948, 765, 2, '2023-11-28 04:22:49', NULL, NULL, NULL, 1, '2023-11-28 04:22:49', '2023-11-28 04:22:49'),
(949, 875, 2, '2023-11-28 04:23:52', NULL, NULL, NULL, 1, '2023-11-28 04:23:52', '2023-11-28 04:23:52'),
(950, 1206, 1, '2023-11-28 04:24:00', NULL, NULL, NULL, 1, '2023-11-28 04:24:00', '2023-11-28 04:24:00'),
(951, 1205, 1, '2023-11-28 04:24:06', NULL, NULL, NULL, 1, '2023-11-28 04:24:06', '2023-11-28 04:24:06'),
(952, 1220, 1, '2023-11-28 04:24:08', NULL, NULL, NULL, 1, '2023-11-28 04:24:08', '2023-11-28 04:24:08'),
(953, 1146, 1, '2023-11-28 04:24:51', NULL, NULL, NULL, 1, '2023-11-28 04:24:51', '2023-11-28 04:24:51'),
(954, 1124, 2, '2023-11-28 04:25:00', NULL, NULL, NULL, 1, '2023-11-28 04:25:00', '2023-11-28 04:25:00'),
(955, 1261, 1, '2023-11-28 04:25:07', NULL, NULL, NULL, 1, '2023-11-28 04:25:07', '2023-11-28 04:25:07'),
(956, 852, 2, '2023-11-28 04:25:59', NULL, NULL, NULL, 1, '2023-11-28 04:25:59', '2023-11-28 04:25:59'),
(957, 947, 2, '2023-11-28 04:26:02', NULL, NULL, NULL, 1, '2023-11-28 04:26:02', '2023-11-28 04:26:02'),
(958, 1317, 2, '2023-11-28 04:26:45', NULL, NULL, NULL, 1, '2023-11-28 04:26:45', '2023-11-28 04:26:45'),
(959, 1239, 1, '2023-11-28 04:27:10', NULL, NULL, NULL, 1, '2023-11-28 04:27:10', '2023-11-28 04:27:10'),
(960, 1237, 2, '2023-11-28 04:27:50', NULL, NULL, NULL, 1, '2023-11-28 04:27:50', '2023-11-28 04:27:50'),
(961, 1530, 1, '2023-11-28 04:28:02', NULL, NULL, NULL, 1, '2023-11-28 04:28:02', '2023-11-28 04:28:02'),
(962, 876, 2, '2023-11-28 04:28:19', NULL, NULL, NULL, 1, '2023-11-28 04:28:19', '2023-11-28 04:28:19'),
(963, 853, 2, '2023-11-28 04:30:00', NULL, NULL, NULL, 1, '2023-11-28 04:30:00', '2023-11-28 04:30:00'),
(964, 881, 2, '2023-11-28 04:30:37', NULL, NULL, NULL, 1, '2023-11-28 04:30:37', '2023-11-28 04:30:37'),
(965, 899, 1, '2023-11-28 04:30:46', NULL, NULL, NULL, 1, '2023-11-28 04:30:46', '2023-11-28 04:30:46'),
(966, 878, 2, '2023-11-28 04:30:59', NULL, NULL, NULL, 1, '2023-11-28 04:30:59', '2023-11-28 04:30:59'),
(967, 866, 2, '2023-11-28 04:32:27', NULL, NULL, NULL, 1, '2023-11-28 04:32:27', '2023-11-28 04:32:27');
INSERT INTO `pemilihan` (`id_pemilihan`, `id_peserta`, `id_kandidat`, `waktu`, `longtitude`, `latitude`, `mac`, `status`, `created_at`, `updated_at`) VALUES
(968, 874, 2, '2023-11-28 04:33:23', NULL, NULL, NULL, 1, '2023-11-28 04:33:23', '2023-11-28 04:33:23'),
(969, 1244, 1, '2023-11-28 04:34:17', NULL, NULL, NULL, 1, '2023-11-28 04:34:17', '2023-11-28 04:34:17'),
(970, 999, 1, '2023-11-28 04:35:21', NULL, NULL, NULL, 1, '2023-11-28 04:35:21', '2023-11-28 04:35:21'),
(971, 1032, 2, '2023-11-28 04:35:34', NULL, NULL, NULL, 1, '2023-11-28 04:35:34', '2023-11-28 04:35:34'),
(972, 850, 2, '2023-11-28 04:36:25', NULL, NULL, NULL, 1, '2023-11-28 04:36:25', '2023-11-28 04:36:25'),
(973, 455, 1, '2023-11-28 04:37:02', NULL, NULL, NULL, 1, '2023-11-28 04:37:02', '2023-11-28 04:37:02'),
(974, 447, 1, '2023-11-28 04:37:22', NULL, NULL, NULL, 1, '2023-11-28 04:37:22', '2023-11-28 04:37:22'),
(975, 1242, 1, '2023-11-28 04:40:30', NULL, NULL, NULL, 1, '2023-11-28 04:40:30', '2023-11-28 04:40:30'),
(976, 1246, 1, '2023-11-28 04:40:33', NULL, NULL, NULL, 1, '2023-11-28 04:40:33', '2023-11-28 04:40:33'),
(977, 38, 1, '2023-11-28 04:40:38', NULL, NULL, NULL, 1, '2023-11-28 04:40:38', '2023-11-28 04:40:38'),
(978, 1307, 2, '2023-11-28 04:40:52', NULL, NULL, NULL, 1, '2023-11-28 04:40:52', '2023-11-28 04:40:52'),
(979, 43, 1, '2023-11-28 04:41:18', NULL, NULL, NULL, 1, '2023-11-28 04:41:18', '2023-11-28 04:41:18'),
(980, 41, 2, '2023-11-28 04:41:18', NULL, NULL, NULL, 1, '2023-11-28 04:41:18', '2023-11-28 04:41:18'),
(981, 40, 1, '2023-11-28 04:42:01', NULL, NULL, NULL, 1, '2023-11-28 04:42:01', '2023-11-28 04:42:01'),
(982, 1312, 1, '2023-11-28 04:42:09', NULL, NULL, NULL, 1, '2023-11-28 04:42:09', '2023-11-28 04:42:09'),
(983, 35, 1, '2023-11-28 04:42:30', NULL, NULL, NULL, 1, '2023-11-28 04:42:30', '2023-11-28 04:42:30'),
(984, 36, 1, '2023-11-28 04:42:49', NULL, NULL, NULL, 1, '2023-11-28 04:42:49', '2023-11-28 04:42:49'),
(985, 46, 1, '2023-11-28 04:43:01', NULL, NULL, NULL, 1, '2023-11-28 04:43:01', '2023-11-28 04:43:01'),
(986, 45, 1, '2023-11-28 04:44:33', NULL, NULL, NULL, 1, '2023-11-28 04:44:33', '2023-11-28 04:44:33'),
(987, 44, 2, '2023-11-28 04:45:06', NULL, NULL, NULL, 1, '2023-11-28 04:45:06', '2023-11-28 04:45:06'),
(988, 39, 1, '2023-11-28 04:45:27', NULL, NULL, NULL, 1, '2023-11-28 04:45:27', '2023-11-28 04:45:27'),
(989, 37, 1, '2023-11-28 04:45:38', NULL, NULL, NULL, 1, '2023-11-28 04:45:38', '2023-11-28 04:45:38'),
(990, 42, 1, '2023-11-28 04:47:04', NULL, NULL, NULL, 1, '2023-11-28 04:47:04', '2023-11-28 04:47:04'),
(991, 48, 1, '2023-11-28 04:47:16', NULL, NULL, NULL, 1, '2023-11-28 04:47:16', '2023-11-28 04:47:16'),
(992, 49, 1, '2023-11-28 04:47:49', NULL, NULL, NULL, 1, '2023-11-28 04:47:49', '2023-11-28 04:47:49'),
(993, 175, 2, '2023-11-28 04:49:17', NULL, NULL, NULL, 1, '2023-11-28 04:49:17', '2023-11-28 04:49:17'),
(994, 185, 2, '2023-11-28 04:49:28', NULL, NULL, NULL, 1, '2023-11-28 04:49:28', '2023-11-28 04:49:28'),
(995, 1248, 1, '2023-11-28 04:51:25', NULL, NULL, NULL, 1, '2023-11-28 04:51:25', '2023-11-28 04:51:25'),
(996, 1308, 1, '2023-11-28 04:52:13', NULL, NULL, NULL, 1, '2023-11-28 04:52:13', '2023-11-28 04:52:13'),
(997, 1120, 2, '2023-11-28 04:54:32', NULL, NULL, NULL, 1, '2023-11-28 04:54:32', '2023-11-28 04:54:32'),
(998, 31, 1, '2023-11-28 04:54:32', NULL, NULL, NULL, 1, '2023-11-28 04:54:32', '2023-11-28 04:54:32'),
(999, 1103, 2, '2023-11-28 04:54:39', NULL, NULL, NULL, 1, '2023-11-28 04:54:39', '2023-11-28 04:54:39'),
(1000, 1118, 2, '2023-11-28 04:54:58', NULL, NULL, NULL, 1, '2023-11-28 04:54:58', '2023-11-28 04:54:58'),
(1001, 1304, 2, '2023-11-28 04:55:06', NULL, NULL, NULL, 1, '2023-11-28 04:55:06', '2023-11-28 04:55:06'),
(1002, 34, 1, '2023-11-28 04:55:10', NULL, NULL, NULL, 1, '2023-11-28 04:55:10', '2023-11-28 04:55:10'),
(1003, 1115, 2, '2023-11-28 04:55:33', NULL, NULL, NULL, 1, '2023-11-28 04:55:33', '2023-11-28 04:55:33'),
(1004, 1119, 2, '2023-11-28 04:56:27', NULL, NULL, NULL, 1, '2023-11-28 04:56:27', '2023-11-28 04:56:27'),
(1005, 1104, 2, '2023-11-28 04:59:04', NULL, NULL, NULL, 1, '2023-11-28 04:59:04', '2023-11-28 04:59:04'),
(1006, 1111, 2, '2023-11-28 04:59:08', NULL, NULL, NULL, 1, '2023-11-28 04:59:08', '2023-11-28 04:59:08'),
(1007, 25, 1, '2023-11-28 05:01:43', NULL, NULL, NULL, 1, '2023-11-28 05:01:43', '2023-11-28 05:01:43'),
(1008, 18, 1, '2023-11-28 05:01:46', NULL, NULL, NULL, 1, '2023-11-28 05:01:46', '2023-11-28 05:01:46'),
(1009, 29, 1, '2023-11-28 05:02:12', NULL, NULL, NULL, 1, '2023-11-28 05:02:12', '2023-11-28 05:02:12'),
(1010, 24, 1, '2023-11-28 05:02:55', NULL, NULL, NULL, 1, '2023-11-28 05:02:55', '2023-11-28 05:02:55'),
(1011, 19, 1, '2023-11-28 05:07:06', NULL, NULL, NULL, 1, '2023-11-28 05:07:06', '2023-11-28 05:07:06'),
(1012, 22, 1, '2023-11-28 05:07:52', NULL, NULL, NULL, 1, '2023-11-28 05:07:52', '2023-11-28 05:07:52'),
(1013, 26, 1, '2023-11-28 05:08:46', NULL, NULL, NULL, 1, '2023-11-28 05:08:46', '2023-11-28 05:08:46'),
(1014, 23, 1, '2023-11-28 05:09:29', NULL, NULL, NULL, 1, '2023-11-28 05:09:29', '2023-11-28 05:09:29'),
(1015, 27, 1, '2023-11-28 05:11:23', NULL, NULL, NULL, 1, '2023-11-28 05:11:23', '2023-11-28 05:11:23'),
(1016, 30, 1, '2023-11-28 05:13:23', NULL, NULL, NULL, 1, '2023-11-28 05:13:23', '2023-11-28 05:13:23'),
(1017, 20, 1, '2023-11-28 05:19:37', NULL, NULL, NULL, 1, '2023-11-28 05:19:37', '2023-11-28 05:19:37'),
(1018, 1296, 1, '2023-11-28 05:20:53', NULL, NULL, NULL, 1, '2023-11-28 05:20:53', '2023-11-28 05:20:53'),
(1019, 1139, 1, '2023-11-28 05:26:33', NULL, NULL, NULL, 1, '2023-11-28 05:26:33', '2023-11-28 05:26:33'),
(1020, 1029, 2, '2023-11-28 05:31:16', NULL, NULL, NULL, 1, '2023-11-28 05:31:16', '2023-11-28 05:31:16'),
(1021, 995, 1, '2023-11-28 05:31:55', NULL, NULL, NULL, 1, '2023-11-28 05:31:55', '2023-11-28 05:31:55'),
(1022, 1048, 2, '2023-11-28 05:31:56', NULL, NULL, NULL, 1, '2023-11-28 05:31:56', '2023-11-28 05:31:56'),
(1023, 1038, 1, '2023-11-28 05:32:14', NULL, NULL, NULL, 1, '2023-11-28 05:32:14', '2023-11-28 05:32:14'),
(1024, 1010, 1, '2023-11-28 05:32:22', NULL, NULL, NULL, 1, '2023-11-28 05:32:22', '2023-11-28 05:32:22'),
(1025, 1135, 1, '2023-11-28 05:32:35', NULL, NULL, NULL, 1, '2023-11-28 05:32:35', '2023-11-28 05:32:35'),
(1026, 1147, 2, '2023-11-28 05:32:53', NULL, NULL, NULL, 1, '2023-11-28 05:32:53', '2023-11-28 05:32:53'),
(1027, 1254, 1, '2023-11-28 05:35:06', NULL, NULL, NULL, 1, '2023-11-28 05:35:06', '2023-11-28 05:35:06'),
(1028, 1175, 2, '2023-11-28 05:36:42', NULL, NULL, NULL, 1, '2023-11-28 05:36:42', '2023-11-28 05:36:42'),
(1029, 1181, 2, '2023-11-28 05:37:03', NULL, NULL, NULL, 1, '2023-11-28 05:37:03', '2023-11-28 05:37:03'),
(1030, 862, 2, '2023-11-28 05:38:24', NULL, NULL, NULL, 1, '2023-11-28 05:38:24', '2023-11-28 05:38:24'),
(1031, 861, 2, '2023-11-28 05:41:34', NULL, NULL, NULL, 1, '2023-11-28 05:41:34', '2023-11-28 05:41:34'),
(1032, 868, 2, '2023-11-28 05:45:34', NULL, NULL, NULL, 1, '2023-11-28 05:45:34', '2023-11-28 05:45:34'),
(1033, 1287, 1, '2023-11-28 05:45:59', NULL, NULL, NULL, 1, '2023-11-28 05:45:59', '2023-11-28 05:45:59'),
(1034, 872, 2, '2023-11-28 05:46:04', NULL, NULL, NULL, 1, '2023-11-28 05:46:04', '2023-11-28 05:46:04'),
(1035, 1275, 1, '2023-11-28 06:00:25', NULL, NULL, NULL, 1, '2023-11-28 06:00:25', '2023-11-28 06:00:25'),
(1036, 1293, 1, '2023-11-28 06:01:01', NULL, NULL, NULL, 1, '2023-11-28 06:01:01', '2023-11-28 06:01:01'),
(1037, 1232, 1, '2023-11-28 08:02:19', NULL, NULL, NULL, 1, '2023-11-28 08:02:19', '2023-11-28 08:02:19'),
(1038, 1541, 1, '2024-03-03 12:39:20', NULL, NULL, NULL, 1, '2024-03-03 12:39:20', '2024-03-03 12:39:20');

-- --------------------------------------------------------

--
-- Struktur dari tabel `personal_access_tokens`
--

CREATE TABLE `personal_access_tokens` (
  `id` bigint(20) UNSIGNED NOT NULL,
  `tokenable_type` varchar(255) NOT NULL,
  `tokenable_id` bigint(20) UNSIGNED NOT NULL,
  `name` varchar(255) NOT NULL,
  `token` varchar(64) NOT NULL,
  `abilities` text DEFAULT NULL,
  `last_used_at` timestamp NULL DEFAULT NULL,
  `expires_at` timestamp NULL DEFAULT NULL,
  `created_at` timestamp NULL DEFAULT NULL,
  `updated_at` timestamp NULL DEFAULT NULL
) ENGINE=InnoDB DEFAULT CHARSET=utf8mb4 COLLATE=utf8mb4_unicode_ci ROW_FORMAT=DYNAMIC;

--
-- Dumping data untuk tabel `personal_access_tokens`
--

INSERT INTO `personal_access_tokens` (`id`, `tokenable_type`, `tokenable_id`, `name`, `token`, `abilities`, `last_used_at`, `expires_at`, `created_at`, `updated_at`) VALUES
(1170, 'App\\Models\\Peserta', 27, 'api-token', '026595aba8b104525fe2167b8033137ee64f8cd549640b922ef5aa14ee94890d', '[\"*\"]', '2023-11-28 05:11:23', NULL, '2023-11-28 05:11:11', '2023-11-28 05:11:23'),
(1195, 'App\\Models\\Peserta', 1232, 'api-token', 'e810ebbf340964b35d11120b88503a87cceb82747a04bfc17f3bc2a6134767b5', '[\"*\"]', '2023-11-28 07:51:15', NULL, '2023-11-28 07:50:40', '2023-11-28 07:51:15'),
(1196, 'App\\Models\\Peserta', 1232, 'api-token', '5a9bec21e0862566a91512295d0305b75083cb870115e9f195dd36036042691c', '[\"*\"]', '2023-11-28 08:02:26', NULL, '2023-11-28 08:02:00', '2023-11-28 08:02:26');

-- --------------------------------------------------------

--
-- Struktur dari tabel `peserta`
--

CREATE TABLE `peserta` (
  `id_peserta` bigint(20) UNSIGNED NOT NULL,
  `nama_peserta` varchar(255) NOT NULL,
  `tipe` int(11) NOT NULL,
  `qr_code` varchar(255) DEFAULT NULL,
  `tingkatan` int(11) DEFAULT NULL,
  `id_kelas` bigint(20) UNSIGNED DEFAULT NULL,
  `status` int(11) NOT NULL DEFAULT 1,
  `created_at` timestamp NULL DEFAULT NULL,
  `updated_at` timestamp NULL DEFAULT NULL
) ENGINE=InnoDB DEFAULT CHARSET=utf8mb4 COLLATE=utf8mb4_unicode_ci ROW_FORMAT=DYNAMIC;

--
-- Dumping data untuk tabel `peserta`
--

INSERT INTO `peserta` (`id_peserta`, `nama_peserta`, `tipe`, `qr_code`, `tingkatan`, `id_kelas`, `status`, `created_at`, `updated_at`) VALUES
(1, 'ADINDA DWI FEBY WIDARTO', 1, 'vcdURyTr3SV9lzfFAfVuGP9Tb6lXWGKd2XYZmMeZ', 1, 3, 1, '2023-10-25 14:12:39', '2023-10-25 14:12:39'),
(2, 'AHMAD RIDHO SAPUTRA', 1, 'hxpQGVcHjUECPTZ0pPQHW7LAYB7SWODijfyZA9cd', 1, 3, 1, '2023-10-25 14:12:39', '2023-10-25 14:12:39'),
(3, 'ALDA KRISTIN', 1, 'NhoVcqJt9q3hxvjyA0kVMnqm0S0JNP010y3dHcQh', 1, 3, 1, '2023-10-25 14:12:39', '2023-10-25 14:12:39'),
(4, 'ANISA AGUSTIN', 1, 'KDlSKKzOL5UFemxxf3uAhXnVtYU5XSGu2awgwvrR', 1, 3, 1, '2023-10-25 14:12:39', '2023-10-25 14:12:39'),
(5, 'AZIZATUN NABILA', 1, 'iRdhQldinMETaQTQ6LCouBEzjz3jJHGkQ7CNdosD', 1, 3, 1, '2023-10-25 14:12:39', '2023-10-25 14:12:39'),
(6, 'CHELSY ALICIA THIMOTY', 1, 'Y0g8HD2VoWnMmb3M0ZUYng6zIpQymhG6ki4vvsZF', 1, 3, 1, '2023-10-25 14:12:39', '2023-10-25 14:12:39'),
(7, 'DEWI AYU VERONICA', 1, '6LUaJCpGxzQKsZxOulGYvnEWKDgQ6cwaEWda26hD', 1, 3, 1, '2023-10-25 14:12:39', '2023-10-25 14:12:39'),
(8, 'DWI RANI ANDINI', 1, 'SIDL0isYH7VBExiImr6EqzqhSYxiiWiIjzlNCJRj', 1, 3, 1, '2023-10-25 14:12:39', '2023-10-25 14:12:39'),
(9, 'GUNAWAN FERI SUSANTO', 1, 'MTPtgDeu6BuRFR31LdPcCBJB8ZRpwsNnYkV71v7O', 1, 3, 1, '2023-10-25 14:12:39', '2023-10-25 14:12:39'),
(10, 'HAIRIA UMMAH', 1, '4ajVVqSUDDpXDjsehiCtPqKViELeZAP4tGuME4yQ', 1, 3, 1, '2023-10-25 14:12:39', '2023-10-25 14:12:39'),
(11, 'HUZAIMAH ALIFIA AMRAH', 1, 'X7pPDX9P9vehJBa4VwxHhtQ5iY1bezQf5jahWgnf', 1, 3, 1, '2023-10-25 14:12:39', '2023-10-25 14:12:39'),
(12, 'JESICA SELVIANA DEWI', 1, 'b20I4d3o57mL2C9RezUDE6mb1eyVVjYH1iNUt0uW', 1, 3, 1, '2023-10-25 14:12:39', '2023-10-25 14:12:39'),
(13, 'KHARISMA PUTRI ANGGRAINI', 1, 'tYc8pjZ94ExltLVtUnUcaSElRnxYZlkAXbsvjiru', 1, 3, 1, '2023-10-25 14:12:39', '2023-10-25 14:12:39'),
(14, 'MAYA DWI ARISANTY', 1, '3bApMVAOnAr7EOc75a27uaDFP5oM9aWgRT1QKR8h', 1, 3, 1, '2023-10-25 14:12:39', '2023-10-25 14:12:39'),
(15, 'MOHAMMAD RAFELIAN FIRDAUS', 1, 'Wja81d1sNgrF9lO90DXXlg5mPtQOFMYJIF1YFr9f', 1, 3, 1, '2023-10-25 14:12:39', '2023-10-25 14:12:39'),
(16, 'MUHAMMAD ARDIANSYAH PRATAMA', 1, 'bOVTFC0yOkkBZSUUTW17rWJ7ea5RnDty1DKCXdP0', 1, 3, 1, '2023-10-25 14:12:39', '2023-10-25 14:12:39'),
(17, 'MUHAMMAD IFAN KHAIRUL UMAM', 1, 'vSjxeK9UL3zq9VLyhcrQWbq6G0POmuZeG270pLMm', 1, 3, 1, '2023-10-25 14:12:39', '2023-10-25 14:12:39'),
(18, 'NADIA AYU PUJIANSYAH', 1, 'Ik6MUlGV4XCJkIUPfYzkDHLZZAqdNdtTugem01Mc', 1, 3, 1, '2023-10-25 14:12:39', '2023-10-25 14:12:39'),
(19, 'NADYA CANTIKA DAMA YANTI', 1, 'a3cP5rOnVnr4aODlMHsbErLCCykEW5kps4btU9u4', 1, 3, 1, '2023-10-25 14:12:39', '2023-10-25 14:12:39'),
(20, 'NAJWA FIBRIA JANNATIL ADNI', 1, 'RYi6ZPPgMWALVAfgXUUB3TA31ZrhDeQ6dBSOah3x', 1, 3, 1, '2023-10-25 14:12:39', '2023-10-25 14:12:39'),
(21, 'NOURA PUTRI ARILAM', 1, '7V8ty1BoeDOrFp3So6m7Jy4h5SMbRdMVDsL4uJpz', 1, 3, 1, '2023-10-25 14:12:39', '2023-10-25 14:12:39'),
(22, 'PUTRI YOFI SALWA AWLIA', 1, 'uMvx8fetwebcuM7qci7DKhNhTlcuWZullqCtZ4Rv', 1, 3, 1, '2023-10-25 14:12:39', '2023-10-25 14:12:39'),
(23, 'RAFISATUS SYARRI', 1, 'qYG6qLkSDBJpOxE84pnD2Rw2PBKResEt12bqHYku', 1, 3, 1, '2023-10-25 14:12:39', '2023-10-25 14:12:39'),
(24, 'RAYSA ANINDYA', 1, 'GsM7TqdO6QuSRKIlPf79VP7HBxK9WMYWaIiAgKFS', 1, 3, 1, '2023-10-25 14:12:39', '2023-10-25 14:12:39'),
(25, 'REVATUL HASANAH', 1, 'BorVfXE5WaCC4B5Hq8E3TNTfdxnMWP7sHO2V3168', 1, 3, 1, '2023-10-25 14:12:39', '2023-10-25 14:12:39'),
(26, 'RISQI SILVIANA', 1, 'VyuGygO9ewDAdNoMOUZk0xg9PWOxDsZlXnW90eh6', 1, 3, 1, '2023-10-25 14:12:39', '2023-10-25 14:12:39'),
(27, 'SAADAH', 1, 'lgTWnYuo37rl30ACCVQU9fUyIOm2ifG5zjyo6aYl', 1, 3, 1, '2023-10-25 14:12:39', '2023-10-25 14:12:39'),
(28, 'SAHWA SAQA TITTARRA', 1, 'QVUyQpAlWp6sHe6GdXYqRP0Q9TDSDfgPJLmw2I87', 1, 3, 0, '2023-10-25 14:12:39', '2023-11-17 13:05:32'),
(29, 'SALSABILA AME NATALAURA', 1, 'fgJTCLATl8bB43Z9wB4M7Ww8eDa7gJIZumarHp5C', 1, 3, 1, '2023-10-25 14:12:39', '2023-10-25 14:12:39'),
(30, 'SITI RATNA MAISAROH', 1, 'Jz8ZwyE4eYhTRTqKtHr5uArtVwOpYPbzlQU70F6i', 1, 3, 1, '2023-10-25 14:12:39', '2023-10-25 14:12:39'),
(31, 'UUN WULANDARI', 1, 'ojecUvleoX4ZHt6X2DwWU58Ut6zbAPyWs7mXc6A7', 1, 3, 1, '2023-10-25 14:12:39', '2023-10-25 14:12:39'),
(32, 'YASMIN AURA PUTRI', 1, 'DhBqPf2nXJ4SxEVXrYHi4wkyDOOqDS0oJL1HEbtc', 1, 3, 1, '2023-10-25 14:12:39', '2023-10-25 14:12:39'),
(33, 'YUMNA ILMIAH FEBRIYANTI', 1, 'few3eP8SfPfbHrbBqlOr1KTckAaUhufFXZaHr2Ps', 1, 3, 1, '2023-10-25 14:12:39', '2023-10-25 14:12:39'),
(34, 'ZAHRATUL LAELI', 1, 'W6gmARwQMzMo05hm4Rg50GLogCObAvLhpevdib8y', 1, 3, 1, '2023-10-25 14:12:39', '2023-10-25 14:12:39'),
(35, 'AISYAH DIVA NADYA', 1, 'KeQIVhZWO1jFqwBmo7hUPuotspqWSXdoGnIxPXYP', 1, 4, 1, '2023-10-25 14:12:45', '2023-10-25 14:12:45'),
(36, 'ALIKA ATTABILA', 1, 'fSuGKdspvTQCI19YIqqdfUJuTSNhS67IbzeR0Ql7', 1, 4, 1, '2023-10-25 14:12:45', '2023-10-25 14:12:45'),
(37, 'AULIA PUTRI ANGRAINI', 1, 'nNQW8D0kjthvxNFb41nBBcsZ7nSkkbuOXWpwZ4Go', 1, 4, 1, '2023-10-25 14:12:45', '2023-10-25 14:12:45'),
(38, 'BERLIANA FADHILA DWI WINDARTI', 1, 'qRCHCKl7K4svoMTKCHDpoLy0R3GP0gqgcvfnePUr', 1, 4, 1, '2023-10-25 14:12:45', '2023-10-25 14:12:45'),
(39, 'DELVI NURUL FRANSISKA', 1, '2S5XhZPJg9ZxTDXQx2q1fvOTPTokpZtGF6rWPg1B', 1, 4, 1, '2023-10-25 14:12:45', '2023-10-25 14:12:45'),
(40, 'DWI PUTRI RAMADHANI', 1, 'HxDecpZPhZmthTSiyNUfgF70VkTPf2UpNP4WPVW1', 1, 4, 1, '2023-10-25 14:12:45', '2023-10-25 14:12:45'),
(41, 'FADILATUL NAFIAH', 1, 'gIoKQqchVkqKljnWqCV1tuBc93owSz1DNS8NVTBb', 1, 4, 1, '2023-10-25 14:12:45', '2023-10-25 14:12:45'),
(42, 'FAJAR WAHYU NABILALSYAH', 1, 'NdGiysaSLkr3emuqGEzBtejIcqE0hvGnlsFdtz5P', 1, 4, 1, '2023-10-25 14:12:45', '2023-10-25 14:12:45'),
(43, 'HALIMATUS ZUHRIYA', 1, 'nEKdZmHF6HAsRF4BHyWZqQcaYqTwnrzD5cejgOz8', 1, 4, 1, '2023-10-25 14:12:45', '2023-10-25 14:12:45'),
(44, 'INTAN FAUZIYAH', 1, 'Ll9sQeSuiygfnzYbyEtMPuuzzybVA8yZe4YlYEQ9', 1, 4, 1, '2023-10-25 14:12:45', '2023-10-25 14:12:45'),
(45, 'JHENIS SALSABILA RAMADANY', 1, 'KtAQ1lytHLhwK9IvQRKt2H3RMLIVSNom2f7px7XN', 1, 4, 1, '2023-10-25 14:12:45', '2023-10-25 14:12:45'),
(46, 'MAULIDATUR RIZQOH IZZATURRAHMAH', 1, 'WLO6UbVSqXOqwg9AR9cxSfHYeowoMpDaHKV9PCJO', 1, 4, 1, '2023-10-25 14:12:45', '2023-10-25 14:12:45'),
(47, 'MOCHAMMAD THESAR FEBRIAN', 1, 'TKL3IF7SbZKPeqNxxe7J4cREnYZLAZssRLXWC2oF', 1, 4, 1, '2023-10-25 14:12:45', '2023-10-25 14:12:45'),
(48, 'MUHAMMAD ALI FAHMI', 1, 'lQF75N1QVn9pSznYcuUO72w82nNihlDBWX9eQ57i', 1, 4, 1, '2023-10-25 14:12:45', '2023-10-25 14:12:45'),
(49, 'MUHAMMAD FARHAN HIDAYATULLAH', 1, '8SYVe8tXefaAXK9blm1vDlGTX1XxJpZCOF00ut0y', 1, 4, 1, '2023-10-25 14:12:45', '2023-10-25 14:12:45'),
(50, 'MUHAMMAD RIDHO ILLAH', 1, 'DogjundSRqsParboGL96jvgtS2qdcYaGP92FLJgo', 1, 4, 1, '2023-10-25 14:12:45', '2023-10-25 14:12:45'),
(51, 'NABILA DWI NOFIA MAHARANI', 1, 'PXfYktT3fAlZLDsKKmGfgCVBJZnyPDZLRsaEld4S', 1, 4, 1, '2023-10-25 14:12:45', '2023-10-25 14:12:45'),
(52, 'NADINE NOKTA WIJAYA', 1, 'UEifdFnAv30ZVs7svRvSXfoyXV8egHK2zmI3n3tc', 1, 4, 1, '2023-10-25 14:12:45', '2023-10-25 14:12:45'),
(53, 'NADYA KAYLA KHAYRUNNISA', 1, 'rpcg7to1czm1nhOb1pe68aoWh1aaAnVI8l6UGDAy', 1, 4, 1, '2023-10-25 14:12:45', '2023-10-25 14:12:45'),
(54, 'NAYLATUL AFROH', 1, 'ofzKjWRCQtzm3wA54N4hQn5MPXRALYFk5oz7lcBZ', 1, 4, 1, '2023-10-25 14:12:45', '2023-10-25 14:12:45'),
(55, 'NURIN NAJMA FAJRIAH', 1, 'cCW6j0OzPF4deDzk1ZZjBmLmLP6qjvRk9CGvpjk7', 1, 4, 1, '2023-10-25 14:12:45', '2023-10-25 14:12:45'),
(56, 'RADYA CLARISA OKTARIA SAFITRI', 1, 'znTP09kd0uE0fr7Bimm8zvuGhO4GrZ1RjPjWkd95', 1, 4, 1, '2023-10-25 14:12:45', '2023-10-25 14:12:45'),
(57, 'REVA ZAHRA EFENDI', 1, 'r9NMdBkJHL6oYGrEYtYau13pTHXsIB8WeijY7lr1', 1, 4, 1, '2023-10-25 14:12:45', '2023-10-25 14:12:45'),
(58, 'RIKI ZAINUR RAHMAN', 1, 'Y8okDG77KfH56WAIqbUDjDjBAT8y5d6EfLmQ2lD5', 1, 4, 1, '2023-10-25 14:12:45', '2023-10-25 14:12:45'),
(59, 'RIMANIAR PUTRI HERDANMI', 1, 'rXXd3wRulQOJflls1NOkNpph2zK2K3FegWy9NDri', 1, 4, 1, '2023-10-25 14:12:45', '2023-10-25 14:12:45'),
(60, 'ROFIDATUL HASANAH', 1, 'xUPL10ae6R2Tmy8UJjTmbMZKssFGxDv1jmpXBJGR', 1, 4, 1, '2023-10-25 14:12:45', '2023-10-25 14:12:45'),
(61, 'SAFINATUN NAFIAH', 1, 'Kfr4N8Rl9H3tDfV2QHMxrC5r0zUiXAPT250nMR2p', 1, 4, 1, '2023-10-25 14:12:45', '2023-10-25 14:12:45'),
(62, 'SALSABILA AINUR ROHMAH', 1, 'LLMbkBzjoXWh60qYpGVoQH4t1PxX4T3lX8kafnty', 1, 4, 1, '2023-10-25 14:12:45', '2023-10-25 14:12:45'),
(63, 'SERLY ANANDA TASYA', 1, '8hNFItKDCoKRhhZljNE4h5WQ1iqsSSh13ZdmAuuZ', 1, 4, 1, '2023-10-25 14:12:45', '2023-10-25 14:12:45'),
(64, 'USTI BUNGA ULFI AINI', 1, 'nB5ccP7vuu4c8AzZv8mZaMG8k9mgnSmeUZPIjksY', 1, 4, 1, '2023-10-25 14:12:45', '2023-10-25 14:12:45'),
(65, 'VIANTIKA AINUN SHOLEHAH', 1, '7b4Nsa04bIhxu06qIf6dXy7PVjrZadjnZlQFvK1I', 1, 4, 1, '2023-10-25 14:12:45', '2023-10-25 14:12:45'),
(66, 'YULITA MEGA MEILANI', 1, 'SLUZVTTmcK0J8zZ3zvo9Z9a3OVqCtaFzeoGtKfc5', 1, 4, 1, '2023-10-25 14:12:45', '2023-10-25 14:12:45'),
(67, 'YUSRO AMILIN HIKMAH', 1, 'ijaoTKdjbPX696szr9GkyDda4agzkOTBXEbF0pDN', 1, 4, 1, '2023-10-25 14:12:45', '2023-10-25 14:12:45'),
(68, 'ADELIA AGUSTIN', 1, 'Y3WdUJoQMZ3kbbPad3iIVeWTLJC9B7dacpHtrG2y', 1, 6, 1, '2023-10-25 14:12:50', '2023-10-25 14:12:50'),
(69, 'AMELIA QORIATUL JANNAH', 1, '4TVuMTmNnayAns5vcZOMvHu79UzVHVr1C7c0E1zt', 1, 6, 1, '2023-10-25 14:12:50', '2023-10-25 14:12:50'),
(70, 'ANDINI RAHMAWATI', 1, 'fS3hPwb9eWcE0SWux4tM0aUUo1ltsl8IYrNX6fhJ', 1, 6, 1, '2023-10-25 14:12:50', '2023-10-25 14:12:50'),
(71, 'ANDY PRATAMA', 1, 'AKlHOWaPzIIZsZo9nYIcjd0F9YZBU2KXsXiocfr2', 1, 6, 1, '2023-10-25 14:12:50', '2023-10-25 14:12:50'),
(72, 'BUDI SATRIO', 1, 'MQftqkPUvGYTofqHQV93jjhHEMP3Cf1qi2mmok1X', 1, 6, 1, '2023-10-25 14:12:50', '2023-10-25 14:12:50'),
(73, 'DYA AYU SULISTIORINI', 1, '8nSLFTjOmhgwBlDNGtEKXpr7JlUgUtn4ONNf4Qee', 1, 6, 1, '2023-10-25 14:12:50', '2023-10-25 14:12:50'),
(74, 'FAYAD AGUSTIAN RIYADI', 1, 'pdGxMuVM93QOMR1hN0l1fG3hjX7DiCMViZrPab1x', 1, 6, 1, '2023-10-25 14:12:50', '2023-10-25 14:12:50'),
(75, 'FITRI YUNITA NURFATIMAH', 1, '71Qj3Upo31XsJCwQYiU7Ym9bOnSpsXmaklglj36I', 1, 6, 1, '2023-10-25 14:12:50', '2023-10-25 14:12:50'),
(76, 'HOLIFAH DINDA SARI', 1, 'EZ9UfzcVFd4HG9WvweVLWUqDUzPUTZZsE9AHAfGi', 1, 6, 1, '2023-10-25 14:12:50', '2023-10-25 14:12:50'),
(77, 'IHWAN', 1, 'Cu1UACbXcFuF6aYilirlRmLQIsFBS2WVdgjCFKOk', 1, 6, 1, '2023-10-25 14:12:50', '2023-10-25 14:12:50'),
(78, 'INTAN SULISYANI LUTFIYAH', 1, 'bl2z76goZAGqwXNI4LRT0mQRYjDOnL1QqfB87oYf', 1, 6, 1, '2023-10-25 14:12:50', '2023-10-25 14:12:50'),
(79, 'M FAREL PRATAMA PUTRA', 1, 'dvszud5lCbXeuDdNT7TzR1xR02MXleDjltFRjlDd', 1, 6, 1, '2023-10-25 14:12:50', '2023-10-25 14:12:50'),
(80, 'MELYSA AVITA SARI', 1, 'DgKS0qwfA4h5QyP6P94xhCh7AOCCfpWvZNFvdxPz', 1, 6, 1, '2023-10-25 14:12:50', '2023-10-25 14:12:50'),
(81, 'MOCHAMMAD RIZKI', 1, '9d7Lyad55ZZ5EqvOb8eTc99E6SzkUKsvyYBLFMLi', 1, 6, 1, '2023-10-25 14:12:50', '2023-10-25 14:12:50'),
(82, 'MOHAMMAD FADLAN', 1, 'T6G6r3fG394G4BfptRdHaPPc90qdGyXJi63fCj7p', 1, 6, 0, '2023-10-25 14:12:50', '2023-11-17 13:05:57'),
(83, 'MOHAMMAD IHZAN BAHTIAR', 1, 'iINyIaBMsW0tWAxyA9JJKX9dbwWZ7hR2RkqQ2HlD', 1, 6, 1, '2023-10-25 14:12:50', '2023-10-25 14:12:50'),
(84, 'MOHAMMAD VIGO SAPUTRA', 1, 'ig3alTDgczsrmlTv2rSiPnMLmj4ZicwDHZJXnXn2', 1, 6, 1, '2023-10-25 14:12:50', '2023-10-25 14:12:50'),
(85, 'MUHAMMAD ARIL PRASETYO', 1, 'EVNd2O3U2CHAyu4UjUNzGD8R3JRjTsX8HMoPjU8e', 1, 6, 1, '2023-10-25 14:12:50', '2023-10-25 14:12:50'),
(86, 'MUHAMMAD FAEZAL', 1, 'sZg1pWsqQAdINnHFiEhoLjEBgDyGh82oLJ48jh2f', 1, 6, 1, '2023-10-25 14:12:50', '2023-10-25 14:12:50'),
(87, 'NABILATUL LAILY FADILAH', 1, 'TeYpYHEL67p3JuVCTM64RFHTIOTVvlx7Hrd2JTVl', 1, 6, 1, '2023-10-25 14:12:50', '2023-10-25 14:12:50'),
(88, 'NAFISATUH KAMELA', 1, '8q2TPQJMcTzKfb5zRQtYf5HBFzXTcnarFgtDcHHL', 1, 6, 1, '2023-10-25 14:12:50', '2023-10-25 14:12:50'),
(89, 'NOVITA JAMILATUL MAHIROH', 1, 'tFtM1dtEeSH9Ae4PneV0c80S31fNDPCunIR62iA8', 1, 6, 1, '2023-10-25 14:12:50', '2023-10-25 14:12:50'),
(90, 'PUTRA ABU RIZAL ALGIFANI', 1, 'W96BumsEjsNlyPXZmNoBfC2fLgxWttggaEg8WQIr', 1, 6, 1, '2023-10-25 14:12:50', '2023-10-25 14:12:50'),
(91, 'PUTRI NABILA HUWAIDA', 1, 'xrkjPhjlnZzvY9qxR6WIXhv2IzUuZ4AOtLQrgEpo', 1, 6, 1, '2023-10-25 14:12:50', '2023-10-25 14:12:50'),
(92, 'REVAN TRI AGUS SUGIYANTO', 1, 'ytGOz9Pg6AfiA0qRp1Nvu8SrC7WPr4o96NB17B0E', 1, 6, 1, '2023-10-25 14:12:50', '2023-10-25 14:12:50'),
(93, 'RIKO FATHU GUNAWAN', 1, 'UkNa2uHdB9u1qwCBCQfA16M7dbtPJapDm8KKDwhh', 1, 6, 1, '2023-10-25 14:12:50', '2023-10-25 14:12:50'),
(94, 'ROBYATUL AMELIA RAMADHANI', 1, 'Up5njZZfqsFu954lFYquPTBZzvLL1z1YkPd41GQG', 1, 6, 1, '2023-10-25 14:12:50', '2023-10-25 14:12:50'),
(95, 'ROFI`UL KHOIRI', 1, 'EGdhxxGfhUZCmbpwqI5dXHgZ921WXwbBzMgsFjSH', 1, 6, 1, '2023-10-25 14:12:50', '2023-10-25 14:12:50'),
(96, 'SARIFAH', 1, 'd0p9SFAqGhCVts0RQKMqZBXSyL4hS7O0fJfLQX94', 1, 6, 1, '2023-10-25 14:12:50', '2023-10-25 14:12:50'),
(97, 'SETIAWATI', 1, 'NkLUH0MO8hUmwG6S29e8T0v9Jx1eDzDLZuh7tFru', 1, 6, 1, '2023-10-25 14:12:50', '2023-10-25 14:12:50'),
(98, 'SITTI HORRIYAH', 1, '2nrNbngAytSKGep2Ud9dYG6RRG2uoZTETHCOfDf3', 1, 6, 1, '2023-10-25 14:12:50', '2023-10-25 14:12:50'),
(99, 'YUFIATUN HASANAH', 1, 'slWNWMngfV2AVzN9AsLNLHxBD0LE9e3NEtPJzI4E', 1, 6, 1, '2023-10-25 14:12:50', '2023-10-25 14:12:50'),
(100, 'ADINDA AYU ISTIQOMAH', 1, 'Vmsa63i1j4KALb4gMYSxnXv9O6TotY0Lhz4oHNK2', 1, 7, 1, '2023-10-25 14:12:54', '2023-10-25 14:12:54'),
(101, 'ANANDA MUSTIKA SARI', 1, 'Q32q9dr0VvaINIXQV6EdKYw8hQox9Kk2kaCNcxaW', 1, 7, 1, '2023-10-25 14:12:54', '2023-10-25 14:12:54'),
(102, 'BAGAS SEPTIAWAN RAMADHANI', 1, 'qhx0JtOkZlJkiQdtP8DWUV47E6N3zk8nXAb6L6Oo', 1, 7, 1, '2023-10-25 14:12:54', '2023-10-25 14:12:54'),
(103, 'CHELSEA BUNGA LESTARI', 1, 'bVJ68P8p9aIcKW10841ItxquTl4pO1ALnHXJ8bJp', 1, 7, 1, '2023-10-25 14:12:54', '2023-10-25 14:12:54'),
(104, 'DIO ARDIANSYAH', 1, 'RTh0kD8hvrm8x5pykUnixDvlyJFGUpDAV1aeXF8Q', 1, 7, 1, '2023-10-25 14:12:54', '2023-10-25 14:12:54'),
(105, 'FITA MITA AGUSTIN', 1, 'g9hpb71baTywtuDV9sHVVqgt7MXEWWOViBqvbn7Q', 1, 7, 1, '2023-10-25 14:12:54', '2023-10-25 14:12:54'),
(106, 'FRISKA OKTAVIA', 1, 'ATx8eyHOiF63HwtLYk8uW3hQ3CxLjjHYqxHOI46w', 1, 7, 1, '2023-10-25 14:12:54', '2023-10-25 14:12:54'),
(107, 'HAIRUL UMAM', 1, 'qlkkY6HqKvN40ZgpmZnVcup1SSxLgAVNPXUd4pkO', 1, 7, 1, '2023-10-25 14:12:54', '2023-10-25 14:12:54'),
(108, 'INTAN SULISTIAWATI', 1, 'DXyEajfN59uwy9SX1pei3VkP6f7tzKfn4ftSeo8N', 1, 7, 1, '2023-10-25 14:12:54', '2023-10-25 14:12:54'),
(109, 'ISMAIL RAHMADANI', 1, 'hh7JiScFBQ805QyP1IGAvwLtaycUtfLc7D5O1PCO', 1, 7, 1, '2023-10-25 14:12:54', '2023-10-25 14:12:54'),
(110, 'KEYZA NUR MALINDA PUTRI', 1, 'S0cdQXI5xICJlbmpnTk41DRNH7BXxmqaBl8kCIsz', 1, 7, 1, '2023-10-25 14:12:54', '2023-10-25 14:12:54'),
(111, 'MIA SALAFIAH', 1, 'cWE8ojq0GdVq7GF3HF0JZ7Hgv0a59GgpKKSRJuQQ', 1, 7, 1, '2023-10-25 14:12:54', '2023-10-25 14:12:54'),
(112, 'MOCHAMMAD DWI ARDIANSYAH', 1, 'NBzVfRBijYaHOlzt0k0Rr4cW1dqFgfL6VFF5fwSE', 1, 7, 1, '2023-10-25 14:12:54', '2023-10-25 14:12:54'),
(113, 'MOCHAMMAD ROYHAN THORIQ', 1, 'sDZmh4qOLmjenRfQO3FWB85IFr9AtgDAan7bRxb4', 1, 7, 1, '2023-10-25 14:12:54', '2023-10-25 14:12:54'),
(114, 'MOHAMMAD FARIEL ARDIANSYAH', 1, 'oZhm1qyKdvuHJ4hWXq4FojkhGngd8HtBG3ovcRKX', 1, 7, 1, '2023-10-25 14:12:54', '2023-10-25 14:12:54'),
(115, 'MOHAMMAD REZA ISWIYANTO', 1, 'dkNKZyqeQYN4xnYvMYS8wZlv6TBfhjYTJrb8g7aW', 1, 7, 1, '2023-10-25 14:12:54', '2023-10-25 14:12:54'),
(116, 'MUHAMMAD ARDIANSYAH', 1, '2xEbJ9ydTBvnNswyOjVSDGjlwa6ZTApJ2c7fKuxO', 1, 7, 1, '2023-10-25 14:12:54', '2023-10-25 14:12:54'),
(117, 'MUHAMMAD DHANIES AIDIL MUZAMMIL', 1, 'HOC1WUwCReUOGWfFYjJx9mYeyn1mg1ExZmjRwI6a', 1, 7, 1, '2023-10-25 14:12:54', '2023-10-25 14:12:54'),
(118, 'MUHAMMAD RIAN', 1, 'duJDrhNhPMB3BKk1CJKKH2MhR4xAxYLuUHhL1R4w', 1, 7, 1, '2023-10-25 14:12:54', '2023-10-25 14:12:54'),
(119, 'NAFINDA SYALWA AZZAHRA', 1, 'p0OBhPIhGrcZKiqejGSLcdU7sPYxhDevXvzBsePj', 1, 7, 1, '2023-10-25 14:12:54', '2023-10-25 14:12:54'),
(120, 'NOVENDA KAMILIA WULANDARI', 1, 'TywuDWJPNW3kB28fpGH02x9zXe45lmB1Rcio549P', 1, 7, 1, '2023-10-25 14:12:54', '2023-10-25 14:12:54'),
(121, 'NURIFATIN BARIROH', 1, 'Jh99FZa2l3UNfWijYSK2qLUE819QfApqK5EIvyUv', 1, 7, 1, '2023-10-25 14:12:54', '2023-10-25 14:12:54'),
(122, 'RADITYA WAHYU NUGRAHA', 1, 'gfPWAskxcg0FmNsl16N63RTA9jVNWr86Fl4oWF36', 1, 7, 1, '2023-10-25 14:12:54', '2023-10-25 14:12:54'),
(123, 'RAODATUL ULUM', 1, 'JU3nhiq3aAiObrq6Nl8aXOKjRxSfSxGR4lFMmPac', 1, 7, 1, '2023-10-25 14:12:54', '2023-10-25 14:12:54'),
(124, 'RIDHO GUNAWAN', 1, '5l7TJ6sWF0CTt7PDQhuIuFEerkEjPMRncVyXbWLM', 1, 7, 1, '2023-10-25 14:12:54', '2023-10-25 14:12:54'),
(125, 'ROBBY IRHAM FANANI', 1, 'VtLdAEmPbkbkI7xWe3z1VyTdZet57mj2gOUkTQXY', 1, 7, 1, '2023-10-25 14:12:54', '2023-10-25 14:12:54'),
(126, 'SAFITRI NIA RAMADANI', 1, 'Gz2Ip6HyqbBzlduoNd18rxKBrF1ERQct3scKuUJh', 1, 7, 1, '2023-10-25 14:12:54', '2023-10-25 14:12:54'),
(127, 'SEPTIA AYU ANGGRAENI', 1, 'tP9Hf1DS14bESmPebjO0uuMGaYLUI23Vc6j1wgmK', 1, 7, 1, '2023-10-25 14:12:54', '2023-10-25 14:12:54'),
(128, 'SHINDY MEILINDA', 1, 'I5wR2X3j68ZXP8oQDL2f74LmQY22kgGDWLJtbwVC', 1, 7, 1, '2023-10-25 14:12:54', '2023-10-25 14:12:54'),
(129, 'WILDA FIRDAUS SYARIFAH', 1, 'OsPdthaKwVO3H63HaSPCNMBDvDljGNXM2zePASZX', 1, 7, 1, '2023-10-25 14:12:54', '2023-10-25 14:12:54'),
(130, 'ZAINATUL KIFTIYAH', 1, 'KgbxCOnJQrUQoe0NRueeKWoM6ZdaHWKUHUUCo6Vq', 1, 7, 1, '2023-10-25 14:12:54', '2023-10-25 14:12:54'),
(131, 'AFIDAH HUSNIAH', 1, 'Vn9ak3A4PofdKLX8OsGi5XwZFmtBPFYW0UF6VqLd', 1, 10, 1, '2023-10-25 14:12:59', '2023-10-25 14:12:59'),
(132, 'AMELIA PUTRI DWI REGITA', 1, 'DWUEAs3Z1lrJzfDrtggPqOlqO7lo1Jc4zCehFPVs', 1, 10, 1, '2023-10-25 14:12:59', '2023-10-25 14:12:59'),
(133, 'ARIEF PRATAMA', 1, 'GhoWaOsJh4yeL6U5fUD2hdNxoKQKkdOkZuuuqNu8', 1, 10, 1, '2023-10-25 14:12:59', '2023-10-25 14:12:59'),
(134, 'ARYAGUNA PHALOSA', 1, 'Vge06fZ0TCXZtMI1agBi7SxxxMcOVtPicCk5wGrP', 1, 10, 1, '2023-10-25 14:12:59', '2023-10-25 14:12:59'),
(135, 'CACA NURDIANSYAH HENDRA SAPUTRA', 1, 'dS0RtdZlS5F6qKMjsxC9E7mIkgADusD8vGjkwPcC', 1, 10, 1, '2023-10-25 14:12:59', '2023-10-25 14:12:59'),
(136, 'DAVIN ADITYA PUTRA PRATAMA', 1, '7fpHZjgy8aCskQXGBcCobw1txaz8Jt1xiXRK5ZVI', 1, 10, 1, '2023-10-25 14:12:59', '2023-10-25 14:12:59'),
(137, 'DEFTIRA AYU MAHARANI', 1, 'ZAyBs0IQAqlN3MzJozvUVNq8dMCV3nQPYLoFqLLo', 1, 10, 1, '2023-10-25 14:12:59', '2023-10-25 14:12:59'),
(138, 'DEVINA ZADHINE JATI ANGGRAENI', 1, '2X4ja8ejVPTBdW7aPEgThsDcT1iZMkdLl48DqOLC', 1, 10, 1, '2023-10-25 14:12:59', '2023-10-25 14:12:59'),
(139, 'DEVITA WINDHI NOVARINI', 1, 'yvgBzsNs4NEQDekzz4iSvqrWBws4hlqYdcKvIhdC', 1, 10, 1, '2023-10-25 14:12:59', '2023-10-25 14:12:59'),
(140, 'DHION WIBOWO', 1, 'BKZ2dTkBLrSYUm4TiDmz2fJfo8DxA66Uz70zAzYd', 1, 10, 1, '2023-10-25 14:12:59', '2023-10-25 14:12:59'),
(141, 'DIVA DWI YULIA CHRISTANTI', 1, 'dHHPu0IZcbYxEDFVy7mjfxho7UxZ8FFnEMz02bDh', 1, 10, 1, '2023-10-25 14:12:59', '2023-10-25 14:12:59'),
(142, 'DWI RANI ARTA', 1, 'xHx4NxnNmTTfr46ShSPSD3C5iUR7E3ue23teKStc', 1, 10, 1, '2023-10-25 14:12:59', '2023-10-25 14:12:59'),
(143, 'DYLAN IRFANSYAH', 1, 'dZUZ3cIFZ2mtgicX0lisi6LOOtM3PYWNvcowxhgN', 1, 10, 1, '2023-10-25 14:12:59', '2023-10-25 14:12:59'),
(144, 'FAISAL NUR RIEFDA RAHMAT', 1, 'PKMO2XzpgU7aH7Qkop6y1itarZAfXzFX41kU4rQa', 1, 10, 1, '2023-10-25 14:12:59', '2023-10-25 14:12:59'),
(145, 'FIRKI RAMADHAN', 1, 'ALARIoMXpXfMB4vgM8gWba43O5yR2kdJEvOVJq7y', 1, 10, 1, '2023-10-25 14:12:59', '2023-10-25 14:12:59'),
(146, 'HENGKY FIRMANSYAH', 1, 'c3hDOJuAmhcHLccMVoh9jkvuSxODpp26y9v82hs7', 1, 10, 1, '2023-10-25 14:12:59', '2023-10-25 14:12:59'),
(147, 'HIDEHITO SHIMOJO', 1, 'BhsvDOl3CCglRAQOQtIpwyfHAvLuPXECIGAQlqPR', 1, 10, 1, '2023-10-25 14:12:59', '2023-10-25 14:12:59'),
(148, 'HOSEN', 1, '63Kw2hucXtODkjN1CKWsfksstcIBejz5VnaxtBrH', 1, 10, 1, '2023-10-25 14:12:59', '2023-10-25 14:12:59'),
(149, 'IMELDA ALMARETA', 1, '0UYqiTvA7mNv1qwg7UuSAsRKMs5Clt50xEHwkXMw', 1, 10, 1, '2023-10-25 14:12:59', '2023-10-25 14:12:59'),
(150, 'JAFAR ASH SHADIQ', 1, 'xASSKTIiKrLn4f9vENl1YMOzGFme9L8lFWfCDSCB', 1, 10, 1, '2023-10-25 14:12:59', '2023-10-25 14:12:59'),
(151, 'MOHAMAD TEGAR DWI PUTRA', 1, 'dq9YJA0LMT6NgW8qScX2sMVzBIzc5pKIo4XRnxqu', 1, 10, 1, '2023-10-25 14:12:59', '2023-10-25 14:12:59'),
(152, 'MOHAMMAD RENGKUH ALAM', 1, 'xdn3YmW36VBbYtTiI7BVB3752sjrJhovSvFP3IFJ', 1, 10, 1, '2023-10-25 14:12:59', '2023-10-25 14:12:59'),
(153, 'MUHAMMAD DANAR HERMAWAN', 1, 'SRllHwxuyPrRx2s17r8cEkjiaij4eizpiCVpUGvx', 1, 10, 1, '2023-10-25 14:12:59', '2023-10-25 14:12:59'),
(154, 'MUHAMMAD GALIH NURIL HOLID', 1, 'LpoI4kWmBtDngy1WB6fPbDS11kF9Y3TGgmKDyTIl', 1, 10, 1, '2023-10-25 14:12:59', '2023-10-25 14:12:59'),
(155, 'MUHAMMAD GIAN UDZRI SUSANTO', 1, '711xvvppQauxnPMewRMTirsV4FRjcZWTTIhV4xel', 1, 10, 1, '2023-10-25 14:12:59', '2023-10-25 14:12:59'),
(156, 'MUHAMMAD KAFKA BIMA RODIALLAH', 1, 'iZn2jOqIk1IN80Ym9Q8LH0Txu1Kh1DWWZoIefTaI', 1, 10, 1, '2023-10-25 14:12:59', '2023-10-25 14:12:59'),
(157, 'MUHAMMAD TEGUH MAULANA', 1, 'fmVY30PNxvXoXAW9s2eZp3Wy6QwcClxKCm8RpTrG', 1, 10, 1, '2023-10-25 14:12:59', '2023-10-25 14:12:59'),
(158, 'NANCY PRAMESTY NADYA PUTRI', 1, 'QahVnbprlTjC69aLohlxil6S1VJT9gHS1DFj0gds', 1, 10, 1, '2023-10-25 14:12:59', '2023-10-25 14:12:59'),
(159, 'NAYLA JAUZA FIKRIYAH', 1, 'kCDrUOKzQIvNUVskBPWXEEtJ8o7v7oRA2GhIWMns', 1, 10, 1, '2023-10-25 14:12:59', '2023-10-25 14:12:59'),
(160, 'NOVIATUL HASANAH', 1, 'rsUXXVUSos7GVZHEbsZRt2cj4niasGJU1zgAz2cV', 1, 10, 1, '2023-10-25 14:12:59', '2023-10-25 14:12:59'),
(161, 'RAFI BAHTIAR HIDAYAT', 1, 'xc2kQmUTZIn6CJkhhdMk7kcxS1xahNhGmhMhzedo', 1, 10, 1, '2023-10-25 14:12:59', '2023-10-25 14:12:59'),
(162, 'SESY MAULIDA', 1, 'o8DSRoIiby0woLsD7KDknUpqfzp3wtwNvHDYVAqU', 1, 10, 1, '2023-10-25 14:12:59', '2023-10-25 14:12:59'),
(163, 'SHAFA ANEIRA SALSABILLA', 1, 'aBLTwR9yA7csqf32T7jZEqQClUZTXfQf8cWgoE38', 1, 10, 1, '2023-10-25 14:12:59', '2023-10-25 14:12:59'),
(164, 'SIRATNUR ACHMAD BINERO', 1, 'kmUWN6yfnpaX3wof0nqRxK04h0L3YkHGJntGvYXg', 1, 10, 1, '2023-10-25 14:12:59', '2023-10-25 14:12:59'),
(165, 'WAHYU RAMADHANI PUTRA', 1, 'QLO2xeiSi4vvlMdZtiMwTZeQkoe3iJLy4PdbXU5C', 1, 10, 1, '2023-10-25 14:12:59', '2023-10-25 14:12:59'),
(166, 'AFIN ADI MAULANA', 1, 'tPibJi5jWesmgMSctCWZvE1cb5REWf7Wwt0z7Xrm', 1, 11, 1, '2023-10-25 14:13:03', '2023-10-25 14:13:03'),
(167, 'AILSA SAABIRAH SHAHNAZ ASAD', 1, 'gQzbz0gsh1jWxVmKP8lqdyvgNilAGARMD8ACYfKj', 1, 11, 1, '2023-10-25 14:13:03', '2023-10-25 14:13:03'),
(168, 'ALFIAH ZAHRATUSSITAH', 1, 'mwxT7TwGeYzuGETWWlJULCpLlVzlnFC5kN7sqjWB', 1, 11, 1, '2023-10-25 14:13:03', '2023-10-25 14:13:03'),
(169, 'DENDI WAHYUDI', 1, '0aXp91QWgQ8A9S1ux0ySqSsyAlVOBkhbq3BYOzuF', 1, 11, 1, '2023-10-25 14:13:03', '2023-10-25 14:13:03'),
(170, 'DHANI FIRMANSYAH', 1, 'lnjfyJFOByJfHveSKwhH8nfSrvSgQ6uyPQgUpmDA', 1, 11, 1, '2023-10-25 14:13:03', '2023-10-25 14:13:03'),
(171, 'DIKI SINARJAYA SAPUTRA', 1, 'SglvJ1WvxUbXA6dEWjUOj3hpEBMUjxwClGX4nksq', 1, 11, 1, '2023-10-25 14:13:03', '2023-10-25 14:13:03'),
(172, 'FALIH IBATULLAH', 1, '00yeekU1VHknFBjGZVwHCoZ50SQ2TyCZgT866JNQ', 1, 11, 1, '2023-10-25 14:13:03', '2023-10-25 14:13:03'),
(173, 'HAIDAR', 1, 'bo4pY1Eb925YPHpzc4VMKQEOw2lesQrJeHurBGjc', 1, 11, 1, '2023-10-25 14:13:03', '2023-10-25 14:13:03'),
(174, 'HUSEN FADLULLAH', 1, 'VIf7TOYGZjB1JJqBPhD6AXdQlcLejfuNli6DdLMR', 1, 11, 1, '2023-10-25 14:13:03', '2023-10-25 14:13:03'),
(175, 'JEVON ISLAMY RAYSENDRYAN', 1, 'cAoI6Bgo6mRv67AEbGQ68s1D3z1LPTmEgsswQmLB', 1, 11, 1, '2023-10-25 14:13:03', '2023-10-25 14:13:03'),
(176, 'LINDA VITRIANI', 1, 'EBflSMfpJt9lqvD9h79jgfgEXTpHP49Vk0Iemnop', 1, 11, 1, '2023-10-25 14:13:03', '2023-10-25 14:13:03'),
(177, 'M FAREL AL FARISI', 1, '4CfTh05hRh7gvvl1o6C0yOO1SvKu8IHWfvUQgJs5', 1, 11, 1, '2023-10-25 14:13:03', '2023-10-25 14:13:03'),
(178, 'M HIDAYATULLAH', 1, 'CZYeZNVDyMqoNQF4QWvgvmTQOBDmfGN8Osw4F2wj', 1, 11, 1, '2023-10-25 14:13:03', '2023-10-25 14:13:03'),
(179, 'MAHESA ADANI SATRIA PRIBADI', 1, 'goKxZXPdiVGVSEwzhqKVyIwUucBW9FaowgskW1Wf', 1, 11, 1, '2023-10-25 14:13:03', '2023-10-25 14:13:03'),
(180, 'MUHAMAD RISKI RAMADHONI', 1, 'UnhsAqPWYYXhEoKLYZ57kIkJ8muKfDjHr1ynlXRq', 1, 11, 1, '2023-10-25 14:13:03', '2023-10-25 14:13:03'),
(181, 'MUHAMMAD FADILURROHMAN', 1, 'HVewgcSdig1ydwsDrQpp4cFoZ1B6XKqGYkdZbgqQ', 1, 11, 1, '2023-10-25 14:13:03', '2023-10-25 14:13:03'),
(182, 'MUHAMMAD FALDI IRWANSYAH', 1, 'BnKoNVhhOIMM7c9gkIE8AU1cCHQlwBewkL4Qn7lS', 1, 11, 1, '2023-10-25 14:13:03', '2023-10-25 14:13:03'),
(183, 'MUHAMMAD FARIEL APRILYANTO', 1, '951Ff7n18ZE9WVztJUN3ICjmSZtF6FwCIxdYlrAu', 1, 11, 1, '2023-10-25 14:13:03', '2023-10-25 14:13:03'),
(184, 'MUHAMMAD GILANG RAMADANI', 1, 'q4G86oVRhxcoySVlDh6YPgiuESlQs0UdQUlLO9SJ', 1, 11, 1, '2023-10-25 14:13:03', '2023-10-25 14:13:03'),
(185, 'MUHAMMAD TEGAR PRAYOGI', 1, 'fTxSbmQKNtzVQcO21GARwHkCmItMBpf32tgkPguw', 1, 11, 1, '2023-10-25 14:13:03', '2023-10-25 14:13:03'),
(186, 'NINSIATUN NUR FADILAH', 1, 's17Dw3QPns5iFqrQUJDhli71BcPV0FtogA3dZKoz', 1, 11, 1, '2023-10-25 14:13:03', '2023-10-25 14:13:03'),
(187, 'NOVITASARI', 1, 'jZSte76F2EOeMtiwqaczODTKwOSDn9Tza43FxGt9', 1, 11, 1, '2023-10-25 14:13:03', '2023-10-25 14:13:03'),
(188, 'NUVAL PUTRA PRATAMA', 1, 'W7CIf2PacntgFbFoDQ08qse1gVN2d6SkhpPTrny6', 1, 11, 1, '2023-10-25 14:13:03', '2023-10-25 14:13:03'),
(189, 'PUTRI MAYLENI KHOIRUNNISA', 1, 'LCpKYuXOt2rwW1KQHVFXiBRuQqWPiVITcG6e0E1i', 1, 11, 1, '2023-10-25 14:13:03', '2023-10-25 14:13:03'),
(190, 'REVA REGYA RADITA RASYID', 1, '6CHQU9pW4jBjLtIIcTH6XAVbg8BiK8DoISdLGdc4', 1, 11, 1, '2023-10-25 14:13:03', '2023-10-25 14:13:03'),
(191, 'RIVALINA CINTYA DEWI', 1, '0zQSB5BUvIHtREhGGVHEX2qcGwpttTyplTqacP0K', 1, 11, 1, '2023-10-25 14:13:03', '2023-10-25 14:13:03'),
(192, 'ROSSA APRILIAN CANDRA', 1, 'bhAKOvRmQBGS6E33Ch6HpubLMYCdtjPXr5LUPErH', 1, 11, 1, '2023-10-25 14:13:03', '2023-10-25 14:13:03'),
(193, 'SABILATUL ISLAMIYAH', 1, 'wfOg6zbIIriPrEpCLOlfdqKVmSqiKAcvyrnOfh83', 1, 11, 1, '2023-10-25 14:13:03', '2023-10-25 14:13:03'),
(194, 'SISKA WULANDARI', 1, 'QWhl5iSwBnE7XPbR24bxDX8aR5a8eM5n2hlVzVqS', 1, 11, 1, '2023-10-25 14:13:03', '2023-10-25 14:13:03'),
(195, 'SITI HOLIMATUS SAKDIYAH', 1, 'UPskNKFR7nb9jreBTcg1JjMcJ7nCfd18hggoyCTn', 1, 11, 1, '2023-10-25 14:13:03', '2023-10-25 14:13:03'),
(196, 'TEGAR JAYA RAMADHAN', 1, 'xnGIZ0ZLvPxxqjdDwWxCFS4cQKnOsnO06B2MFcXv', 1, 11, 1, '2023-10-25 14:13:03', '2023-10-25 14:13:03'),
(197, 'WILDAN PRATAMA WAHYUDI', 1, 'xnfrxtTwgVtmWzpJRceuiq3XqfmPkrmmbXnzCBD7', 1, 11, 1, '2023-10-25 14:13:03', '2023-10-25 14:13:03'),
(198, 'YUDHA DWI JULIAN TARUNA', 1, '8sMCdaBOExYsIpJLjJwgf94QdCchI8xpvDxEdITp', 1, 11, 1, '2023-10-25 14:13:03', '2023-10-25 14:13:03'),
(199, 'ZHAMEER BHAZHAMKHAN ALI', 1, '73iSi5V8G2KF3fKu4qCTGqQ5HhLYYWdGELuzBtDB', 1, 11, 1, '2023-10-25 14:13:03', '2023-10-25 14:13:03'),
(200, 'ABDIA LUTFIANTI', 1, 'lUTwXWiFwcHORZ7ioyDG6qSiVgUV8y1hKabWaqHD', 1, 5, 1, '2023-10-25 14:13:07', '2023-10-25 14:13:07'),
(201, 'ACHMAD DEDEK PUTRA HARDIANSAH', 1, 'BYSHalrM7l3RsHLryTfZ819M9yDfTYKdwmwQdvt3', 1, 5, 1, '2023-10-25 14:13:07', '2023-10-25 14:13:07'),
(202, 'ANI WARDAYANTI', 1, 'ympuYcLVojYVnLWj54EIB64VwlrWBY8OA5N9zQCV', 1, 5, 1, '2023-10-25 14:13:07', '2023-10-25 14:13:07'),
(203, 'AURELIA NATASYA SALSABILA', 1, 'AbsrER0JQAmD7HZsu2ygWKyo05HfD32o80ZpaDV0', 1, 5, 1, '2023-10-25 14:13:07', '2023-10-25 14:13:07'),
(204, 'CAROLINA SULFAH BERNESSA', 1, 'NXjuX2HANLkzZRF8uz39sWsz7rG3oSxBteTBpkZ2', 1, 5, 1, '2023-10-25 14:13:07', '2023-10-25 14:13:07'),
(205, 'CINDYA FAUZIYATUL KAMILAH', 1, 'NMXryC2B2aBE9M5yhMnF7ZqlBOJTpWfYJ8fctK2W', 1, 5, 1, '2023-10-25 14:13:07', '2023-10-25 14:13:07'),
(206, 'DEVI ANNISAUSSHOLIHAH', 1, '23VaKtS9b1jgisqJmMeIakvSqJz8nLDwVMiXejl6', 1, 5, 1, '2023-10-25 14:13:07', '2023-10-25 14:13:07'),
(207, 'DEWI NUR AYU', 1, 'oozNvnOOlwe7Zn2Xkp5V0on4BUNX1YOdlHllTDY1', 1, 5, 1, '2023-10-25 14:13:07', '2023-10-25 14:13:07'),
(208, 'EVY SUSILOWATI', 1, 'Czbk0sRNcfR4zf3tLcmmqhyYF39mpU6HMj0r005t', 1, 5, 1, '2023-10-25 14:13:07', '2023-10-25 14:13:07'),
(209, 'FAHRI EFENDI', 1, '2kql8w1BZsrfKOnkP5MUzi3JByMcvJB5x1sN9pci', 1, 5, 1, '2023-10-25 14:13:07', '2023-10-25 14:13:07'),
(210, 'FATIMAH DIAN SAFIRA', 1, 'lWTMpzgwcO7WmCjgVYu3RrhLR9PN25lhGDg7yVjZ', 1, 5, 1, '2023-10-25 14:13:07', '2023-10-25 14:13:07'),
(211, 'FINA RIFHATUN', 1, 'kvDgXQ3mTUGf82n2ANM055GavbzqfsUwETum6zAC', 1, 5, 1, '2023-10-25 14:13:07', '2023-10-25 14:13:07'),
(212, 'FITRI NUR FAISYAH', 1, 'yyf4jQoeGsdbJenYzgwyuSRztNsZGilvlkyjcrl3', 1, 5, 1, '2023-10-25 14:13:07', '2023-10-25 14:13:07'),
(213, 'IMILDA NOFI ANDIRA', 1, 'im1cZEKNKbjo7PI2mxO8D2O6nB34h0ssvi4TeUR9', 1, 5, 1, '2023-10-25 14:13:07', '2023-10-25 14:13:07'),
(214, 'KARINA EFFENDI', 1, 'BqFgfVvz6iUQt6m844lzviM6yLRXANwZoJBYtiIF', 1, 5, 1, '2023-10-25 14:13:07', '2023-10-25 14:13:07'),
(215, 'KIRANA GALUH PRATIWI SANTONO', 1, 'CuEVkrps2Nm6lWYNY0DE3E2KJnvkNfM9br6Io1fv', 1, 5, 1, '2023-10-25 14:13:07', '2023-10-25 14:13:07'),
(216, 'KIRANI AJENG LARASATI SANTONO', 1, 'qMgZUSAdKuJXbWmOnQKBlpu3fcVs5WzXRXJ5P2G6', 1, 5, 1, '2023-10-25 14:13:07', '2023-10-25 14:13:07'),
(217, 'LISA AMILIYA', 1, 'ValzGZzSe3OASPB5bjBLOcoR4Ip969gBtfGBkN08', 1, 5, 1, '2023-10-25 14:13:07', '2023-10-25 14:13:07'),
(218, 'MARCHELA PUTRI AGUSTIN', 1, 'jwkVRrKLhLgFuuAruBXvxWevBdBtCxOKYoxlIjbR', 1, 5, 1, '2023-10-25 14:13:07', '2023-10-25 14:13:07'),
(219, 'MERY AMELIA WIDAYANTI', 1, 'Of75wqIOIwl4om4ubPIwDuh9zpAGmUqTMv8JQsXf', 1, 5, 1, '2023-10-25 14:13:07', '2023-10-25 14:13:07'),
(220, 'MY KAYLA NAJMIL FIRDAUSIH', 1, 'NzTvTWL4jUgs4kkJV9IrJJKk7dGJnN5GO7AWOFCR', 1, 5, 1, '2023-10-25 14:13:07', '2023-10-25 14:13:07'),
(221, 'NABILA CANDRA DWI ANGGRAINI', 1, '82GqN3r7niQGw0MTyZoLvJEVj6VWGHkBq6RqRVVf', 1, 5, 1, '2023-10-25 14:13:07', '2023-10-25 14:13:07'),
(222, 'NUR RESTI AMELIA', 1, 'AQJ5t9YBiE2aiSQGt0h2ZEFUcxqIjgx7cTUZF3U5', 1, 5, 1, '2023-10-25 14:13:07', '2023-10-25 14:13:07'),
(223, 'OKI RAMADANI', 1, '4XPRoNuTrWi3UREzqry8cPyUFUv4exFkazaPNavN', 1, 5, 1, '2023-10-25 14:13:07', '2023-10-25 14:13:07'),
(224, 'RIA RAHMADHANI AGUSTIN', 1, 'CDFoLFc6OBKMoytXSgTD4QAoGnnOK2yLvXVC3beY', 1, 5, 1, '2023-10-25 14:13:07', '2023-10-25 14:13:07'),
(225, 'SAFIRA APRILLIA PUTRI AZZAHRA', 1, 'y7HBxNytkt8a4sUwySxZP4syQeojX6w2zu8o5yPD', 1, 5, 1, '2023-10-25 14:13:07', '2023-10-25 14:13:07'),
(226, 'SHINTYA DWI VERGITA', 1, '0YXcBuOp1zYQCLcY0q1FXvWzTwHymMT6vm3G9sTb', 1, 5, 1, '2023-10-25 14:13:07', '2023-10-25 14:13:07'),
(227, 'SINTA AMELIA', 1, 'Oh4BGzxv0F8UBh6X6bpi2VGolB8F4GX7zm5L9v1N', 1, 5, 1, '2023-10-25 14:13:07', '2023-10-25 14:13:07'),
(228, 'SITI FAHRIA', 1, 'VXSj6IGJWhg71WZ3UEfQh1l3FkDL0ABLqiHOfvva', 1, 5, 1, '2023-10-25 14:13:07', '2023-10-25 14:13:07'),
(229, 'SITI NUR HASANAH', 1, 'c9guJKp7xTZmEMibSO5svn8h18r16T31fMED71wP', 1, 5, 1, '2023-10-25 14:13:07', '2023-10-25 14:13:07'),
(230, 'TIARA SALSHA LAURA BILA', 1, 'om52EuNdG8w4TslhURuYYt86ysnPjxcXCtEZZF9b', 1, 5, 1, '2023-10-25 14:13:07', '2023-10-25 14:13:07'),
(231, 'WULAN ROBIAL', 1, 'ClH63lMFNF67l7BM2htYNqCUiems5Y05JHUDZsZp', 1, 5, 1, '2023-10-25 14:13:07', '2023-10-25 14:13:07'),
(232, 'YULYTA DELLA SABRINA EKA PUTRI', 1, 'MShZjDkHvFUugePYqW5r1MLY4AiB9yoaC6ZzEqnk', 1, 5, 1, '2023-10-25 14:13:07', '2023-10-25 14:13:07'),
(233, 'ADITYA FIRMANSYAH', 1, 'zqOPBfWohdHvjWgzu3ZmBm4yFi65g83UvtLEx39X', 1, 1, 1, '2023-10-25 14:13:12', '2023-10-25 14:13:12'),
(234, 'ALIN IZZANTIKA DEWI', 1, 'V5MzRxbfXZ7G8YoemkFF6zOi0gdeVmWnQHABhqWm', 1, 1, 1, '2023-10-25 14:13:12', '2023-10-25 14:13:12'),
(235, 'AMELIA ARTALITA PUTRI', 1, 'UAjlQEBIuax1heVd4GM4Gb09eVhkyFcxv5aFjVq5', 1, 1, 1, '2023-10-25 14:13:12', '2023-10-25 14:13:12'),
(236, 'AMELIA ROSIDI', 1, '6ihJkjEHfCJxfVYjSrNUijGTrBjSn6ijb4jNx14y', 1, 1, 1, '2023-10-25 14:13:12', '2023-10-25 14:13:12'),
(237, 'ANINDYA CANTIKA KUSUMA DEWI', 1, 'IPtL8OVxmu4MmR6LqPY106Fjzrgvs6LfcwelC5HZ', 1, 1, 1, '2023-10-25 14:13:12', '2023-10-25 14:13:12'),
(238, 'AZORA VARODISIL AFIFAH', 1, 'iSlDQ6ywnY7T7DntnOo16NrPLGLc1igTa74NchiG', 1, 1, 1, '2023-10-25 14:13:12', '2023-10-25 14:13:12'),
(239, 'CYNDI FATIHA RIZKI', 1, '07IwP0hKj8TsGiufIuVZGngKeSXgcVn9T6K4IzdQ', 1, 1, 1, '2023-10-25 14:13:12', '2023-10-25 14:13:12'),
(240, 'DEWI ANGGUN PARAMITHA', 1, 'hHYP7RYlJWP5ps4Vm2iWwxxOYhOMAKddBv9nC6DT', 1, 1, 1, '2023-10-25 14:13:12', '2023-10-25 14:13:12'),
(241, 'DWI CAHYA RAMADHAN', 1, 'c2yOmUzMNqd6QrjrXjHKP3J5QTxuyl3ec3SUQCrw', 1, 1, 1, '2023-10-25 14:13:12', '2023-10-25 14:13:12'),
(242, 'EKA NURUL ISTIQOMAH', 1, 'HNLuc7QeQykCY0btbSpfHiJZJAieyqaBGmVzUMdW', 1, 1, 1, '2023-10-25 14:13:12', '2023-10-25 14:13:12'),
(243, 'FRANSISKA NADIA ANANDA', 1, 'YmwSIuLI019a9HsqsibxeP9Ys5VM5Np1Oy3QTn0z', 1, 1, 1, '2023-10-25 14:13:12', '2023-10-25 14:13:12'),
(244, 'HAIRUL UMAM', 1, 'PR9yzuR1S4S81lptjVYsxCon7mpHYUViBYyt7FHa', 1, 1, 1, '2023-10-25 14:13:12', '2023-10-25 14:13:12'),
(245, 'KALINGGA ALODIA KHAIRANI', 1, 'j7xaTL4HeePMLWUgsw83FbL3Y5ItCr1cNazPdJ3Y', 1, 1, 1, '2023-10-25 14:13:12', '2023-10-25 14:13:12'),
(246, 'KEZIA DYRA MALVANIA', 1, 'Kv9KtpXoYchs9X5Yxr2GCSzGRhqmWHElLtj4BFay', 1, 1, 1, '2023-10-25 14:13:12', '2023-10-25 14:13:12'),
(247, 'KHAULAH RIZKI ARINI', 1, 'OzNYChLFDYtjteyJTIOXSgquZs2Ei5yhNmKgl9Po', 1, 1, 1, '2023-10-25 14:13:12', '2023-10-25 14:13:12'),
(248, 'LUTFIANA AZIZAH', 1, 'waJAq9YsNoLpMpyXsumIkzYZ2sr48u5fv84vqIoo', 1, 1, 1, '2023-10-25 14:13:12', '2023-10-25 14:13:12'),
(249, 'MALIKA EMA ELYSIA', 1, '5vAuYYWPzFXYSQXecVfmxZCErCtEJcvzHImKV918', 1, 1, 1, '2023-10-25 14:13:12', '2023-10-25 14:13:12'),
(250, 'MAULIDINA APRILIA', 1, 'n2dbCAXaqxO8UlyHwdJSevA3HMqIT7mzTKVx0ABB', 1, 1, 1, '2023-10-25 14:13:12', '2023-10-25 14:13:12'),
(251, 'MUHAMMAD ZAINAL ABDI HUSNI', 1, 'Ai0uHAe8yQZbGR9iZl0dNpqla1kPRvSOnWvcSu68', 1, 1, 1, '2023-10-25 14:13:12', '2023-10-25 14:13:12'),
(252, 'NABILA EKA SAPHIRA', 1, 'WuRX9Cq1SjMOuF8vUSuBkCopYMU5vWYAyAO8Dfrl', 1, 1, 1, '2023-10-25 14:13:12', '2023-10-25 14:13:12'),
(253, 'NOVA YUNIA ANGGRAINIE', 1, 'kjJFaKE4cInmDL6wavehATNdxfumf15IzRRfhKuC', 1, 1, 1, '2023-10-25 14:13:12', '2023-10-25 14:13:12'),
(254, 'NUR HASANAH', 1, 'lnKN0BKvrz9s4003yethD52zylxHBx5Ww9NrDXX1', 1, 1, 1, '2023-10-25 14:13:12', '2023-10-25 14:13:12'),
(255, 'RATIH YUANITA PERMATASARI', 1, 'JGX5KyXfdaoe0hyBeFCRQTUN7YHZq1llWFhGgHtc', 1, 1, 1, '2023-10-25 14:13:12', '2023-10-25 14:13:12'),
(256, 'RENO ADITIYA SAPUTRA', 1, 'KYuzy7DRVYyfjMrK2mDvFft1qNLSKZvNRZnkoCgp', 1, 1, 1, '2023-10-25 14:13:12', '2023-10-25 14:13:12'),
(257, 'RIKO TRIAN SAPUTRA', 1, 'UFiK9zf3iw9Zqyvoz7uZ8iV6gPJddBK3N5BtD11N', 1, 1, 1, '2023-10-25 14:13:12', '2023-10-25 14:13:12'),
(258, 'RISYA ADINDA AGUSTIN', 1, 'wjTWVypoPCaVnwqPcALV5W30XDF3kndsEYADtd56', 1, 1, 1, '2023-10-25 14:13:12', '2023-10-25 14:13:12'),
(259, 'SERIL TRI WAHYUNI', 1, 'W5dSViKkwRGNrqxsXcFhEsApp4trWLLzZKJfZUSQ', 1, 1, 1, '2023-10-25 14:13:12', '2023-10-25 14:13:12'),
(260, 'SILVIRA WIDAYANTI', 1, 'B4hyGB2qWcw3rQQPdaDiduwvG7tN9XL4rQehdQOU', 1, 1, 1, '2023-10-25 14:13:12', '2023-10-25 14:13:12'),
(261, 'SINDI NOVELIA PUTRI', 1, 'PTQFLVQWb1ZjVwmJy5JTP5yYDAsB48WvuDRYBYog', 1, 1, 1, '2023-10-25 14:13:12', '2023-10-25 14:13:12'),
(262, 'SITI FARIDA', 1, 'NKMxIsEfqTT8kN4RnjuWpgXbQhqhNLn2TZLWL62A', 1, 1, 1, '2023-10-25 14:13:12', '2023-10-25 14:13:12'),
(263, 'SITI NUR SALSABILA', 1, 'PZ9JQC63fdlOzIfkFo9PMtEqZF5bOOsuG5cvVeVO', 1, 1, 1, '2023-10-25 14:13:12', '2023-10-25 14:13:12'),
(264, 'SYAHRINA MAYSA SAABIRA', 1, 'qzv6iN5j2jHvlrOrFqQAgyzUOsMBZnCDgCUOSNrh', 1, 1, 1, '2023-10-25 14:13:12', '2023-10-25 14:13:12'),
(265, 'WIWIN KURNIASIH', 1, 'P1m9zCBGzYuRui5G5QjyZaZ7HJGV5a0lWwHZluhp', 1, 1, 1, '2023-10-25 14:13:12', '2023-10-25 14:13:12'),
(266, 'AIDA KURNIA RAHMAWATI', 1, 'fNQJbhPVE9XVNW3PFnXWGHnGvQVrfBRCjkHF5JBC', 1, 2, 1, '2023-10-25 14:13:17', '2023-10-25 14:13:17'),
(267, 'AMANDA DINI SAPUTRI', 1, '7tJ6NFJ3PxNlISiGdqUvH1EOpXSq59mT3TyE7t9p', 1, 2, 1, '2023-10-25 14:13:17', '2023-10-25 14:13:17'),
(268, 'AMELIA ROSDIANA NINGSIH', 1, 'ulIxXFrHfy3dvdF14spA1cXXR7ashquSwowokdqP', 1, 2, 1, '2023-10-25 14:13:17', '2023-10-25 14:13:17'),
(269, 'ANDIKA PRATAMA MAULANA ISMAIL', 1, '2JinFQx8N7MjeYd8exPGhA1MLE9X71NmyXcok6rv', 1, 2, 1, '2023-10-25 14:13:17', '2023-10-25 14:13:17'),
(270, 'ANGGIE ALIFIA KURNIA', 1, 'Kg9J9vItP3WuILg8jbbE59PNDWGwOaXVw5Bjk8IS', 1, 2, 1, '2023-10-25 14:13:17', '2023-10-25 14:13:17'),
(271, 'AULIA ANDINI', 1, '2od4xGFfs8UbLL34W2Uezg5xpov0KaF68vscJX5p', 1, 2, 1, '2023-10-25 14:13:17', '2023-10-25 14:13:17'),
(272, 'CHELSILIA DEWI AYU KIRANA', 1, '1K2xJpVdxh124GDygN8joBYJYf1XQzkn3K5Jg3eC', 1, 2, 1, '2023-10-25 14:13:17', '2023-10-25 14:13:17'),
(273, 'DELHICYETA ARGADYA BRILYANTINE', 1, 'VxMrKcWJvnJlMD2rBKkAquhajFQvTtYQt7csLXz4', 1, 2, 1, '2023-10-25 14:13:17', '2023-10-25 14:13:17'),
(274, 'DIANA FIRDAUSIAH', 1, 'Eo7SG6bY6jPFMvwPjhqDHEvG5VSYS48Nx4ij15AX', 1, 2, 1, '2023-10-25 14:13:17', '2023-10-25 14:13:17'),
(275, 'FAIRUZ SYIFA RAGIL DEWANTARI', 1, '2tMx9f39kuUCkSaejKstTUfsTWAImhpFNzPyvqBO', 1, 2, 1, '2023-10-25 14:13:17', '2023-10-25 14:13:17'),
(276, 'GATOT HENDRO PRAWIRO', 1, 'y2kYNmwk13OoOVmWoOwlQlNp1PnkDRPUSO2GOXfy', 1, 2, 1, '2023-10-25 14:13:17', '2023-10-25 14:13:17'),
(277, 'HILMAH RISKI', 1, 'rzYj2rY0whLP4JhXx5JAH9gctXNpdC5tneSHyzdO', 1, 2, 1, '2023-10-25 14:13:17', '2023-10-25 14:13:17'),
(278, 'KEYSHA PUTRI DANIELA', 1, 'AVzfQvOw5XEgykruLw1HOP2E1b24aGsltMz9uuxe', 1, 2, 1, '2023-10-25 14:13:17', '2023-10-25 14:13:17'),
(279, 'KHAIRUN NISAK', 1, 'y4bSgHzjcXkTpcDJhV7mNWDOYAt9OmAagIVJOYKS', 1, 2, 1, '2023-10-25 14:13:17', '2023-10-25 14:13:17'),
(280, 'LATIFAH RISKI RAHAYU', 1, 'sFQRES1vHQ4TNbG4JYA2m6U5b6z0LxdswMQXLzw4', 1, 2, 1, '2023-10-25 14:13:17', '2023-10-25 14:13:17'),
(281, 'MAELI ZULFATUR RAMADHANTI', 1, 'ixPWKPOYjcr0TgbXaxtT2JnyscyG1mPpuPcq9gwo', 1, 2, 1, '2023-10-25 14:13:17', '2023-10-25 14:13:17'),
(282, 'MARLA OCTA VIOLA', 1, 'JQsrf13U6Bcr8RvKPBLiwSpslljPdhFqexMoUPBN', 1, 2, 1, '2023-10-25 14:13:17', '2023-10-25 14:13:17'),
(283, 'MAULINA AMELIA PUTRI', 1, 'ju7RhBCMeMyX6Nx4TjXoMvtDWyR3939iUOCNQ3iI', 1, 2, 1, '2023-10-25 14:13:17', '2023-10-25 14:13:17'),
(284, 'MUHAMMAD ADITYA WIJAYA', 1, 'RKmkXMxgGM4tnJV4VGwrUYz2zyio5Aqkmn7C4Oh6', 1, 2, 1, '2023-10-25 14:13:17', '2023-10-25 14:13:17'),
(285, 'NABIL HUSNUL MURAD', 1, 'ZuHDBlcq8nHxWohvDvpdnMqO1oHnatFvku7i0BsK', 1, 2, 1, '2023-10-25 14:13:17', '2023-10-25 14:13:17'),
(286, 'NATASHA ZATHIFATUL AINI', 1, 'biyTxVRk5x15uJaoVlhkzMzuGihNXmpQypslYiD1', 1, 2, 1, '2023-10-25 14:13:17', '2023-10-25 14:13:17'),
(287, 'NOVITA AYU WIDYA SANESTY', 1, 'zdfV2bgMBzjuTaLceA2f2PYsb8RBCYKgf9X8EO7s', 1, 2, 1, '2023-10-25 14:13:17', '2023-10-25 14:13:17'),
(288, 'PUTRI NOVITASARI', 1, 'H7MLl1yeZuWVRTUyWbol4l76sHZLrKYSlbV1t235', 1, 2, 1, '2023-10-25 14:13:17', '2023-10-25 14:13:17'),
(289, 'REZA AULIA FEBRIANTI', 1, '1fa1dIqHWNYdque7RU3G98chbSYSRWXfVcMBWABs', 1, 2, 1, '2023-10-25 14:13:17', '2023-10-25 14:13:17'),
(290, 'RHAMADHANI DWIRISKY GUSTIAWAN', 1, '0krrZSM3Qi6gbedthIP9rGx0T04FbKNhLbFrPiJu', 1, 2, 1, '2023-10-25 14:13:17', '2023-10-25 14:13:17'),
(291, 'SASY KIRANA WIDYAPARAMITA', 1, 'ueB5I6RdYH22gCDivtp4Yaalkw7jir4gdoPokaL9', 1, 2, 1, '2023-10-25 14:13:17', '2023-10-25 14:13:17'),
(292, 'SILVIA MAYLANI PUTRI DEWI', 1, 'N3ylqGO8qKNvMbnaNIgNxTe7IUZSmKO8Qj6vzR0y', 1, 2, 1, '2023-10-25 14:13:17', '2023-10-25 14:13:17'),
(293, 'SILVIYA OCTHA PUTRI EFFENDHI', 1, 'rw3Kzg7dL8zCQuUUFkhJ1twACPSclJrhzqVMpRfe', 1, 2, 1, '2023-10-25 14:13:17', '2023-10-25 14:13:17'),
(294, 'SISILIA OKTARIA', 1, 'sl2FQ98tr4fCy9SbGrstcQ6jxlAopRdqaNlEBv7Z', 1, 2, 1, '2023-10-25 14:13:17', '2023-10-25 14:13:17'),
(295, 'SITI INARATU DUJA', 1, '42YaGoz7zJ88EEUYMIv1th96i6GXz61206H5nkmF', 1, 2, 1, '2023-10-25 14:13:17', '2023-10-25 14:13:17'),
(296, 'SITTI KARINA SILFA', 1, 'IuX0IzLCCxIyZUgVQYehv7mnFTxL72K1de5wM3yo', 1, 2, 1, '2023-10-25 14:13:17', '2023-10-25 14:13:17'),
(297, 'WINDA DAMAIANTI', 1, 'DEeefQMQoq4BhFEhriZzBneeW3lWygKAlNxc9kvt', 1, 2, 1, '2023-10-25 14:13:17', '2023-10-25 14:13:17'),
(298, 'ABIMANYU', 1, 'Gyf6efH2KrDrJHROGylPZ6oyX8ZXeW72OmTyqy94', 1, 14, 1, '2023-10-25 14:13:23', '2023-10-25 14:13:23'),
(299, 'ACHMAD BASOFIE WIBOWO', 1, 'r4BnaF3qcnIa3jF7GZmTgww6S3ee83Ri9najk80g', 1, 14, 1, '2023-10-25 14:13:23', '2023-10-25 14:13:23'),
(300, 'ALIN ALAINA ABADIYAH', 1, 'YdLf2FsZjNXyvF1PazR8LmLZSKILZPfAdnTbdzEE', 1, 14, 1, '2023-10-25 14:13:23', '2023-10-25 14:13:23'),
(301, 'ANDIKA DWI PERMANA', 1, 'k2nMmtyj1Fw5POl312rsGBcyKqit8JFczJKBag9e', 1, 14, 1, '2023-10-25 14:13:23', '2023-10-25 14:13:23'),
(302, 'ANDY SATRIA', 1, 'KOJOjjx9T7fHK3heDOFsXKOlykVhkzLsFDRReTz1', 1, 14, 1, '2023-10-25 14:13:23', '2023-10-25 14:13:23'),
(303, 'CHIKA PUTRI KURNIAWAN', 1, 'C1xP4C8IskpRYnAA763fj294Pg7hCa1qQGp1i8Nz', 1, 14, 1, '2023-10-25 14:13:23', '2023-10-25 14:13:23'),
(304, 'DENI MAULANA RIZKI', 1, 'xaMfGQKXrsLCeVHvxbUVite5rYgmLcvFRCjrR6cG', 1, 14, 1, '2023-10-25 14:13:23', '2023-10-25 14:13:23'),
(305, 'DEWI OKTA FITRI', 1, 'zz71RIafiB8EOXMKHJVsqIyI2fPfq5T6tskW25nS', 1, 14, 1, '2023-10-25 14:13:23', '2023-10-25 14:13:23'),
(306, 'DEWIKA FIBRIANTI', 1, 'mtnFOTj0PAscD6oJ1AtUjh90FyjM3QBCBPHZA6HZ', 1, 14, 1, '2023-10-25 14:13:23', '2023-10-25 14:13:23'),
(307, 'FAIDATUL KARIMAH', 1, '20AGJGmj11QmF8QuFAhLnB2NaTVTEPtXJeCsAehd', 1, 14, 1, '2023-10-25 14:13:23', '2023-10-25 14:13:23'),
(308, 'FARHAN ABDILLAH', 1, 'SgzSA29BZNqRnhaFytPRyZ0CyQvV985tdxRNlTzD', 1, 14, 1, '2023-10-25 14:13:23', '2023-10-25 14:13:23'),
(309, 'FEBRIYAN PUTRA WIJAYA', 1, 'pP7WJgnzTBttL3IPdx0i5RZZy9aghgL5wkW8IcG7', 1, 14, 1, '2023-10-25 14:13:23', '2023-10-25 14:13:23'),
(310, 'FIKA ALIFIA ERFINA', 1, 'V2mVd8aRoLptRYRwSoVyr7eoKlOUM9W7KoBCf5ss', 1, 14, 1, '2023-10-25 14:13:23', '2023-10-25 14:13:23'),
(311, 'FITRI KURNIAWATI', 1, 'zfj2Y486GB8LLZJCLVn81Lyv5P3vu823ZFAPN8v0', 1, 14, 1, '2023-10-25 14:13:23', '2023-10-25 14:13:23'),
(312, 'HAIKAL RIZKY NOVALDY', 1, 'hblqtldGlWj1hX9oG5YLduMKeVr3aTh6ROggCOW9', 1, 14, 1, '2023-10-25 14:13:23', '2023-10-25 14:13:23'),
(313, 'KEVIN RIVALDI ARDIANSYAH', 1, 'zEO6pRWj7JjgnplpHAZy71aoU5uZPfBH8H4IceVb', 1, 14, 1, '2023-10-25 14:13:23', '2023-10-25 14:13:23'),
(314, 'KHOIRUL ANAM', 1, '6eI8c6pDBCyBoN3bfPMRBB6JkhJljwKfRXUsFUt0', 1, 14, 1, '2023-10-25 14:13:23', '2023-10-25 14:13:23'),
(315, 'M STIO PUTRA WARDANA', 1, 'uLgA7YyVGXiWA6zdtqfr2B5U3nI13k7oqSLcdfWF', 1, 14, 1, '2023-10-25 14:13:23', '2023-10-25 14:13:23'),
(316, 'MIYA OKTAFIYA', 1, 'X9LvRNUe7du7MzmgBBMI1TxduWa9kYyEVxpAuNxd', 1, 14, 1, '2023-10-25 14:13:23', '2023-10-25 14:13:23'),
(317, 'MOCHAMMAD AINNUR RAMADHAN', 1, 'e9CnlPHiQdVI5iIx5SQ6BEZglBqz8o8dob4yRv92', 1, 14, 1, '2023-10-25 14:13:23', '2023-10-25 14:13:23'),
(318, 'MOHAMMAD ILHAM RAHMATULLAH', 1, 'ydFtMOjEEl7IJCt3dvqML9vA5aMQ8Gm9asgjYa60', 1, 14, 1, '2023-10-25 14:13:23', '2023-10-25 14:13:23'),
(319, 'MUHAMMAD ARIEF RAMADHANI', 1, 'aBS4Z47PBMpnxCq0LugFFfiDXAEmNhRngLDj0WVh', 1, 14, 1, '2023-10-25 14:13:23', '2023-10-25 14:13:23'),
(320, 'MUHAMMAD FARCHAN AL IDRIS', 1, 'EHnSQfSGQK9x2xtybJO1uNa3cX9QKKubA8xzVc8k', 1, 14, 1, '2023-10-25 14:13:23', '2023-10-25 14:13:23'),
(321, 'MUHAMMAD FIKRI FIRDAUS', 1, 'EgjwV28acgZecOaVMNbaVOc7RoJpmESAF0md0cJ8', 1, 14, 1, '2023-10-25 14:13:23', '2023-10-25 14:13:23'),
(322, 'MUHAMMAD GUNTUR', 1, 'ApEt12wVp0WkIXzEHsA1NUARBQCFt68pQQehCiHj', 1, 14, 1, '2023-10-25 14:13:23', '2023-10-25 14:13:23'),
(323, 'MUHAMMAD RIFA', 1, 'E2dfHCR9vYc9TcCifdsbo4m3fVFbVC4EahMSGe3J', 1, 14, 1, '2023-10-25 14:13:23', '2023-10-25 14:13:23'),
(324, 'MUHAMMAD RIVAN AFFANDY', 1, 'rXwbYOAfX6rg1KDEWi4kJ0Wv3abjlbEJouye7P5x', 1, 14, 1, '2023-10-25 14:13:23', '2023-10-25 14:13:23'),
(325, 'MUHAMMAD WILDAN FARDHANI', 1, 'y7c3Mgnh81xNzRSOwSTuPAxwhur4kcDYsJCNb7uf', 1, 14, 1, '2023-10-25 14:13:23', '2023-10-25 14:13:23'),
(326, 'NURUL FIKRI', 1, 'Srm4NefNK7UoTJcG8JEoM0OqNEkEg0BOyus2BtEP', 1, 14, 1, '2023-10-25 14:13:23', '2023-10-25 14:13:23'),
(327, 'RAFI NURUL HIDAYAH', 1, 'hgmfyCaQ5pZFjfIkp49MfMri5bORdIbSkRtlaCZI', 1, 14, 1, '2023-10-25 14:13:23', '2023-10-25 14:13:23'),
(328, 'RIVAN MEISYAH HIKMAL', 1, 'ooMTvNK3cBkJBPDCg9lDSqvmRHeozTyAyltjR3ai', 1, 14, 1, '2023-10-25 14:13:23', '2023-10-25 14:13:23'),
(329, 'SAEDANI CAHYA HERDIYANTO', 1, 'F9h7whMnuCwiFp4QUt8pqFeJ8Okij3GfkXpTb4TZ', 1, 14, 1, '2023-10-25 14:13:23', '2023-10-25 14:13:23'),
(330, 'SITI NUR FADILAH', 1, 'YtY7q5SDBxaUIC2AL1so2n68dQ56mf7yxMmS0W3i', 1, 14, 1, '2023-10-25 14:13:23', '2023-10-25 14:13:23'),
(331, 'SYIFA SYULUSYUL IZKI', 1, 'FKsot2CUa5jNPoCdhPesrn7UTeSJZNbxpqpzo590', 1, 14, 1, '2023-10-25 14:13:23', '2023-10-25 14:13:23'),
(332, 'ABHISTA ARMEDIO BAMBANG PUTRA PRATAMA', 1, 'MLsN2Vk0EJ48GxObsUdEELev4NZOEVuvtKEXajOW', 1, 12, 1, '2023-10-25 14:13:39', '2023-10-25 14:13:39'),
(333, 'ACHMADA RAMA AFIAN MAULANA', 1, 'mEnXccwUwR2ZoE9srOCEp20t2z0cdG96DkB8HJKB', 1, 12, 1, '2023-10-25 14:13:39', '2023-10-25 14:13:39'),
(334, 'AHZARIA FEBRYN AUERELLA', 1, '5S8jFaijwkVRYKF81ub6ThRucrfnypcP2JSn66oy', 1, 12, 1, '2023-10-25 14:13:39', '2023-10-25 14:13:39'),
(335, 'AKSAL FADILAH', 1, 'lTr1GI7zelJrMBtGZZu1VxknVXsyKvOeS3LFw60L', 1, 12, 1, '2023-10-25 14:13:39', '2023-10-25 14:13:39'),
(336, 'AL-ZORA AULIA PUTRA HARTONO', 1, 'NW9QDe8U9pDeNVCE6d1QsqcXw5YpxfUgDmyhRic2', 1, 12, 1, '2023-10-25 14:13:39', '2023-10-25 14:13:39'),
(337, 'ANGGUN CITRA DEWI', 1, '1LTlWPzWLHnm2msKIj8v7yTJaCjAJQskxUCGrTc4', 1, 12, 1, '2023-10-25 14:13:39', '2023-10-25 14:13:39'),
(338, 'AZZAHRO SAFITRI', 1, '6ljt1WQXepJ8Mij23wHVZMihn9cxUJQhPLrVOe56', 1, 12, 1, '2023-10-25 14:13:39', '2023-10-25 14:13:39'),
(339, 'BIMA ANGGARA PUTRA', 1, 'GYEeUHzzJwPEjDKN40HIQhVEDuL9Yr5jVazbMoGC', 1, 12, 1, '2023-10-25 14:13:39', '2023-10-25 14:13:39'),
(340, 'BIMO FAIS PRAKOSO', 1, 'dDidF8lv0DjNmjw23fjJnPRgRYqEUbW4M9tJnRE5', 1, 12, 1, '2023-10-25 14:13:39', '2023-10-25 14:13:39'),
(341, 'BINTANG AGUSTIANO EFFENDY', 1, 'QKKlDcGSWt5PylGXYknSzWPPW7jwI2XpApHcTGEu', 1, 12, 1, '2023-10-25 14:13:39', '2023-10-25 14:13:39'),
(342, 'BINTANG ZULVI ANSHORI', 1, 'EUfPaecycsxDcuy7T5ymOob09px6Upp6oFmLO1qS', 1, 12, 1, '2023-10-25 14:13:39', '2023-10-25 14:13:39'),
(343, 'DAVA AGISTYAN', 1, 'Ku5pPoE2psgfQJB5mqpMUT9R3JAWxniBFRgxehYZ', 1, 12, 1, '2023-10-25 14:13:39', '2023-10-25 14:13:39'),
(344, 'DIMAS FEBRIANSYAH', 1, 'ENYZwu7D5Jt2A85PMlDdioORxQWENyso15a9InGk', 1, 12, 1, '2023-10-25 14:13:39', '2023-10-25 14:13:39'),
(345, 'FADLURRAHMAN AFIF IZZUHAQ', 1, 'VaazMOCUmJYZ1K4ITaQpzhaaPkuFWOqL7zgKIRHR', 1, 12, 1, '2023-10-25 14:13:39', '2023-10-25 14:13:39'),
(346, 'FAITH RIZQI RISMANTO', 1, 'JTxlmU5eUxnv4vseAdxYDxJGWqHWxwasOkrmHBy8', 1, 12, 1, '2023-10-25 14:13:39', '2023-10-25 14:13:39'),
(347, 'FIRSTY MAYLISHA PUTRI', 1, 'XfW0234DMeXtVpVrWILemDpvu8noEnu3c8DLN5fn', 1, 12, 1, '2023-10-25 14:13:39', '2023-10-25 14:13:39'),
(348, 'GENIUS ISLAH PRASASTI', 1, 'PBHCgxCuwS741AMBHWWlcomGI93NIRYrH5GncMpZ', 1, 12, 1, '2023-10-25 14:13:39', '2023-10-25 14:13:39'),
(349, 'JOSO MONTAHA ADITYA PRATAMA', 1, 'bYjchLfyFXEFIclsuTCDSARt1sqQ6BRg57qb7D3t', 1, 12, 1, '2023-10-25 14:13:39', '2023-10-25 14:13:39'),
(350, 'JULIA DONITA SAFITRI', 1, 'VyX0y1UPWDCDw7w3EdXct6nt6NmUHwb080XOBY1D', 1, 12, 1, '2023-10-25 14:13:39', '2023-10-25 14:13:39'),
(351, 'KEVIND RADHITYA WICAKSONO', 1, 'GcIV4phAxSq0VD4Vftbu1Ga56ecXbjV1xTELtHhR', 1, 12, 1, '2023-10-25 14:13:39', '2023-10-25 14:13:39'),
(352, 'KEYVANO RIFQI ANDRIANSYAH', 1, '6vUzMe8r44bcdmkm0BD2QWVPBwzfTjfUg9o12YWz', 1, 12, 1, '2023-10-25 14:13:39', '2023-10-25 14:13:39'),
(353, 'MOCHAMMAD GIBRAN JALALLUDIN YUSUF', 1, 'y5EA4Zk5vXw1bx5M7XS21qYDbJrg14AvT4F8pFWJ', 1, 12, 1, '2023-10-25 14:13:39', '2023-10-25 14:13:39'),
(354, 'MOHAMMAD RIVALDO DWI MAULANA', 1, 'UuGm2MNOWNQvWEUPYIhoL97MMjtSboCvN2xpDhmC', 1, 12, 1, '2023-10-25 14:13:39', '2023-10-25 14:13:39'),
(355, 'MOHAMMAD SAIFUL GALANG', 1, 'zk5Uvb4kL7OEXt7hnneRDLqX4ej3VMFyR2LlpzW7', 1, 12, 1, '2023-10-25 14:13:39', '2023-10-25 14:13:39'),
(356, 'MUHAMMAD IRWANSYAH', 1, 'xeAofpzZi8foci24pEatWL5CCCXhG7Ssd9WG6pCo', 1, 12, 1, '2023-10-25 14:13:39', '2023-10-25 14:13:39'),
(357, 'MUHAMMAD SEPTIANUR ROMADHON', 1, 'RPhoDwE92UrXL0PTMRz0645lmxvsnynJsDyo2TDS', 1, 12, 1, '2023-10-25 14:13:39', '2023-10-25 14:13:39'),
(358, 'NICHOLAS CHRISTIAN DIANTO', 1, 'hs4lpiD7B4hTU5r6iyldRklZh5mk40oGtU2FhNNY', 1, 12, 1, '2023-10-25 14:13:39', '2023-10-25 14:13:39'),
(359, 'NOUVAL SYAHPUTRA', 1, 'YExb1PCjCZd94ECL1zi9cn9ucWu10ZIRero0hJTJ', 1, 12, 1, '2023-10-25 14:13:39', '2023-10-25 14:13:39'),
(360, 'NUR ISKANDAR WIJAYA ANUGRAH', 1, 'XZdL9BwWn5pJzL4lzuPW60iz6G1ZjKta5JsPEier', 1, 12, 1, '2023-10-25 14:13:39', '2023-10-25 14:13:39'),
(361, 'REIHAN ADITIYA', 1, 'omXRLOOsASeCot4oSU61mBskTVsAUagrtGv91S41', 1, 12, 1, '2023-10-25 14:13:39', '2023-10-25 14:13:39'),
(362, 'RUDI SYAUQI ABDUR ROZAQ', 1, 'LUPwAjZDu7Z0hspTwxbJe1JSPPdkP2X87TlgPAiG', 1, 12, 1, '2023-10-25 14:13:39', '2023-10-25 14:13:39'),
(363, 'SEPTA ILHAM RAMADHANI', 1, 'P4u177bgeYftPxyqVzPQgOXDSeo4qYH511vNEiyS', 1, 12, 1, '2023-10-25 14:13:39', '2023-10-25 14:13:39'),
(364, 'WAHYU ARI AJI DWI WARDANA', 1, 'dHOkr2WnwkscfPuJVj2C7HWvhNXQl9U0JvtJItYN', 1, 12, 1, '2023-10-25 14:13:39', '2023-10-25 14:13:39'),
(365, 'ZACKY ZIDANE', 1, 'KUaEPbvIclt2IHYZb4ljLAqMpfMdu7g0LqFs7Kak', 1, 12, 1, '2023-10-25 14:13:39', '2023-10-25 14:13:39'),
(366, 'ZAYYAN DAVIN PRANAJA', 1, '9tkwsodEGyeZh8KKwnqwagzEfvVn1Bdgxj6ecLZb', 1, 12, 1, '2023-10-25 14:13:39', '2023-10-25 14:13:39'),
(367, 'ZULVY AKMAL FIRDAUS', 1, '1jvVRoWO4hm1eow95kec8sLV2MYtTXjGz15H8Vmh', 1, 12, 1, '2023-10-25 14:13:39', '2023-10-25 14:13:39'),
(368, 'ABU ALIF ALMALIKI MAULIDANI', 1, 'R7ys6tmVV7nHenG2GA50RXQ6GNnNmUyQWLKfeiNK', 1, 8, 1, '2023-10-25 14:13:49', '2023-10-25 14:13:49'),
(369, 'ACHMAD FAUZI EFENDI', 1, 'AIiJTPqygWKKbkMtDqpOHpctAEMaArACdTT7SrsV', 1, 8, 1, '2023-10-25 14:13:49', '2023-10-25 14:13:49'),
(370, 'ADITYA RAMADHAN', 1, 'r5nXVZBc5wMQmOBzWfpAsRlpCYE9VcKcJxG1NSMs', 1, 8, 1, '2023-10-25 14:13:49', '2023-10-25 14:13:49'),
(371, 'AHMAD DHONI', 1, 'PWABdFgRykDsgimFH7K5hW7pDUueMVCnTGKbPER7', 1, 8, 1, '2023-10-25 14:13:49', '2023-10-25 14:13:49'),
(372, 'ALAIN JAMES LAY', 1, 'dS8hfenMXOIMK8pQb15UB4lQapXr8HuXhjZECnq9', 1, 8, 1, '2023-10-25 14:13:49', '2023-10-25 14:13:49'),
(373, 'ALFIN MAULANA', 1, 'bn8TkBJrXqtFUP5q1GECpUt7Q5YNKf1HUFbB6pt0', 1, 8, 1, '2023-10-25 14:13:49', '2023-10-25 14:13:49'),
(374, 'ANDIKA APRILIANSAH', 1, 'tf7zq6Pgyx7BtHER3FsAoywyZfdsxv49ests8Cn5', 1, 8, 1, '2023-10-25 14:13:49', '2023-10-25 14:13:49'),
(375, 'APRIANSYAH MANDALA PUTRA', 1, 'qH8ArWN4jLwTPVuqjA6ovJNsVIvTHH6oIK90EJJ1', 1, 8, 1, '2023-10-25 14:13:49', '2023-10-25 14:13:49'),
(376, 'BAGUS ROBI ANANDIKA', 1, 'ERWf1HZG7H0v85GEVFaU4FXcrS9lslx51X86eRKW', 1, 8, 1, '2023-10-25 14:13:49', '2023-10-25 14:13:49'),
(377, 'CHAIRIL RAMADHANI PRAWIJAYA', 1, 'T3T9vhM0E8xw7KYdMtjaAr3SzQDVgJ1yS4Fr55zl', 1, 8, 1, '2023-10-25 14:13:49', '2023-10-25 14:13:49'),
(378, 'DAMAR AUFADZAKY PRATAMA', 1, 'WU5slmywqGiC8ITRfFHgrz2jN1msDoXvMYNqWSLP', 1, 8, 1, '2023-10-25 14:13:49', '2023-10-25 14:13:49'),
(379, 'DAVINO NUR OKTAVIAN PUTRA', 1, 'e7qFA199rh4pwwx1wEwes2xshJKJRO7lPp5fzJxj', 1, 8, 1, '2023-10-25 14:13:49', '2023-10-25 14:13:49'),
(380, 'FARHAN TAUFIQURRACHMAN', 1, 'Fjsb9cIwWaDmBpOyRExVJ2e45zypsW9OYVFl6QwE', 1, 8, 1, '2023-10-25 14:13:49', '2023-10-25 14:13:49'),
(381, 'GITO RAMADANI', 1, 'A9rn3kTySCkgqMLPVU467PhFeAi6sPPRhjOuo3ie', 1, 8, 1, '2023-10-25 14:13:49', '2023-10-25 14:13:49');
INSERT INTO `peserta` (`id_peserta`, `nama_peserta`, `tipe`, `qr_code`, `tingkatan`, `id_kelas`, `status`, `created_at`, `updated_at`) VALUES
(382, 'IVAN NUR KARIMULLAH', 1, 'U7AKZDbF4uKCArVJF9z0B26JKFclfF76CipckdAS', 1, 8, 1, '2023-10-25 14:13:49', '2023-10-25 14:13:49'),
(383, 'KEVIN ALFARIZI WIJAYA', 1, 'SEV6EPE0bShNIJt7erVbs5I09Y71P9g0ZJOhrp9N', 1, 8, 1, '2023-10-25 14:13:49', '2023-10-25 14:13:49'),
(384, 'M. ARIF SETIAWAN', 1, 'IBMGDcdaFsqNVb3AI4QqJVdk3iIb1zOjXkwHGXuK', 1, 8, 1, '2023-10-25 14:13:49', '2023-10-25 14:13:49'),
(385, 'MOH FAHRUR ROSI', 1, 'h0hUUtvm7vfG9x9rWcSxKM4k6dOIp855tbnJCPWC', 1, 8, 1, '2023-10-25 14:13:49', '2023-10-25 14:13:49'),
(386, 'MUHAMMAD ABI HAMZAH', 1, 'pEran2xdffZQmZQAMSsgWp1k7ybjPCOGrlwVUFZJ', 1, 8, 1, '2023-10-25 14:13:49', '2023-10-25 14:13:49'),
(387, 'MUHAMMAD FADHIL HAFIZ MIRZA', 1, '03D1gytvwCtUebvKt0oxoSKnLlrLJ73cjZPsVK12', 1, 8, 1, '2023-10-25 14:13:49', '2023-10-25 14:13:49'),
(388, 'MUHAMMAD HERU', 1, 'a9dcWPLbg4nHt9SqPfhXgZfY8fbokWa8rUNoBzZv', 1, 8, 1, '2023-10-25 14:13:49', '2023-10-25 14:13:49'),
(389, 'MUHAMMAD ILHAM APRILIO SAMSIB', 1, 'gNZDDljuA96hyeSKQFY6KJo4YJvr3WnOIKxgRa9H', 1, 8, 1, '2023-10-25 14:13:49', '2023-10-25 14:13:49'),
(390, 'MUHAMMAD MAULANA RASYIDI', 1, 'LYOt3MK4VeWL9pEXLgibhyuliyjmBwSkua5uWqVp', 1, 8, 1, '2023-10-25 14:13:49', '2023-10-25 14:13:49'),
(391, 'MUHAMMAD RICO VIRDIANTO', 1, 'VRw7ec6r7yNW27i6hPf5rFvDJfIv8Mu59hWtODGp', 1, 8, 1, '2023-10-25 14:13:49', '2023-10-25 14:13:49'),
(392, 'MUSTOFA YOGA', 1, '4hO5awiXv6eihCJN13ESrg2RQ8bX9TnjFIYw2Q9l', 1, 8, 1, '2023-10-25 14:13:49', '2023-10-25 14:13:49'),
(393, 'RAMA DANI SEPTY RAHMAT WIJAYA', 1, 'lwkwwgL22TR6vyQ8vJNpzK958KIuevis4bqj5wHb', 1, 8, 1, '2023-10-25 14:13:49', '2023-10-25 14:13:49'),
(394, 'REFIYAN ADHITYA FIRANSYAH', 1, 'JIAgrYWjiecEymSGEJfFJSj03CVr2PyhJIybuVNp', 1, 8, 1, '2023-10-25 14:13:49', '2023-10-25 14:13:49'),
(395, 'RIZAL RIYANTO', 1, 'B74Uqk2nmxCQWywEeyZfZXDTJ2UAlb9bdmm2tRqq', 1, 8, 1, '2023-10-25 14:13:49', '2023-10-25 14:13:49'),
(396, 'RIZQI DWI SAHRAN UBAIDILLAH', 1, 'XIwc7ZInz1yo0BftlM8Y9kTFvAuaEsXOkiPn2Rko', 1, 8, 1, '2023-10-25 14:13:49', '2023-10-25 14:13:49'),
(397, 'SOFYAN KURNIA SANDI', 1, 'G5ih7tdR6DkjzOhTpGGiDliD7bMZFQwcGJ2SRFm2', 1, 8, 1, '2023-10-25 14:13:49', '2023-10-25 14:13:49'),
(398, 'SUBHAN BAHTIAR EFENDI', 1, '5My0fx4c2E1LtEiu0MUS3tsS1keBQbdfDec2IdCt', 1, 8, 1, '2023-10-25 14:13:49', '2023-10-25 14:13:49'),
(399, 'ACHMAD FAIZAL AFANDI', 1, 'EbfFQkWE3Wudwcn4uCDzGyjekvc6pR4Q7CeoJv51', 1, 9, 1, '2023-10-25 14:13:54', '2023-10-25 14:13:54'),
(400, 'ADITYA KURNIAWAN', 1, 'Xra2CsFfIpotn9bdmFfSCSeJCQlkidsUFQkJRtCO', 1, 9, 1, '2023-10-25 14:13:54', '2023-10-25 14:13:54'),
(401, 'AHMAD DAVA RAMDHANI', 1, '4IsgmYmFZDQjmQhEeuqFL7eFlYz0GgZEG3MaAyes', 1, 9, 1, '2023-10-25 14:13:54', '2023-10-25 14:13:54'),
(402, 'AHMAD MAULANA', 1, 'ElNaPxStvXiNw8M0pYPwZuxozjgwv7oHwDj92RHa', 1, 9, 1, '2023-10-25 14:13:54', '2023-10-25 14:13:54'),
(403, 'ALAN TRI MAULANA', 1, 'MzMRgngWA1kLDiP8AvesI60mIb6w764vEvbafFk7', 1, 9, 1, '2023-10-25 14:13:54', '2023-10-25 14:13:54'),
(404, 'ANANDA GILANG SIS RAMADHAN', 1, 'aWGt4R8z8OJvgL1NMmonUw6732TtBg84H8df8N9v', 1, 9, 1, '2023-10-25 14:13:54', '2023-10-25 14:13:54'),
(405, 'ANDIKHA BAGUS SYAHPUTRA', 1, 'HmbyiFKpd5PSMmdlKkmHnUhCKteX3ZPRPR8Bn1oy', 1, 9, 1, '2023-10-25 14:13:54', '2023-10-25 14:13:54'),
(406, 'ARIF REZEKIA HAMMULLAH', 1, 'TtXUBUjzBngSjg9FqK3Zl0xOF75Hwrg2rPq2GEYb', 1, 9, 1, '2023-10-25 14:13:54', '2023-10-25 14:13:54'),
(407, 'BIMA EQY SETYAWAN', 1, 'UiZHynXfE5rWXWGxzaKzDlg3wVfVE6Pf4lJIvtGN', 1, 9, 1, '2023-10-25 14:13:54', '2023-10-25 14:13:54'),
(408, 'CHRISTIAN FREDERICO WALE DJEWA', 1, 'YH6jmXnQjeXj7nnktZpqjoUBKyW3jpnAPmc7WVkx', 1, 9, 1, '2023-10-25 14:13:54', '2023-10-25 14:13:54'),
(409, 'DARMAWAN SAPUTRA', 1, 'pRUOHe8HuwkW7yvN82E2ixai42hQPcD6xHQzgtfx', 1, 9, 1, '2023-10-25 14:13:54', '2023-10-25 14:13:54'),
(410, 'DIEGO SAMIR NASRI', 1, 'vzJ2sLKJT4dNxOo7aBUpiv246toK57GZOEY0Gubh', 1, 9, 1, '2023-10-25 14:13:54', '2023-10-25 14:13:54'),
(411, 'FERDIANSYAH DWI SAPUTRA', 1, '9b9gYZnT3fpnhs6t2SnGyECNxZ3QSZNjDajYRT0V', 1, 9, 1, '2023-10-25 14:13:54', '2023-10-25 14:13:54'),
(412, 'IQBAL AINUDDIEN', 1, '6Dznwu1Bt93G9pBG9wNPzvy2M6uJyonrpUrhHYUm', 1, 9, 1, '2023-10-25 14:13:54', '2023-10-25 14:13:54'),
(413, 'JULIAN MOSES DOMINGO', 1, 'nsWxlWPm6EbVq5IKSPBEdQ6KV7n0cHiAqJLRpKxk', 1, 9, 1, '2023-10-25 14:13:54', '2023-10-25 14:13:54'),
(414, 'LEO DWIYANTO', 1, 'g834o3acR2IuXyYVYHJCFLrF8YlNlbnuegTRKh6N', 1, 9, 1, '2023-10-25 14:13:54', '2023-10-25 14:13:54'),
(415, 'M FAJAR ARDHIYANSYAH', 1, 'GsYfoVi2szss7te3RFoe9Ko248ubZpsv7CTkwEaJ', 1, 9, 1, '2023-10-25 14:13:54', '2023-10-25 14:13:54'),
(416, 'MOCHAMMAD ANDI MAULANA', 1, 'FpoOgQFxcNbx6gcnFJqK8p52rqT56gzz0iLFCVVZ', 1, 9, 1, '2023-10-25 14:13:54', '2023-10-25 14:13:54'),
(417, 'MOHAMMAD YAZID FARHAN ARIFIN', 1, 'sQbfowBAUpDX6IEspQPfdCjnmBojFZiO5g9G98gu', 1, 9, 1, '2023-10-25 14:13:54', '2023-10-25 14:13:54'),
(418, 'MUHAMMAD ARIN HOSNA SAPUTRA', 1, 'ZHU6w58y2Gv0cE1zHXIWeeqIaEgbNmwVnpfmHGFn', 1, 9, 1, '2023-10-25 14:13:54', '2023-10-25 14:13:54'),
(419, 'MUHAMMAD GILANG FIRMAN MAULANA', 1, '2YxRE4RglZ4JhPtVppuCcRZRbde8T4oq3d7YCZr5', 1, 9, 1, '2023-10-25 14:13:54', '2023-10-25 14:13:54'),
(420, 'MUHAMMAD IKBAL', 1, 'dUKINSHDwikzfQTsIYySPR37QGFns5WYKzTlebLK', 1, 9, 1, '2023-10-25 14:13:54', '2023-10-25 14:13:54'),
(421, 'MUHAMMAD IVAN FAHROZY', 1, '0sNNCJIxKDHndvJn2aVa6SSbueET9zQcinFOWWNh', 1, 9, 1, '2023-10-25 14:13:54', '2023-10-25 14:13:54'),
(422, 'MUHAMMAD YUDA FIRMANSYAH', 1, 'lDIjqgMgFo8OEfcYHTvUR0wFBh6KZ7Zq7cIUFHxP', 1, 9, 1, '2023-10-25 14:13:54', '2023-10-25 14:13:54'),
(423, 'MUHAMMAD ZAINAL ABIDIN', 1, 'UngUbetRPLJQJGXBkxEKzyea1EOYSTgj7DgRkYy1', 1, 9, 1, '2023-10-25 14:13:54', '2023-10-25 14:13:54'),
(424, 'NANDA ARIF SETYAWAN', 1, 'oCOAaXULNMNKQrHhGVe1ZBtNU4oNZ3QKmbdKfSJB', 1, 9, 1, '2023-10-25 14:13:54', '2023-10-25 14:13:54'),
(425, 'RAYHAN SULTON SYAIFULLAH', 1, '9CIUB1FZmdxyEkZiMproyaP1FTLvOZj0PJJ64aH9', 1, 9, 1, '2023-10-25 14:13:54', '2023-10-25 14:13:54'),
(426, 'REIHAN SAPUTRA', 1, '1sudcDLP2tcFsyzTGc6ZKwZItsVcxWFE02ty1m1V', 1, 9, 1, '2023-10-25 14:13:54', '2023-10-25 14:13:54'),
(427, 'RIZKI DWI ARHAN', 1, 'evRL3piAGrG2ItZzWPh3uooJmwla8ql3fE3Kjzei', 1, 9, 1, '2023-10-25 14:13:54', '2023-10-25 14:13:54'),
(428, 'SEPTIAN DAFA FIRDAUS', 1, 'QdRbWArK76a3r73kPxQO6c9u49CCOPSvGy9t2AUr', 1, 9, 1, '2023-10-25 14:13:54', '2023-10-25 14:13:54'),
(429, 'STEVANU KENZA WIJAYA', 1, 'ux8Vhlt3TAEfOqAFw4BCqTS3y8EKUrOjtruAitTm', 1, 9, 1, '2023-10-25 14:13:54', '2023-10-25 14:13:54'),
(430, 'WAHYU WAGIYANTO', 1, 'NVeMZ3NH3UhNtFi2HNhjXDsdmlLksu0WbJ43GuiH', 1, 9, 1, '2023-10-25 14:13:54', '2023-10-25 14:13:54'),
(431, 'WILDAN HAMKA DZULQARNAIN', 1, 'fNmGHytptvgtikuabzKPLRJqJGCVzJ3bOYPJeuhU', 1, 9, 1, '2023-10-25 14:13:54', '2023-10-25 14:13:54'),
(432, 'ZAVAREL AKBAR WARDANA PUTRA', 1, 'KKzcPcxColO6WS6UgEVhPzbUyGCc4jZsVZLI8Ax5', 1, 9, 1, '2023-10-25 14:13:54', '2023-10-25 14:13:54'),
(433, 'ABELIA MARTHA MULIA', 1, 'huxZgQ2tXF5IF45tEBnvjKNroaNmk6UZVZtjROt9', 2, 3, 1, '2023-10-26 00:31:31', '2023-10-26 00:31:31'),
(434, 'AFIFAH WIDYA NUR ZAHIDAH', 1, 'jfNzDXJw4Gu6cJLuxeZqjZfmtrw3zXMTqKvG49i9', 2, 3, 1, '2023-10-26 00:31:31', '2023-10-26 00:31:31'),
(435, 'AHMAD GALANG RAMADHAN', 1, 'znYU1QQc02tJx29yAwVLiU9p5TTQ4F33T54UFYul', 2, 3, 1, '2023-10-26 00:31:31', '2023-10-26 00:31:31'),
(436, 'AIRINA FEBRIANTI', 1, 'YtzSSeJmA6dNBAzpZf6E54Qtd8zhgcIHi97rEA7X', 2, 3, 1, '2023-10-26 00:31:31', '2023-10-26 00:31:31'),
(437, 'ANDRE ANGGA SETYAWAN', 1, 'aJAybpphFASlMEw32NqXLVE4nu6Ej3TLoupyDu5Z', 2, 3, 1, '2023-10-26 00:31:31', '2023-10-26 00:31:31'),
(438, 'ANDREAN PRASTYA', 1, 'B2yLnWvzdbHLl58Nf8EqILe8u1ay6v9CcKQZpryW', 2, 3, 1, '2023-10-26 00:31:31', '2023-10-26 00:31:31'),
(439, 'ANINDIA ANGGUN WAHYUDI', 1, 'xXc9O5nqr7KqGvjUnKr31ZMcdXrFrP9iFXtUNgvs', 2, 3, 1, '2023-10-26 00:31:31', '2023-10-26 00:31:31'),
(440, 'ANNISA ZALIFA AIRA DINAR FATHANI', 1, 'vzvUh4eNa8ikuIbbWl6Ec2cTMhscWGGtAh16QaLC', 2, 3, 1, '2023-10-26 00:31:31', '2023-10-26 00:31:31'),
(441, 'ATIK MUSLIHAH', 1, '0zfRa0SjP36fUmD6qdbSa2lyPNDmwIqnVu5jN4ZB', 2, 3, 1, '2023-10-26 00:31:31', '2023-10-26 00:31:31'),
(442, 'DESTI FEBRIANA PURWININGSIH', 1, '3kLZ8krCvN6TxZ5fajJ8pYzAViJnE4sIwURvMErz', 2, 3, 1, '2023-10-26 00:31:31', '2023-10-26 00:31:31'),
(443, 'DIAN LIA KURNIAWATI', 1, '3L1FaekXYvX2OKT5NrfpCoDzICgTIiRutOsBCzWc', 2, 3, 1, '2023-10-26 00:31:31', '2023-10-26 00:31:31'),
(444, 'DINDA AYU', 1, 'thCKAbUz6xFpI8wvsMjm0ZPZP7rXyUBYX8I6k3md', 2, 3, 1, '2023-10-26 00:31:31', '2023-10-26 00:31:31'),
(445, 'DWI SAFITRI', 1, 'Qg0Y8hcHIF9f9eZ5DeInkZ4dF4LRE3mlCtWNTiBX', 2, 3, 1, '2023-10-26 00:31:31', '2023-10-26 00:31:31'),
(446, 'DYNA ANGGRAENIY', 1, 'T7H6cml6yIiEaBEIjMhlmRqajQsKUbEVHaEiiX8p', 2, 3, 1, '2023-10-26 00:31:31', '2023-10-26 00:31:31'),
(447, 'FANI YUNITA INDRIYANIS', 1, 'xTKACBSGEKcDhdFDTeuyxSk5eknQ3I6sk4Ubft8e', 2, 3, 1, '2023-10-26 00:31:31', '2023-10-26 00:31:31'),
(448, 'HARIRO IRMAWATI', 1, 'RdzILAggU1g93Uvi9uAWcIRLySyZD2stSevmOrhR', 2, 3, 1, '2023-10-26 00:31:31', '2023-10-26 00:31:31'),
(449, 'LALA BUNGA ISTIAN ', 1, 'p57sGZmV4JdRLZx5KbEBHbBqMw7qZ6pIvOnpr5Bo', 2, 3, 1, '2023-10-26 00:31:31', '2023-10-26 00:31:31'),
(450, 'MUHAMMAD FAIDI', 1, 'sl3cwD5gWJgI32bMj821q1w8upyT1fh2puq40Biu', 2, 3, 1, '2023-10-26 00:31:31', '2023-10-26 00:31:31'),
(451, 'NAIFAH MAYSAROH', 1, 'NITVYNt9HmKJot6Lrv0WM3R7IBB0SkfygZWFQtFg', 2, 3, 1, '2023-10-26 00:31:31', '2023-10-26 00:31:31'),
(452, 'NATASYA BUNGA APRILIA', 1, '2VBF6Vb5dqMfThitZy6N7JSh5eKivcoGg984Ioth', 2, 3, 1, '2023-10-26 00:31:31', '2023-10-26 00:31:31'),
(453, 'NIKEN MAULINA', 1, 'ECBCTf2wIs4Vme4RfmyqYORBf7rrppnrpV83FxHi', 2, 3, 1, '2023-10-26 00:31:31', '2023-10-26 00:31:31'),
(454, 'NUR QURATUL NABILA ATIQOH', 1, 'am8FPcLvwxHv4DYGfZ2IPovOPxaCjGlPAdFRaqWH', 2, 3, 1, '2023-10-26 00:31:31', '2023-10-26 00:31:31'),
(455, 'RENALITA ALYA NIRINA PUTRI MERRY', 1, 'ZpQGuBWK4Ack0t5KIYYtOFh1Q5uqS09NSv1f8aVI', 2, 3, 1, '2023-10-26 00:31:31', '2023-10-26 00:31:31'),
(456, 'RENI ANGGRAENI EKA SAPUTRI', 1, 'rxU9A9O2D8VTf4oVaevqp2Id44vDTrHV7JqWiXCW', 2, 3, 1, '2023-10-26 00:31:31', '2023-10-26 00:31:31'),
(457, 'RIFAN BIMA WIRA SATRIAJI', 1, 'Hv83h9Dxu2k1dK6JiNGhzU4bU8fAQkR5irZyggwk', 2, 3, 1, '2023-10-26 00:31:31', '2023-10-26 00:31:31'),
(458, 'SALSABILA ALIFIA PUTRI', 1, 'LmPeBGnwbCFyh4AkkbXGfyLge8x02288TmInUQwM', 2, 3, 1, '2023-10-26 00:31:31', '2023-10-26 00:31:31'),
(459, 'SITI AISYATUN NABILLAH', 1, 'De4AIgfLbdydzyAhjY4oIO6iZsfiHuGLobygFhe7', 2, 3, 1, '2023-10-26 00:31:31', '2023-10-26 00:31:31'),
(460, 'SITI RAHMATUL KAMILA', 1, 'gKR4B2wTdEvYfYwYQmx2MXkddrbv5LzBzsVkPMoN', 2, 3, 1, '2023-10-26 00:31:31', '2023-10-26 00:31:31'),
(461, 'SITI ROFIAH', 1, '9QAoofpIW6LjA8V6qW53sIT2YIBjUzsuv1Ad4i0n', 2, 3, 1, '2023-10-26 00:31:31', '2023-10-26 00:31:31'),
(462, 'VAVILATUL HASANAH', 1, 'V0BsCgWqz5TQchdMjCktDcslzgEqgx9Z6s9XwjdL', 2, 3, 1, '2023-10-26 00:31:31', '2023-10-26 00:31:31'),
(463, 'VITA INDAH KARTIKA', 1, '8fo1ee1KlEAYE24Nc7e5ajL2FeBCLQRlWVaLwPH7', 2, 3, 1, '2023-10-26 00:31:31', '2023-10-26 00:31:31'),
(464, 'ADELIA AYUNA PUTRI', 1, 'cnNVnRLJUWHdOd5vw8YKZWf2cLVtoFApVPnvkGyt', 2, 4, 1, '2023-10-26 00:31:36', '2023-10-26 00:31:36'),
(465, 'ADELINA EKA APRILIANDANI', 1, 'pipDRaXRES8vBKNKXsCPwz55iOWKj4sr59RwfBrW', 2, 4, 1, '2023-10-26 00:31:36', '2023-10-26 00:31:36'),
(466, 'AHMAD RAFFI MAULANA', 1, 'rW5MyBhU4qrOCyAI47KBoTT9GjOkk4B5yOH1XMM7', 2, 4, 1, '2023-10-26 00:31:36', '2023-10-26 00:31:36'),
(467, 'AINUN FIRDAUS RAHMATILLA', 1, 'POdxlLgk1XZjgxlL2ZCMGcaUcWqtcIHPditQsOFX', 2, 4, 1, '2023-10-26 00:31:36', '2023-10-26 00:31:36'),
(468, 'ANGGUN PUSPITA ARIYANTI', 1, 'XJ9EqQbE34yHztuenmhOKSs3YkV9vOdN1VhPp7by', 2, 4, 1, '2023-10-26 00:31:36', '2023-10-26 00:31:36'),
(469, 'ANNISA NADHIRA', 1, 'QPyuQopUjeq6gtuh0vcxd7T2Ze2QiqPtdj8tcO1c', 2, 4, 1, '2023-10-26 00:31:36', '2023-10-26 00:31:36'),
(470, 'AYU TASYANIA PUTRI', 1, 'wyhACwsJS8NBlwp03L0bCqR5GuFYdxGGPSDteBv0', 2, 4, 1, '2023-10-26 00:31:36', '2023-10-26 00:31:36'),
(471, 'DARAYANI DINAN', 1, 'xfqVII9Qp0VGXv31cKPFrN3vNCrO47M9LzeRzyZR', 2, 4, 1, '2023-10-26 00:31:36', '2023-10-26 00:31:36'),
(472, 'DESTA ADI YULIANA', 1, 'iUtt7SI0VAJut5vjKvrhfvG9J6bpZSJgk24MBUlC', 2, 4, 1, '2023-10-26 00:31:36', '2023-10-26 00:31:36'),
(473, 'DINDA HILYATUL AULIA', 1, 'fXHlXWaydPz9Mo9CpFGEhxBZYcjz0RLdNJq45FE8', 2, 4, 1, '2023-10-26 00:31:36', '2023-10-26 00:31:36'),
(474, 'DWI OLIVIA AINATUL NADIFAH', 1, 'gO1DPuJQyVwnX6sqCc7k0cg45OvvCQZCkdqYqXpk', 2, 4, 1, '2023-10-26 00:31:36', '2023-10-26 00:31:36'),
(475, 'EKA SEPTYA ANGGRAINI', 1, 'uW2g6GovgSjRJ1askC7cvpKyszTgRIWLTp6YjaAx', 2, 4, 1, '2023-10-26 00:31:36', '2023-10-26 00:31:36'),
(476, 'ELMI  NUR FADILAH', 1, 'VHs6Fxdxd4P0mfrwoAWgc8A8z8k7GFn9B77jCzph', 2, 4, 1, '2023-10-26 00:31:36', '2023-10-26 00:31:36'),
(477, 'FIRNADIA LAILATUL FITRIAH', 1, '7t5od359AMhR6AEWs0KpMaON2NydZfkvqe9pkaY6', 2, 4, 1, '2023-10-26 00:31:36', '2023-10-26 00:31:36'),
(478, 'HALIMATUS SADIYAH', 1, 'nLj8zzAOZcagkZXmT83dS0VVUfpKpBsD6wsuJxiu', 2, 4, 1, '2023-10-26 00:31:36', '2023-10-26 00:31:36'),
(479, 'JENY PUTRI ANDINI', 1, 'hXeK5mtJMv6ynJ5HAPIf9fWSj6FI5VAWKDNsirDG', 2, 4, 1, '2023-10-26 00:31:36', '2023-10-26 00:31:36'),
(480, 'MEISITA FAIZATUL UBKO', 1, '65mC5yR5a1Eo4ITCeSoZ7NhfWbLk6BgI5FZdIuG5', 2, 4, 1, '2023-10-26 00:31:36', '2023-10-26 00:31:36'),
(481, 'MOCHAMMAD RIFAL APRILIANTO', 1, 'Mmyu11sDlypkFqbcUQ64odOwhP5jeC1gEUWh0McT', 2, 4, 1, '2023-10-26 00:31:36', '2023-10-26 00:31:36'),
(482, 'NAFILA AGUSTIN', 1, 'MegqGlcw5Oe3uLZ5TxRqZNX9xnApzZGji6HMTdjC', 2, 4, 1, '2023-10-26 00:31:36', '2023-10-26 00:31:36'),
(483, 'NATASSYA AYU PERMATASARI', 1, 'ZKRrPnUWqcDSpo0UJRft5KeXzGwAYUcvynqxXxiy', 2, 4, 1, '2023-10-26 00:31:36', '2023-10-26 00:31:36'),
(484, 'NOVITA SARI', 1, 'zJPi3Mm2cLcstWkPzL1kAUtePxz6meF01s8ts6O1', 2, 4, 1, '2023-10-26 00:31:36', '2023-10-26 00:31:36'),
(485, 'PUTRI DEWI RARASATI', 1, 'cc5KCcag9Y7U1OWy6mnUtIpo8uBErXPDHqHSaLB8', 2, 4, 1, '2023-10-26 00:31:36', '2023-10-26 00:31:36'),
(486, 'REZA ANDRYAN SYAH', 1, 'KSdcQIS1RcOh2AwKAdVsiyfiuzuXC25RkPtTWY1C', 2, 4, 1, '2023-10-26 00:31:36', '2023-10-26 00:31:36'),
(487, 'RIANG RISKY MAULIDA', 1, 'P4PKCTt4X9yNCNRhpWCp7i7kEFmuWgz2yumSrfbn', 2, 4, 1, '2023-10-26 00:31:36', '2023-10-26 00:31:36'),
(488, 'ROBIATUL HASSANAH', 1, '4WCpPmHHmZgKahj7cxVFvPVN57mB0yLFI5NeUgM3', 2, 4, 1, '2023-10-26 00:31:36', '2023-10-26 00:31:36'),
(489, 'SALSABILA VERNANDA PUTRIE', 1, 'thMvGPHqnkmDERiHHMtEObhK1xsg0D8qFUoc8n1l', 2, 4, 1, '2023-10-26 00:31:36', '2023-10-26 00:31:36'),
(490, 'SENDI PURNOMO', 1, 'vsqU9ZjQHbjkCKA7QnbGYFkLHhUXKhyCc6dgAicx', 2, 4, 1, '2023-10-26 00:31:36', '2023-10-26 00:31:36'),
(491, 'SERLY LINGGAWATI', 1, 'lk36XOUNJHZL828o47BVEMIZ4R7F7nzCDoeq3OU1', 2, 4, 1, '2023-10-26 00:31:36', '2023-10-26 00:31:36'),
(492, 'SITI QOMARIAH', 1, 'NopGcf0VbM00XvBn03bv0FvOp3BCuhjcKPcw1UNk', 2, 4, 1, '2023-10-26 00:31:36', '2023-10-26 00:31:36'),
(493, 'SITI SADIYAH', 1, 'a6uzaELRKjf2HZmNmVakh0UlUVi1CWMJW7mfyw3v', 2, 4, 1, '2023-10-26 00:31:36', '2023-10-26 00:31:36'),
(494, 'SRI HANDAYANI', 1, 'GKNrelDxBXCiOuLIosJxGzaGAVVC1ehT6VtdKdGP', 2, 4, 1, '2023-10-26 00:31:36', '2023-10-26 00:31:36'),
(495, 'ZAFIRA DWI APRILIA', 1, 'tM1Gz9zuQp6r0mb3wx33Hv9lGDEkUZLmB27Ld0L7', 2, 4, 1, '2023-10-26 00:31:36', '2023-10-26 00:31:36'),
(496, 'ZAVATIA RINDITA PRIYANI', 1, '7wbjMKTBkhbjcEmM02BsGGnRXM38LtqUZ2sIDJZO', 2, 4, 1, '2023-10-26 00:31:36', '2023-10-26 00:31:36'),
(497, 'ACHMAD RAMADHANY', 1, 'XjEz9yZuIHZrwwnDKdcTz8Afvyj5AhOkS0A6KWyu', 2, 6, 1, '2023-10-26 00:31:58', '2023-10-26 00:31:58'),
(498, 'AFITA', 1, '4tCpUadApfGQcaRkR1OW4rn5YLm7CNLEUKiUXioT', 2, 6, 1, '2023-10-26 00:31:58', '2023-10-26 00:31:58'),
(499, 'AMILIA REGINA PUTRI', 1, 'dHD6ZaSVRz6qYqOZi9QBjzs5nV7JtR2BvRAT4LKz', 2, 6, 1, '2023-10-26 00:31:58', '2023-10-26 00:31:58'),
(500, 'ARINA UTHOYBAH', 1, 'LxmfuURo2CLTfpznxL85onnJ7hDupINwohb6FyGD', 2, 6, 1, '2023-10-26 00:31:58', '2023-10-26 00:31:58'),
(501, 'DEWI INTAN NURAINI', 1, 'A7oO3HfakBzgGwe6EUePirVUIfum4BGk0bcEYa1w', 2, 6, 1, '2023-10-26 00:31:58', '2023-10-26 00:31:58'),
(502, 'EKA NOR PRATIWI', 1, 'HXR6qEBF9C2TsvewWbSTcOBVexONoKsqwvaPjGTS', 2, 6, 1, '2023-10-26 00:31:58', '2023-10-26 00:31:58'),
(503, 'ELLO RASYA FIRANSYAH', 1, 'LNJOzq99WcRUoE8Yg61vmO2NKiirzi9GiUvyD5BA', 2, 6, 1, '2023-10-26 00:31:58', '2023-10-26 00:31:58'),
(504, 'INDAH DESMITA RAMADHANI', 1, 'hHEKJMmAydolB4C7krRKNN5OLMIlTvSqVnkgzYPv', 2, 6, 1, '2023-10-26 00:31:58', '2023-10-26 00:31:58'),
(505, 'JAMILATUS ZAHRO', 1, 'f0knyDwJ1VicPHqmjSI17RfqE6a0uNgM89wGOlpX', 2, 6, 1, '2023-10-26 00:31:58', '2023-10-26 00:31:58'),
(506, 'KARIN', 1, 'A70FAu3lkQQcXu3qnAzmLpMti9Az6WTEJaxGxwaN', 2, 6, 1, '2023-10-26 00:31:58', '2023-10-26 00:31:58'),
(507, 'MELYATUL JANIYAH', 1, 'O3cK16eZvefLLbwNx26SIKi0ucV7FPcpLQs3DP1F', 2, 6, 1, '2023-10-26 00:31:58', '2023-10-26 00:31:58'),
(508, 'MOH. RIZALUL AMRI', 1, 'Url9o3Tgjt1mdC2Y7rpNb7LJE4eGQoYt3P1EtAOs', 2, 6, 1, '2023-10-26 00:31:58', '2023-10-26 00:31:58'),
(509, 'MOHAMMAD IFDANI SAMSUL MUARIF', 1, 'ADvMpnlDL68NGuGc5cpfULav2e6UfL5Dlobo97o7', 2, 6, 1, '2023-10-26 00:31:58', '2023-10-26 00:31:58'),
(510, 'MOHAMMAD PRAYOGI', 1, 'M6n9GteNJw5k5Z23j5Ic1ubboAzeSzYf73ePxQ18', 2, 6, 1, '2023-10-26 00:31:58', '2023-10-26 00:31:58'),
(511, 'MUHAMMAD ADIFAN', 1, '1krfp0LlPT0NAcVQAyOoSlAY0E4KOt0bCSfj7BcU', 2, 6, 1, '2023-10-26 00:31:58', '2023-10-26 00:31:58'),
(512, 'MUHAMMAD FIKRI MARDIANTO', 1, 'A25ncG7IJUyGE1X2EsUmwiOEZpm1EXmjH1oaGVuV', 2, 6, 1, '2023-10-26 00:31:58', '2023-10-26 00:31:58'),
(513, 'MUHAMMAD HAIRUR ROFIQI', 1, 'eLdrtmjMu8ZNdKCw5DDr3aUDbqmnWPcLuUCSTF8J', 2, 6, 1, '2023-10-26 00:31:58', '2023-10-26 00:31:58'),
(514, 'MUHAMMAD RADHO SAPUTRA', 1, 'YrE9sXxdxcyvv3Ay15sLaPTmj4sC89stSdLBJc97', 2, 6, 1, '2023-10-26 00:31:58', '2023-10-26 00:31:58'),
(515, 'MUHAMMAD ZULHAN HASAN', 1, 'QFWqYuWaXZ41THyFjdmkXmhKiUADitMvOeOUt7tm', 2, 6, 1, '2023-10-26 00:31:58', '2023-10-26 00:31:58'),
(516, 'RAFITA EWI AGUSTIN', 1, 'DCEGGtSyfvJs6kf2u0yFJhFbRNuQVg2HbPdZeSG8', 2, 6, 1, '2023-10-26 00:31:58', '2023-10-26 00:31:58'),
(517, 'RISKIANA OKTAVIA HALIZA', 1, 'fhKqanHfvRABpQiXBEfQwQMLtdBCPATjcOhg1pmA', 2, 6, 1, '2023-10-26 00:31:58', '2023-10-26 00:31:58'),
(518, 'RISKIATUL HIDAYAH', 1, 'XSVN4urIhXBBMwY5qwlcpgm56DTVStC5qWQKsZ39', 2, 6, 1, '2023-10-26 00:31:58', '2023-10-26 00:31:58'),
(519, 'SIFARATUL RAMADANI', 1, 'wkogPU8LRCBomFftD58kzSXukEhNeplaiThcJazP', 2, 6, 1, '2023-10-26 00:31:58', '2023-10-26 00:31:58'),
(520, 'SINTIA CIKA NABAWIYAH', 1, '6NqRoxB2BdtwTIuo9JkyUvZ89WbiGhDCQJcvxu7c', 2, 6, 1, '2023-10-26 00:31:58', '2023-10-26 00:31:58'),
(521, 'SITI AMILIA PUTRI', 1, 'OdOkwTAJLR3czIBZ3HQUZ1B6jP77M3nFeb4FXTtx', 2, 6, 1, '2023-10-26 00:31:58', '2023-10-26 00:31:58'),
(522, 'SITI NABILA', 1, 'rpTRQABlvZmjnFW4ot9CeAbOAWc5PUuedxzhfnmN', 2, 6, 1, '2023-10-26 00:31:58', '2023-10-26 00:31:58'),
(523, 'SITI ROKAYAH AZZAHRO', 1, 'H9aCtGig85Ij9dzRxRfb5wm8EhFNNm6Mg5WB5lr6', 2, 6, 1, '2023-10-26 00:31:58', '2023-10-26 00:31:58'),
(524, 'VIJAYIDIR ROMADHAN', 1, 'PZtAJ1jThIiVIzjSEi4Wngq3GZPjhnV044GTitkV', 2, 6, 1, '2023-10-26 00:31:58', '2023-10-26 00:31:58'),
(525, 'ADELIA SAFIRA', 1, 'iGFzYcuI0fQMW4iW8z5sbGRnDMeKofTh21XSW0IZ', 2, 7, 1, '2023-10-26 00:32:02', '2023-10-26 00:32:02'),
(526, 'AHMAD ANDIKA', 1, 'gE6V28XvABsNWXTcOWfKbKACRtjG6ZAFdkcPd3Be', 2, 7, 1, '2023-10-26 00:32:02', '2023-10-26 00:32:02'),
(527, 'AHMAD DANI SAPUTRA', 1, 'CocScuq4lYdravhEpsdGeFunnBhwNTfkyBW3KrhH', 2, 7, 1, '2023-10-26 00:32:02', '2023-10-26 00:32:02'),
(528, 'AHMAD KHOLIL ANAM', 1, 'zeq5ilJbm8QtPTKtaJDkAa7G7kbvLPflYSojeDfY', 2, 7, 1, '2023-10-26 00:32:02', '2023-10-26 00:32:02'),
(529, 'AHMAT ZAINOL WEFI', 1, '7x4oXU6CCgj0SCENenCj2pf24QKQxiOsl2hwYf3l', 2, 7, 1, '2023-10-26 00:32:02', '2023-10-26 00:32:02'),
(530, 'ANA FITRIA', 1, 'KUa1aFtiCpOpZmhYEWelAtQpdOWXG35sWqTEtScJ', 2, 7, 1, '2023-10-26 00:32:02', '2023-10-26 00:32:02'),
(531, 'ANGGA ARDIANSYAH', 1, 'uzYWxxslgItZI2xRFiu99mrcci4AbzywDAHONAUL', 2, 7, 1, '2023-10-26 00:32:02', '2023-10-26 00:32:02'),
(532, 'ANGGA AULY ZAKARIA', 1, 'NtPG6Jn53cMZjJVyp6bh3sOXwZLrcR0SVLJLr9N3', 2, 7, 1, '2023-10-26 00:32:02', '2023-10-26 00:32:02'),
(533, 'ANGGER ARY PRAYOGA', 1, 'ccEJfiZWfzEyAxYOqd5wytyPydTY98tIAuBqWvUx', 2, 7, 1, '2023-10-26 00:32:02', '2023-10-26 00:32:02'),
(534, 'APRELIA PUTRI NUR CAHYADI', 1, 'cSXIoWXVSmCqNwRBvyDpy9i8GhNlWpMeev2AFAXi', 2, 7, 1, '2023-10-26 00:32:02', '2023-10-26 00:32:02'),
(535, 'ARI DWIKI ANANTA', 1, 'siM0AjfM4sZYPbFur2vkOOzVURTrGaaquQ6wF4MR', 2, 7, 1, '2023-10-26 00:32:02', '2023-10-26 00:32:02'),
(536, 'DHEALOVA ADITYA EKA RAMADHAN', 1, 'UxmIdfYQqSUSiOU84EwuJH62k6bxsQyJSAKHar4K', 2, 7, 1, '2023-10-26 00:32:02', '2023-10-26 00:32:02'),
(537, 'ELSA DWI ISTIFIANA', 1, 'z2AHcjCqC4Loydj7DuLFNL9nRbbHiXm0dkB81lny', 2, 7, 1, '2023-10-26 00:32:02', '2023-10-26 00:32:02'),
(538, 'FADILATUL MAULIDA', 1, 'ktlYFBpNvMgkFpMoJ36JlIEuxhNYiRJnllIPsfr5', 2, 7, 1, '2023-10-26 00:32:02', '2023-10-26 00:32:02'),
(539, 'FARA DUWI ALYATI', 1, 'EdUA3n1jWYYelgtL9dXng71cSSi41MAkyaydTQqf', 2, 7, 1, '2023-10-26 00:32:02', '2023-10-26 00:32:02'),
(540, 'FIRNANDA JANUARIS PUTRI', 1, 'N2Nk0Hwh7e0MVg2TUI8wdZDeGDQURpOF0B3ebTVl', 2, 7, 1, '2023-10-26 00:32:02', '2023-10-26 00:32:02'),
(541, 'GALUH DIYANTI PERMATASARI', 1, 'fBPqqXHhtYNP4IKNyuV4UFDGcdVxT5SUeAc7Uppr', 2, 7, 1, '2023-10-26 00:32:02', '2023-10-26 00:32:02'),
(542, 'HOLISA AMALIA', 1, 'yCrc7uw0tOVgFeO0Rvf50N2ctJrUjXrGWFOG0z2A', 2, 7, 1, '2023-10-26 00:32:02', '2023-10-26 00:32:02'),
(543, 'IFTITAH LENINGGA EKA PUTRI', 1, '52KPj2t6NBhiesqLrmg5hcgDDGxPMpkE3fZurucj', 2, 7, 1, '2023-10-26 00:32:02', '2023-10-26 00:32:02'),
(544, 'IFTITAHUSSAADAH', 1, 'q6tip1i3q24maltviEkpFyusQq4yIxGsLPLeQHMG', 2, 7, 1, '2023-10-26 00:32:02', '2023-10-26 00:32:02'),
(545, 'KAMILATUL QOMARIYAH', 1, '7fEPfrQPdpKlN2Fhodr8bChoNvTGGnMeI842CKZU', 2, 7, 1, '2023-10-26 00:32:02', '2023-10-26 00:32:02'),
(546, 'MOHAMMAD PRAYOGA', 1, '9s49OS09epmBesq3X6dFbf9mVAGD0hIGOuunPhpi', 2, 7, 1, '2023-10-26 00:32:02', '2023-10-26 00:32:02'),
(547, 'MOHAMMMAD TEGAR ANDHIKA PRATAMA', 1, 'FiHO7fynx1XqLQs8xLXWviFABdHQgQACkxCGCDoQ', 2, 7, 1, '2023-10-26 00:32:02', '2023-10-26 00:32:02'),
(548, 'MUHAMMAD NAILUL CHOERI', 1, 'mVsMOJvfckJaFEhVlSRESRWiXkPB5DvueioYk6QJ', 2, 7, 1, '2023-10-26 00:32:02', '2023-10-26 00:32:02'),
(549, 'MUHAMMAD ZAINURRAZIQIN', 1, 'RHPeuHUFSfsaPcSHH93q4GqmYdoAcOluDv78I7lg', 2, 7, 1, '2023-10-26 00:32:02', '2023-10-26 00:32:02'),
(550, 'NAVINSA FEBIOLA', 1, 'mmwtW0zQfAKiHSHY1d9Aax9HRimXxAMVVNFptMQI', 2, 7, 1, '2023-10-26 00:32:02', '2023-10-26 00:32:02'),
(551, 'NURJIAH INDRIANTI', 1, 'UzC8ZsKhPij8mGcbFL35htZs8f4g9S1RaO9D5YqZ', 2, 7, 1, '2023-10-26 00:32:02', '2023-10-26 00:32:02'),
(552, 'PIPIT NOVITASARI', 1, 'lo4LsSImSRZJ1LxHeXycfMV1PBIw7pDBmOigjuLx', 2, 7, 1, '2023-10-26 00:32:02', '2023-10-26 00:32:02'),
(553, 'PUTRI WULANDARI', 1, 'Ei7akwXe2T9RZiSJA54TFyZEXQzcU0ktdYpTBmO6', 2, 7, 1, '2023-10-26 00:32:02', '2023-10-26 00:32:02'),
(554, 'RAHADI AFDALSYAH', 1, 'pmI4N8Q2KRohhFp5OfaV9ry7vlVU8BqFy1AtpoHM', 2, 7, 1, '2023-10-26 00:32:02', '2023-10-26 00:32:02'),
(555, 'RONI FERDIANTO', 1, 'nTbaKiNcxxr3JJHx0EBCSKqbWYdHrRVM1Us0tam8', 2, 7, 1, '2023-10-26 00:32:02', '2023-10-26 00:32:02'),
(556, 'SELA AYU LESTARI', 1, 'mXQGIfdPaGlwNHjhZ1ma0dnqr8zgpeuleFC94t8R', 2, 7, 1, '2023-10-26 00:32:02', '2023-10-26 00:32:02'),
(557, 'SITI AISAH', 1, 'Ucekz4zZM8n2WF80GUKoqzkjGR5MtsstQS4xXB9u', 2, 7, 1, '2023-10-26 00:32:02', '2023-10-26 00:32:02'),
(558, 'SITTI MUDMAINA', 1, 'W4Lrj0TUKor3JB7zgMCHfG7K4KyUlj2L6qGeYZLj', 2, 7, 1, '2023-10-26 00:32:02', '2023-10-26 00:32:02'),
(559, 'SYAIFUL BAHRI', 1, '5MKRoE44xmpVRT4P6LL5yYbdFqbB8RHgOnGEPElG', 2, 7, 1, '2023-10-26 00:32:02', '2023-10-26 00:32:02'),
(560, 'TEGUH DWI RAMADHANI', 1, 'VFgGKl64oMtcbTECj8XUpEjTww1HRm5tX4FAuA8F', 2, 7, 1, '2023-10-26 00:32:02', '2023-10-26 00:32:02'),
(561, 'ACHMAD GALIH ADHYAKSA', 1, '9azNUDQKEpPAgY8QoB0Htjzggcb3TYf7oPyOIEio', 2, 10, 1, '2023-10-26 00:32:06', '2023-10-26 00:32:06'),
(562, 'ADAM ALAMSYAH QULDIBY', 1, 'cLdRGdNCHJbtpEi94gjVYRYCQTpQ6rsfQDgtMci4', 2, 10, 1, '2023-10-26 00:32:06', '2023-10-26 00:32:06'),
(563, 'AHMAD DJUNAEDI HARYANTO', 1, '7XJ5KnHfkKDFu64MO5yVvWVkCn7dOYdwpnMFELS1', 2, 10, 1, '2023-10-26 00:32:06', '2023-10-26 00:32:06'),
(564, 'AHMAD NUR MUTTAQIEN', 1, 'EtuB4zXF6GXiVx7lv6L2WH1TutcJVem5W91hmIer', 2, 10, 1, '2023-10-26 00:32:06', '2023-10-26 00:32:06'),
(565, 'AKBAR BUDI PRASETYO', 1, 'wBYy8x0FQKb4g3Xr1BHxwjWvdbFslrZL9I8k58rn', 2, 10, 1, '2023-10-26 00:32:06', '2023-10-26 00:32:06'),
(566, 'ALFYAN AN NAWAF', 1, '8zWffkYsPNXiHjzRFwAMRUUTGS9pNtvUEZWgX1T1', 2, 10, 1, '2023-10-26 00:32:06', '2023-10-26 00:32:06'),
(567, 'ALIFIA MAYLA RIFKI SAFIRA', 1, 'zI832lrSg1KJtyPimdiYOx9cZVyzqdL4BibDp8yH', 2, 10, 1, '2023-10-26 00:32:06', '2023-10-26 00:32:06'),
(568, 'BAYU ARIZONA MUKTI', 1, 'pGmlVHY31pvqsKd9PFomhtEJJj13VLqrMgjKxwvc', 2, 10, 1, '2023-10-26 00:32:06', '2023-10-26 00:32:06'),
(569, 'BULAN ADELTA ZAPRILIA', 1, 'sa0CvHjstkh0t5uwGIvAbYLCdPMviiUgVxcaIlYz', 2, 10, 1, '2023-10-26 00:32:06', '2023-10-26 00:32:06'),
(570, 'DAFITO KESHA ENGGAR KUSUMO', 1, 'dL2JGBl84fqYwRcGZmY0AIDdA5lfXTFFzDcWIBm0', 2, 10, 1, '2023-10-26 00:32:06', '2023-10-26 00:32:06'),
(571, 'DAVIN IHWAN PRAYOGI', 1, 'pP8beS0F9oJ0JCIZeu26drJWmzphooaN70WtMgS3', 2, 10, 1, '2023-10-26 00:32:06', '2023-10-26 00:32:06'),
(572, 'DIANA AYU', 1, '32W1fH9CPzpk0uYEp5mSxoh7HZmadal5qPzfKXhG', 2, 10, 1, '2023-10-26 00:32:06', '2023-10-26 00:32:06'),
(573, 'DIMAS PUTRA ADITIA', 1, 'LcUNhfN2fAXitgby3mnPcyYXDz5ZgVDwURrhAnGB', 2, 10, 1, '2023-10-26 00:32:06', '2023-10-26 00:32:06'),
(574, 'FAUZIAH FARA SAFITRI ', 1, '2mGb7NqkXaJlglDsKkLp01YKpuzUvLns0rsiahlo', 2, 10, 1, '2023-10-26 00:32:06', '2023-10-26 00:32:06'),
(575, 'JAMILA', 1, 'TrIQNlktgdNWCTexcFtn39jvXBtV8DU5IUf8VLXz', 2, 10, 1, '2023-10-26 00:32:06', '2023-10-26 00:32:06'),
(576, 'JONI FERNANDO', 1, 'D8EltRdgsJhM22BThRpkz2xxWou2knEONrT0Te54', 2, 10, 1, '2023-10-26 00:32:06', '2023-10-26 00:32:06'),
(577, 'JUSTIN MOSES PRAYOGO ', 1, 'BVrkQlqys9uDxKoAmF7oNOgcmzlDdLrPTG92nDwB', 2, 10, 1, '2023-10-26 00:32:06', '2023-10-26 00:32:06'),
(578, 'MOHAMMAD DAYROBI FABIANTARA', 1, 'uGUhiTuSkJqbVoMahD6Q8vXccT2cnSCQGx1lkLZJ', 2, 10, 1, '2023-10-26 00:32:06', '2023-10-26 00:32:06'),
(579, 'MOHAMMAD SAMSUL ARIFIN', 1, 'wQ9ZSoiOw0BP8jFKQLDrTcZEwUwRgCUKQt2NLIBO', 2, 10, 1, '2023-10-26 00:32:06', '2023-10-26 00:32:06'),
(580, 'MUHAMMAD FAIZAL FAHREZY', 1, '002eTZ40Rd1B1JIWpemUqwSajUVhOXtGzfIkzWtr', 2, 10, 1, '2023-10-26 00:32:06', '2023-10-26 00:32:06'),
(581, 'MUHAMMAD KAFKA AULIYA', 1, 'aE4FNbWwIGLAA52Na3uaU0bq1rFlU5CI1OMU6TAR', 2, 10, 1, '2023-10-26 00:32:06', '2023-10-26 00:32:06'),
(582, 'MUHAMMAD PRAYOGA WIJAYA', 1, 'fgU9B21VOIyB7tF3J5niMWZli84XLWkaxciOxPFp', 2, 10, 1, '2023-10-26 00:32:06', '2023-10-26 00:32:06'),
(583, 'MUHAMMAD RIFQI MAULANA', 1, 'ZZVzpvIl47R8nl3KbNSH9m3NrhNhUHEEc68GfU0I', 2, 10, 1, '2023-10-26 00:32:06', '2023-10-26 00:32:06'),
(584, 'SATRIO RIFKI ANDIKA', 1, 'olqkNritJKqOUOw1mxRcje7RRJuZkRWnuAtZ6DzC', 2, 10, 1, '2023-10-26 00:32:06', '2023-10-26 00:32:06'),
(585, 'SEPTIAN BUDI RAMADHAN', 1, '1FFGFC7NxPGR6LcSrCj6xo0jk6A2ClBvoTlqvJcp', 2, 10, 1, '2023-10-26 00:32:06', '2023-10-26 00:32:06'),
(586, 'VALEN REKSA ADY ANGGARA', 1, 'EiEftDS2WNHwSU9aXSKQJd191RRUXI431oBWGuSg', 2, 10, 1, '2023-10-26 00:32:06', '2023-10-26 00:32:06'),
(587, 'VERISCHA SALSABILLA RAIHANUUN', 1, 'EOrYUQK1OqsW4Oyp61v5GbOl6I3Cu7UoZbiqRu4J', 2, 10, 1, '2023-10-26 00:32:06', '2023-10-26 00:32:06'),
(588, 'YANUARIEL PANCA DARMAWAN', 1, 'E8ltLXUhCVoJX4PSoXtwqPUolP7lJhkVnLKQp1zH', 2, 10, 1, '2023-10-26 00:32:06', '2023-10-26 00:32:06'),
(589, 'ACHMADI ABDUL MUIS', 1, 'POh5cz72uZRT1nEMlmn4TjeHRCNSWNScExzBnYsJ', 2, 11, 1, '2023-10-26 00:32:09', '2023-10-26 00:32:09'),
(590, 'AHMAD FAKHRI MAULANA', 1, 'Kv32FQcnYvAG04wVPNA09nV6pERo8XbVY0HoH5Pw', 2, 11, 1, '2023-10-26 00:32:09', '2023-10-26 00:32:09'),
(591, 'AHMAD FAUZI', 1, 'EGng0M2Z8XrJJkE1CP1kKHPoFco0cH5cHnEjOC8n', 2, 11, 1, '2023-10-26 00:32:09', '2023-10-26 00:32:09'),
(592, 'AHMAT ALDI FATURULLAH', 1, 'Zp7LpKX4ej4tywyjHjPdiDZV77WrIp7qiT1NDBzN', 2, 11, 1, '2023-10-26 00:32:09', '2023-10-26 00:32:09'),
(593, 'AJMAL JAMIL', 1, 'QLNwo1yc3D8pbjzX5tXOX24YWJoUHsoolYsHJT4e', 2, 11, 1, '2023-10-26 00:32:09', '2023-10-26 00:32:09'),
(594, 'ALVIN NUR ROCHMAN', 1, 'nc2osqNtbwg4iVnW9ZuucMHClpB2LIwtmCxP3a2f', 2, 11, 1, '2023-10-26 00:32:09', '2023-10-26 00:32:09'),
(595, 'ANGGITARIO FIRDAUZI', 1, '39lGP1S31QT3ZG9odIVFm19MO1PCvhQyNTtWWzn8', 2, 11, 1, '2023-10-26 00:32:09', '2023-10-26 00:32:09'),
(596, 'DAFA MUKTASIM NAWAWI', 1, 'JP2WA5qxk5k5bYH0abOW7jxipSdSfbHqUKWoTfRI', 2, 11, 1, '2023-10-26 00:32:09', '2023-10-26 00:32:09'),
(597, 'DANI ARIO', 1, 'TNkPFwqWX0Oy7b37w9VtQkGvlkjcoec4RHHxUIod', 2, 11, 1, '2023-10-26 00:32:09', '2023-10-26 00:32:09'),
(598, 'ELISA TRIANDIKA DEWI', 1, '7F4fwtVulmK99D3I8ABcVm16sSwIACkvZ1hEUpzM', 2, 11, 1, '2023-10-26 00:32:09', '2023-10-26 00:32:09'),
(599, 'FEMILLIA AZZUHRA PUTRI', 1, 'JJ1lmyfGgPFNl4sxIDkofvaQw2zubmiCzuVq1801', 2, 11, 1, '2023-10-26 00:32:09', '2023-10-26 00:32:09'),
(600, 'IZA EKA PRATIWI', 1, '4D5BqnHbNUqHITecpM2jYHEyixSHfL4oBrPgXpQb', 2, 11, 1, '2023-10-26 00:32:09', '2023-10-26 00:32:09'),
(601, 'JAVA EKA BHIMANTARA', 1, 'ynbepepDPImC0UKg5HVELHeVFdBHbJt5msZS6WPy', 2, 11, 1, '2023-10-26 00:32:09', '2023-10-26 00:32:09'),
(602, 'MOHAMAD ROBIT MAULANA FALAH', 1, 'cqqsQs9e4Z4fm1N0ONHKpZ9GVLMEdhWrErqeX5Jz', 2, 11, 1, '2023-10-26 00:32:09', '2023-10-26 00:32:09'),
(603, 'MOHAMMAD ANZILATUL PASHA RAMADANI', 1, 'WHWOahmkgVHaUhOzKOCIGhQKARjHazdjD4Wms1ka', 2, 11, 1, '2023-10-26 00:32:09', '2023-10-26 00:32:09'),
(604, 'MUHAMMAD ABDUL WAFI', 1, 'IIlJuiWhpgpHB9sprXkDf1ZUhaZl3MqN82WhUnv0', 2, 11, 1, '2023-10-26 00:32:09', '2023-10-26 00:32:09'),
(605, 'MUHAMMAD AFRIZA ABDILLAH', 1, 'Yjxf5ReTnJvDjV1fy9H6vSqtbPl3al9sERVGQfMr', 2, 11, 1, '2023-10-26 00:32:09', '2023-10-26 00:32:09'),
(606, 'MUHAMMAD GATAN FATHOR ROZAKI ', 1, 'SCcyo42EULDX06WB03AKFXt2DeTfMiDtdzYP7SZL', 2, 11, 1, '2023-10-26 00:32:09', '2023-10-26 00:32:09'),
(607, 'MUHAMMAD NUR FADIL', 1, 'ps02HG1me3DE65BpdN6yJv1WX0VOJ0Tq3SHLJnCA', 2, 11, 1, '2023-10-26 00:32:09', '2023-10-26 00:32:09'),
(608, 'MUHAMMAD RENDI', 1, 'wSJfkwLpMARayPpq9aS20KIODjjH8ctcuqFptjgc', 2, 11, 1, '2023-10-26 00:32:09', '2023-10-26 00:32:09'),
(609, 'MUHAMMAD SUWARNO', 1, 'SrU3VJQS8N4SQhnXkm13S4oEyI42xqIGZEGcSivL', 2, 11, 1, '2023-10-26 00:32:09', '2023-10-26 00:32:09'),
(610, 'RENDI PRANATA', 1, 'X0HkgZlEGXsgIl8leOVp69MFh6BSl22l3sqQoP2u', 2, 11, 1, '2023-10-26 00:32:09', '2023-10-26 00:32:09'),
(611, 'SAEFAN ALI AZZARKASI', 1, 'gKPRuBQjJYxViJoMR9X7YnEgA7E1wBFHXX8ALnn4', 2, 11, 1, '2023-10-26 00:32:09', '2023-10-26 00:32:09'),
(612, 'SYAUQI MUBAROK', 1, 'RB8MvqGJ3wB1QwALTgcJKYLz7NoFNARwBLEW5b4b', 2, 11, 1, '2023-10-26 00:32:09', '2023-10-26 00:32:09'),
(613, 'SYECH ILHAM SULTAN FAHREZI', 1, 'ptOxQyX8pHOYkbcMRzUOgfF2mFGJ6BW7U69yGMey', 2, 11, 1, '2023-10-26 00:32:09', '2023-10-26 00:32:09'),
(614, 'ULFI NADIA PUTRI', 1, 'WOHWFqGBgoX6nJ1thPuiEKH3BaD7PvnCT4ZIvC3D', 2, 11, 1, '2023-10-26 00:32:09', '2023-10-26 00:32:09'),
(615, 'URWAH AL WUTSQA', 1, '1HuBvb10hksgMbj7jBAi6uLROq5HD06q3wi5X4ZW', 2, 11, 1, '2023-10-26 00:32:09', '2023-10-26 00:32:09'),
(616, 'ZAKARIA ZUHDI AHMAD', 1, 'GrMxZqfove1ljjDWAObn4WlyxYM79HhXSPkD6L55', 2, 11, 1, '2023-10-26 00:32:09', '2023-10-26 00:32:09'),
(617, 'AFIFA QUDSIA', 1, 'xHwWnjIi6tsEf6iz0eMLJNLvJYZNCr4WKyfqrRNC', 2, 5, 1, '2023-10-26 00:32:14', '2023-10-26 00:32:14'),
(618, 'AIDHA ANASYA SALFANINDIA', 1, 'xnM6T54pkjZDd9fGdzbCfFd9ZN6l2xTBgG8NSmCR', 2, 5, 1, '2023-10-26 00:32:14', '2023-10-26 00:32:14'),
(619, 'ANISA NUR RAMADHANI', 1, 'OtupzllzG0T8bHoV3aeXBMnQxC0dAbqORKnlxuOr', 2, 5, 1, '2023-10-26 00:32:14', '2023-10-26 00:32:14'),
(620, 'CELSI OLIVIA', 1, 'tnwGF7aLR8zkhnUGcN7WOhSjw5RD4OzpawkOlHju', 2, 5, 1, '2023-10-26 00:32:14', '2023-10-26 00:32:14'),
(621, 'DINDA SAFITRI', 1, '0aj9w1uUzJF5ICWCvSKgHXJCgQG3TGjXuQFx6fSv', 2, 5, 1, '2023-10-26 00:32:14', '2023-10-26 00:32:14'),
(622, 'DWI INTAN PERMADANI', 1, 'p3aCjodbkespwA4AgKHLK0dDORdhvxLfC9oZdaAY', 2, 5, 1, '2023-10-26 00:32:14', '2023-10-26 00:32:14'),
(623, 'FAIZAH LAILATUL JAMIL', 1, '2G1Yf8L3k5sVWOappWvbOOdKkHsLEEsiZXmC2MN1', 2, 5, 1, '2023-10-26 00:32:14', '2023-10-26 00:32:14'),
(624, 'FELANTIKA', 1, 'zlBeL5XxBlM8T4haISvtdH792qyUobuaN3EyqmDz', 2, 5, 1, '2023-10-26 00:32:14', '2023-10-26 00:32:14'),
(625, 'FERDI FIRDAUS', 1, 'GXqmKVRy7f08SO3zX6X426Mgu31m1DAMwybfSq7Q', 2, 5, 1, '2023-10-26 00:32:14', '2023-10-26 00:32:14'),
(626, 'HIKMATUL KHOIRIYAH', 1, 'eD9Nnv6jGI4niHdTlcnm6GzGK9guGtfOJofAh8W0', 2, 5, 1, '2023-10-26 00:32:14', '2023-10-26 00:32:14'),
(627, 'IMROATUL ALIFAH', 1, 'pqUfa8eEzwiewBRbupb2JjuoybA9y0wN8DvOqFaq', 2, 5, 1, '2023-10-26 00:32:14', '2023-10-26 00:32:14'),
(628, 'JESITA NADIA PUTRI', 1, 'xPZG7VQyZUEkb3smd9k2igvKwLs2hWrRNU8iNIA9', 2, 5, 1, '2023-10-26 00:32:14', '2023-10-26 00:32:14'),
(629, 'JIHAN BASYARAHIL', 1, '9poU3vjo79k450MqGrZhPoFL9lV2Be9hy3R8Evbh', 2, 5, 1, '2023-10-26 00:32:14', '2023-10-26 00:32:14'),
(630, 'KARIMAH', 1, 'OSzAGx0LtoLSCY1ONX5565NZ9PUjNYl7FIEYfllo', 2, 5, 1, '2023-10-26 00:32:14', '2023-10-26 00:32:14'),
(631, 'MUHAMMAD NOVAL ROMADHAN', 1, 'pMHPtL864eKYwS1f42xFAJFgsZ6SCN9bit2SPi3F', 2, 5, 1, '2023-10-26 00:32:14', '2023-10-26 00:32:14'),
(632, 'NAILUL ILMA MARIFAH', 1, 'Hf5SkJW6uFMj4lRmVaBzfC9bAkjKHFaYwtDLhJAc', 2, 5, 1, '2023-10-26 00:32:14', '2023-10-26 00:32:14'),
(633, 'NEFRI DWI JUNIANTI', 1, '6T9ExJXwKxs5oVuZzXRfsqDtJFZX1Qtv5YNmGf39', 2, 5, 1, '2023-10-26 00:32:14', '2023-10-26 00:32:14'),
(634, 'NINDIA FAISYA SALSAPRILIA', 1, 'mAaJI5PPlruJSadnqaKykG6XzzI7Q74xNe8sd3OH', 2, 5, 1, '2023-10-26 00:32:14', '2023-10-26 00:32:14'),
(635, 'NOVALIA LUNA NUR AZIZAH', 1, 'UM9QVmXP8hLRLUh7AJwiGC3YtsFydg1Lh9sXwcCh', 2, 5, 1, '2023-10-26 00:32:14', '2023-10-26 00:32:14'),
(636, 'PINGKAN AYU FAROKAH', 1, '80znCzxI4Xd5Q4In5JUjhiaGCEzKuQplvQLDkkcM', 2, 5, 1, '2023-10-26 00:32:14', '2023-10-26 00:32:14'),
(637, 'PUTRI ANGGRAENY', 1, '3yHCVk8E2O2ZuAi4LA2RgXNf9pWBpbR1sYwzoxMF', 2, 5, 1, '2023-10-26 00:32:14', '2023-10-26 00:32:14'),
(638, 'SAFIRA DWI RAMADANI', 1, 'gaxWCjTEDgLn2lM6mGe0TP2lGDnw8K1QxR5vv8Hm', 2, 5, 1, '2023-10-26 00:32:14', '2023-10-26 00:32:14'),
(639, 'SELFIA DIAN AGUSTIN', 1, 'wn5jjtCuglUlPoCsNebDoyKQGf61LfvGEcl6F096', 2, 5, 1, '2023-10-26 00:32:14', '2023-10-26 00:32:14'),
(640, 'SELVIA NUR AZIZAH', 1, '6ws5f87hZxAsDEVQHAiC6otk2QsFM88jgX0MG8CJ', 2, 5, 1, '2023-10-26 00:32:14', '2023-10-26 00:32:14'),
(641, 'SURYO SUJONO', 1, 'AMc7aBSp2D7f0GAE7iz7X7MXo1zfbN30kXozXG36', 2, 5, 1, '2023-10-26 00:32:14', '2023-10-26 00:32:14'),
(642, 'TARA SALSABILLA NAURAKMA PUTRI', 1, '6x4n0tjOh4NrVAPTj5JmgOBBbn6iIXqKSrULvJb9', 2, 5, 1, '2023-10-26 00:32:14', '2023-10-26 00:32:14'),
(643, 'WASYILATUL BARIROH', 1, 'HaY5VWcC0sP697mF63XBMwNMg652BFADOjkKlkqU', 2, 5, 1, '2023-10-26 00:32:14', '2023-10-26 00:32:14'),
(644, 'WINDY NAZA APRILIA', 1, 'VLQNtlxshv3LmqKexLjJUFOAWofZKzQyCMc6Ud86', 2, 5, 1, '2023-10-26 00:32:14', '2023-10-26 00:32:14'),
(645, 'ZAHRA ISANDRIA', 1, 'yj4fW8f4BzSBDDMTMMOAEFJuSWi5dSZZX3RnkNRg', 2, 5, 1, '2023-10-26 00:32:14', '2023-10-26 00:32:14'),
(646, 'ZULAYKHA GHEIZA AZZAHRA', 1, 'wFGOiilcqjd2fwFKTw5BydiyAslbN6Z6xlVyaAMD', 2, 5, 1, '2023-10-26 00:32:14', '2023-10-26 00:32:14'),
(647, 'ANY DWI YUNITA PUTRI', 1, 'msJWTytgZtwenwbnvKR35MyNJMNMUSKgcGLL846Z', 2, 1, 1, '2023-10-26 00:32:28', '2023-10-26 00:32:28'),
(648, 'CITRA ULFIA ZAHRO', 1, 'SWRSyxzJAvgbXbcmonAA4uDjAwXiYIIQiCpFwfV3', 2, 1, 1, '2023-10-26 00:32:28', '2023-10-26 00:32:28'),
(649, 'DESI INTAN ANGGRAENI', 1, 'MBbtx92ltX54HGTdcJOV1A4IDhJj1ABSqWV8EGow', 2, 1, 1, '2023-10-26 00:32:28', '2023-10-26 00:32:28'),
(650, 'DIAH LESTARI ADININGSIH', 1, 'j20csBrqDQZDI7fAVwVV0omD2wVHY7F8odnlxe6W', 2, 1, 1, '2023-10-26 00:32:28', '2023-10-26 00:32:28'),
(651, 'DWI FEMMY NURIL ADINDA', 1, '2V18BbTlhwzEcZnYvqEiOyBUXom0spOvfQXyabCp', 2, 1, 1, '2023-10-26 00:32:28', '2023-10-26 00:32:28'),
(652, 'FAIZ MAULANA ISHAQ', 1, 'qNM7WdQkfjrnCCwrPYSKLz4ErsnvHGcBDkc4hKzZ', 2, 1, 1, '2023-10-26 00:32:28', '2023-10-26 00:32:28'),
(653, 'ITA APRILIA', 1, 'GBBxNiHDrCHPZ19CFOs05rFbRxhcQtcltowKN3So', 2, 1, 1, '2023-10-26 00:32:28', '2023-10-26 00:32:28'),
(654, 'JELITA DWI SEPTIANTI', 1, 'cAUUn8F8KfR4eutC4uIgtboZwip78WqqUBZyE1IA', 2, 1, 1, '2023-10-26 00:32:28', '2023-10-26 00:32:28'),
(655, 'KARINA NUR AINI', 1, 'HTNCm5fnBSX1ZDhNeZ3a4jGkHA2y6s3VT2XhLTC5', 2, 1, 1, '2023-10-26 00:32:28', '2023-10-26 00:32:28'),
(656, 'KHALIFAH SELA ARTANTI', 1, '8Xh7BH91rt9cMvaxxN99lFRXDfUo6GlJlGrHCAC1', 2, 1, 1, '2023-10-26 00:32:28', '2023-10-26 00:32:28'),
(657, 'LAILATUL MAGHFIROH', 1, 'vgBuv1U51A0mkq27DLin8VoWfWG3nw49aKFfb491', 2, 1, 1, '2023-10-26 00:32:28', '2023-10-26 00:32:28'),
(658, 'MOCHAMAD ZAINUR RIDWAN', 1, 'qneW4ufsWMP9Hpy5BqGbb30097EUpBjYo1wHz5OL', 2, 1, 1, '2023-10-26 00:32:28', '2023-10-26 00:32:28'),
(659, 'MOCHAMMAD FARHAN SEPTIANSYAH', 1, 'dmbtMCbToIvVUnwSCrAK7ypMqOm5BbMtyjpXvOwJ', 2, 1, 1, '2023-10-26 00:32:28', '2023-10-26 00:32:28'),
(660, 'MOHAMMAD IQBAL HIBATULLAH', 1, 'hT7U0chddtXeJwcsIfgt7XEhv9G97TofaEGO5wlJ', 2, 1, 1, '2023-10-26 00:32:28', '2023-10-26 00:32:28'),
(661, 'MUDRIKA SALSABILAH', 1, 'QxSkNrdHVKdALQKMZ4CSehbtjVDSdm4nXIJpnDNt', 2, 1, 1, '2023-10-26 00:32:28', '2023-10-26 00:32:28'),
(662, 'NASHIFAH ROSYADAH FAIQ', 1, 'qMEdEk0ittSxSDnOcLgPRzmSM2bcLQhlTV4AzYw2', 2, 1, 1, '2023-10-26 00:32:28', '2023-10-26 00:32:28'),
(663, 'NIDA PUTRI AAFIAH', 1, 'c5XS3SR4ck9JckZ4VLWBlNkqnhlTYMavmgkqgZUb', 2, 1, 1, '2023-10-26 00:32:28', '2023-10-26 00:32:28'),
(664, 'NURAFNI LAILIYAH', 1, 'yURkC5KowNqRhm0k5zb57y2eu9Dx17sIhFnh77i6', 2, 1, 1, '2023-10-26 00:32:28', '2023-10-26 00:32:28'),
(665, 'QANITAH LAILAH HAADIAH RAMADHANI', 1, 'ChqYeX57mPomBOEayOF1fSDPHLidEUlHDb8MOW5j', 2, 1, 1, '2023-10-26 00:32:28', '2023-10-26 00:32:28'),
(666, 'RANIAH SAHDA MAUIZAH', 1, 'YE8LwgirrcljLgfbqhLZ3FtDwNvqz0RDHCFrAebM', 2, 1, 1, '2023-10-26 00:32:28', '2023-10-26 00:32:28'),
(667, 'REGINA PUTRI DWI MARDAH', 1, 'jhPluAcskuUMFc8827QPuJjA8aPmSzzyPpjdBurz', 2, 1, 1, '2023-10-26 00:32:28', '2023-10-26 00:32:28'),
(668, 'RETA AULIA KARTIKA', 1, 'XqSBnsfI2svGyNmVC9yUO5S37Y2GcAqOxkehVMeZ', 2, 1, 1, '2023-10-26 00:32:28', '2023-10-26 00:32:28'),
(669, 'REVA CITRA APRILIA', 1, 'DJVKtbrXl4tNYJ1eSUwgzLNosD7U2vDM4Jneze5e', 2, 1, 1, '2023-10-26 00:32:28', '2023-10-26 00:32:28'),
(670, 'RIANG ANIS SORAYA', 1, 'O6OydX5adQILK0c1M845KHEjMNzsdl7aDTHZVFwD', 2, 1, 1, '2023-10-26 00:32:28', '2023-10-26 00:32:28'),
(671, 'RINI PRATIWI SAHADATIN', 1, 'l3eQqOTyzsuATQzmgZlr0GkBUV69Sl36FqjzSJJk', 2, 1, 1, '2023-10-26 00:32:28', '2023-10-26 00:32:28'),
(672, 'SALSABILA RENATA TANTRI', 1, 'e8iD7XiGYFwj1bu3roxwEtdCFteovxS87n97gHXd', 2, 1, 1, '2023-10-26 00:32:28', '2023-10-26 00:32:28'),
(673, 'SITI NURAINI', 1, 'V87CSHne6RNMzyQg9mxfd8hbUP09htnKMkDzJc7Z', 2, 1, 1, '2023-10-26 00:32:28', '2023-10-26 00:32:28'),
(674, 'WENDY KURNIA DIRLIYANTIN', 1, 'Ggm3Vy5NSYMvezD8i6G85uSgiXXfScPOBBm6ibKL', 2, 1, 1, '2023-10-26 00:32:28', '2023-10-26 00:32:28'),
(675, 'YENI SINTA WATI', 1, 'mZ9x8nfNE93DF0XPGyz7M7eiy4Y509g9KxLUJ2gB', 2, 1, 1, '2023-10-26 00:32:28', '2023-10-26 00:32:28'),
(676, 'YUNITA WULANSARI DEWI', 1, 'DhMgRFSVzYQP9Rdv98418hyILwBZoijf38P6NjbA', 2, 1, 1, '2023-10-26 00:32:28', '2023-10-26 00:32:28'),
(677, 'ABDUL WAHAB SAHRONI', 1, 'HSCxiPAOlM095DeqBYQ8OrqBKMLu1y0Jn9yDm6sO', 2, 2, 1, '2023-10-26 00:32:34', '2023-10-26 00:32:34'),
(678, 'AMIRAH QONITA', 1, 'w8QuObjadpS8tLOGT8ghlIvbe7DmnHLW6eQvhXY2', 2, 2, 1, '2023-10-26 00:32:34', '2023-10-26 00:32:34'),
(679, 'ANA DWI WAHYUNI', 1, 'UZtFmhTqfuLipE6aBFFzdFzj4xBZA0SnT7fzSiup', 2, 2, 1, '2023-10-26 00:32:34', '2023-10-26 00:32:34'),
(680, 'AVRILIA DWI NUR AZIZAH', 1, 'vGXrAtIv6aDZqucY3jW1Q03J21GSKxQLQo9tB2XC', 2, 2, 1, '2023-10-26 00:32:34', '2023-10-26 00:32:34'),
(681, 'BELLA APRILIA', 1, 'vNR8xvY8yIFpsD2deboC0LfKth3m2eTJSJxmyDNU', 2, 2, 1, '2023-10-26 00:32:34', '2023-10-26 00:32:34'),
(682, 'BINTANG RASYA ILHAMI PUTRA WIDAYANA', 1, 'LHLeLfjMPwPXC3vO3JTBN63d0fgKdeNXNqIAjwFj', 2, 2, 1, '2023-10-26 00:32:34', '2023-10-26 00:32:34'),
(683, 'CANDRA NUR SEPTIANSYAH', 1, 'BAISEtjtvcQagfiK4A0CbFkizdFDkSjybjBXiIF4', 2, 2, 1, '2023-10-26 00:32:34', '2023-10-26 00:32:34'),
(684, 'CLAUDIA CLARA ARTA NOVIA ', 1, 'Xz2vMHZxO7Ha7PdBwL3oCxDUIuQ32NVrJruM2g2Y', 2, 2, 1, '2023-10-26 00:32:34', '2023-10-26 00:32:34'),
(685, 'DERYL WIDODO', 1, 'VJrZTHJ7QoB4960c0GDR6VAvDRBMxZfYlvcVbb6d', 2, 2, 1, '2023-10-26 00:32:34', '2023-10-26 00:32:34'),
(686, 'DION AGUS PRAWOTO', 1, 'FaiKXTbtOpTvNmIUIcm0NZGj6AxPl9LZ0cTSRutB', 2, 2, 1, '2023-10-26 00:32:34', '2023-10-26 00:32:34'),
(687, 'ELISA DIANA', 1, 'f67dzw5pl1NNMbs8nNWrhQ26cmqzyJssWm86RKy2', 2, 2, 1, '2023-10-26 00:32:34', '2023-10-26 00:32:34'),
(688, 'FADIL RHOMADHONA', 1, 'Li1U0uYuVkA6f18VXS3sQZYMBkDexUbQ1C8hmWyq', 2, 2, 1, '2023-10-26 00:32:34', '2023-10-26 00:32:34'),
(689, 'FITRIYAH LUBIS', 1, 'EbNc2GFpV6d0V5TVfXXvZeVEvhdh4EPVKuE84Hcf', 2, 2, 1, '2023-10-26 00:32:34', '2023-10-26 00:32:34'),
(690, 'INDRI FITRIYANI', 1, 'xwG33b9IMMWhNNe7WksqDEmarAJLnq2G53qy5JR1', 2, 2, 1, '2023-10-26 00:32:34', '2023-10-26 00:32:34'),
(691, 'INTAN SUCI WARDANI', 1, '3RHPdfHnc0vaTFS9ekVgvjA4NxoEkBmlExWSMDiQ', 2, 2, 1, '2023-10-26 00:32:34', '2023-10-26 00:32:34'),
(692, 'LASMI NINGSIH', 1, 'jqz0ONzRFk5sDo4ne7egCK0VMYCZhOCYNi5Iuaq2', 2, 2, 1, '2023-10-26 00:32:34', '2023-10-26 00:32:34'),
(693, 'LATFAN HABIBI', 1, 'J89yZ1fNCT9GvzZqIpm0ZFrEkXXGWSPdQhwNItqL', 2, 2, 1, '2023-10-26 00:32:34', '2023-10-26 00:32:34'),
(694, 'LIA NUR RAHMA', 1, 'TgpSzTeSzxYFuVCgf0OnezavpWAWhxAZ2KsYxxjZ', 2, 2, 1, '2023-10-26 00:32:34', '2023-10-26 00:32:34'),
(695, 'MAHARANI LAURA NUR AZIZAH', 1, 'KHQt6ti7p7i7ikJLcfdCrOUv7s8bYliCrBDdxfI8', 2, 2, 1, '2023-10-26 00:32:34', '2023-10-26 00:32:34'),
(696, 'MEILIZA', 1, 'wmS1tc9Xe2YW9UAJCq4kYBEY3nUQhxNOK7wqZUpr', 2, 2, 1, '2023-10-26 00:32:34', '2023-10-26 00:32:34'),
(697, 'MITA DUWI KARTIKA SARI', 1, 'Bt62WMb2sOT0uHLQzNJ071FnDfwfFEz5n4X2uIHS', 2, 2, 1, '2023-10-26 00:32:34', '2023-10-26 00:32:34'),
(698, 'MOCHAMMAD ABDURROHIM', 1, '88TvinBXPea7FGqs18qDivSVqSCq8uOnUMQHqyOu', 2, 2, 1, '2023-10-26 00:32:34', '2023-10-26 00:32:34'),
(699, 'MOCHAMMAD RIZAL', 1, 'NBgHhUUFni7d1bxeVLVIfTHfVJjtM3ebH1Ta7qWx', 2, 2, 1, '2023-10-26 00:32:34', '2023-10-26 00:32:34'),
(700, 'MUHAMMAD NABIL', 1, 'xpOxievKBaQ764v97R17hcMeB3LliNgUJMoEg7HB', 2, 2, 1, '2023-10-26 00:32:34', '2023-10-26 00:32:34'),
(701, 'MUHAMMAD NURUL SETIAWAN', 1, 'A9F4rtPZVXUfny43mJGt1WKxLM3goKiU2AwSVjyC', 2, 2, 1, '2023-10-26 00:32:34', '2023-10-26 00:32:34'),
(702, 'MUHAMMAD RIYADI IMANULLAH', 1, 'hCMEmJFvfqPl4CtehjVIUo0UORU4TGbRgh3YfpGc', 2, 2, 1, '2023-10-26 00:32:34', '2023-10-26 00:32:34'),
(703, 'NAYLA RIZKI FAROHAH', 1, 'gyB0XTWPDyvmV8ZmMGbfXw8kxQaXHlQvgQHpkohX', 2, 2, 1, '2023-10-26 00:32:34', '2023-10-26 00:32:34'),
(704, 'RAJEZ ALIYANDRIE HABIBIE', 1, '2n2Iglt4thLLHbP5FFyFTnhsbvW1dAcroAOabgXN', 2, 2, 1, '2023-10-26 00:32:34', '2023-10-26 00:32:34'),
(705, 'RIFKA AMELIA', 1, '6zP1bSWz8fDYL9m3Gv8fYc9OqI6n4NFNmCbcTRfs', 2, 2, 1, '2023-10-26 00:32:34', '2023-10-26 00:32:34'),
(706, 'ROVIQOTUS SAADAH', 1, 'jfnNf14S9C2DXwixJ7F7VUy6qdBKv5cq8gfRSbYG', 2, 2, 1, '2023-10-26 00:32:34', '2023-10-26 00:32:34'),
(707, 'YENI AINUR ROHMAH', 1, 'JTyqAEbeBvZykCF7FPFwCLY49unOcq2gWB4710u2', 2, 2, 1, '2023-10-26 00:32:34', '2023-10-26 00:32:34'),
(708, 'ZAHROTUS SAINIAH', 1, '9qrLQNDQldrbp2yqmDSs47bDod7uoViVIaGw3GBm', 2, 2, 1, '2023-10-26 00:32:34', '2023-10-26 00:32:34'),
(709, 'AHMAD ABU RIZAL ALGIFARI', 1, 'eBO6srBFkx3IgYD2Sm5KnoZdQ7IHMjy6pl9jRqu8', 2, 14, 1, '2023-10-26 00:32:39', '2023-10-26 00:32:39'),
(710, 'AHMAD BAIHAKI ISTIANDI', 1, 'dhTaI97cLyyptECoaVAZKBsB8oLcwti0sb5ujkBo', 2, 14, 1, '2023-10-26 00:32:39', '2023-10-26 00:32:39'),
(711, 'ANAS ABYAN PASHA', 1, 'P5fEHUHBSfbphjSdHaRk1aSA4OKmtxVO0SyRO4w9', 2, 14, 1, '2023-10-26 00:32:39', '2023-10-26 00:32:39'),
(712, 'ANGEL NAISILLA AZIMA', 1, 'plnbwHAPqdL63v0UFFAfwe1bevaf104JTEUpMF2J', 2, 14, 1, '2023-10-26 00:32:39', '2023-10-26 00:32:39'),
(713, 'DIMAS ERFANDI', 1, 'a2ts4hOPAjXXOfl9Pb3D0lF0NQZmxSPOdVWPFgnG', 2, 14, 1, '2023-10-26 00:32:39', '2023-10-26 00:32:39'),
(714, 'FEBRIANTO FALANTINO', 1, 'f78UFEkfzlxKdADcvUpT2iQF9zQClPch0wLdoiDG', 2, 14, 1, '2023-10-26 00:32:39', '2023-10-26 00:32:39'),
(715, 'HOTIP USMAN', 1, 'Mxy4vSMPmh9EPVU972UDKJFRD24SvvrvDTxt4bQY', 2, 14, 1, '2023-10-26 00:32:39', '2023-10-26 00:32:39'),
(716, 'MAULIDYA ELZA FIANDATIAR', 1, 'd5m6dnuvazbmeuoewQjeamNSXE0B5xihT7ciBUGf', 2, 14, 1, '2023-10-26 00:32:39', '2023-10-26 00:32:39'),
(717, 'MOHAMMAD FARIS FAUZAN AKBAR', 1, 'Qn1G0ndLr4mV55TRhHKmUZ95rBsoOZaJMso9prNr', 2, 14, 1, '2023-10-26 00:32:39', '2023-10-26 00:32:39'),
(718, 'MOHAMMAD RENDY PRAKOSO', 1, 'YrFTa9BjU40dEu2Qr3gygea64KRwG3j7Rk4nP4ux', 2, 14, 1, '2023-10-26 00:32:39', '2023-10-26 00:32:39'),
(719, 'MOHAMMAD SOFYAN HALILI', 1, '1oFIHm4Acao6pOFFYgCSc3yGJ06DU2PGHukdYY7p', 2, 14, 1, '2023-10-26 00:32:39', '2023-10-26 00:32:39'),
(720, 'MUHAMMAD ANGGA PUTRA PRATAMA', 1, 'bnDOvsLM7r1qU69Az8i36elh8oNUPsQkPAxOzPwP', 2, 14, 1, '2023-10-26 00:32:39', '2023-10-26 00:32:39'),
(721, 'MUHAMMAD MUSLEH ROMADONI', 1, '5kmnEaGRY1nKjjYfKEqeRyOtkoj6JLWP259jTYwm', 2, 14, 1, '2023-10-26 00:32:39', '2023-10-26 00:32:39'),
(722, 'MUHAMMAD NORRENDRA', 1, 'SHnWkjqk0oJJMpMsHZXsi6tb08vnO5Rnc0lMRtSn', 2, 14, 1, '2023-10-26 00:32:39', '2023-10-26 00:32:39'),
(723, 'MUHAMMAD RIZKI', 1, '71wDpB108hmEtm4yGCXltdFwyzcQwG9Xl0gBflvY', 2, 14, 1, '2023-10-26 00:32:39', '2023-10-26 00:32:39'),
(724, 'MUHAMMAD SHOFAREL IHSAN', 1, 'tYBhUSL5F70kkgbB6okaatuwttO5k1gfFr0WLMZQ', 2, 14, 1, '2023-10-26 00:32:39', '2023-10-26 00:32:39'),
(725, 'MUHAMMAD WIRANTO', 1, 'qSlS41nBXNq6ds18YWhEfx2qvvrzA3dsDAub6Xq5', 2, 14, 1, '2023-10-26 00:32:39', '2023-10-26 00:32:39'),
(726, 'MUHAMMAD ZACKY FIRDIANSYAH', 1, 'VxbzfEtAo7n3o99Wq95DCuZQb32AtTkLTi27nE7l', 2, 14, 1, '2023-10-26 00:32:39', '2023-10-26 00:32:39'),
(727, 'NAZWA ALYA PUTRI', 1, 'LEWFoFSCRtszz7pCscaIdHToj6slZpBYV5uv4n2L', 2, 14, 1, '2023-10-26 00:32:39', '2023-10-26 00:32:39'),
(728, 'NIA DITA RAHAYU', 1, 'Pj3TtG798Wnyz8tFe07X1GK2XK7SRPvLEp1KDRB3', 2, 14, 1, '2023-10-26 00:32:39', '2023-10-26 00:32:39'),
(729, 'SHODIQ MAHMUDI', 1, '2eG87RSsstRJ9fBqMT4ki79ABVdzzK87FiiRlol3', 2, 14, 1, '2023-10-26 00:32:39', '2023-10-26 00:32:39'),
(730, 'ABDUL MUSLIH', 1, 'j8hg6feUzfeDxt7fSM4Rb3RZSPRMCKbk2nAej199', 2, 12, 1, '2023-10-26 00:32:43', '2023-10-26 00:32:43'),
(731, 'ACHMAD FAUZAN', 1, 'tRpABN6q3iK6e4rLFi8F1lOlaGNKu57avXQBZCE4', 2, 12, 1, '2023-10-26 00:32:43', '2023-10-26 00:32:43'),
(732, 'ADITYA ANDREW PUTRA', 1, '3tovNVkSs3ARJnxIaOBGIAq2psw3CnbtE4GXs91n', 2, 12, 1, '2023-10-26 00:32:43', '2023-10-26 00:32:43'),
(733, 'ALFAREZA WILDANANG HERMAWAN', 1, 'XBfKopXp6jJuiHsyvyB5k0IWlmNL6t4yyy1dasXL', 2, 12, 1, '2023-10-26 00:32:43', '2023-10-26 00:32:43'),
(734, 'ANGELINA AMELIA PUTRI', 1, 'RbFZbPXGTYUFJUCZZoCtrGj30ZSTRZXIAEtSFzM5', 2, 12, 1, '2023-10-26 00:32:43', '2023-10-26 00:32:43'),
(735, 'BAREP ADHIYASTA', 1, '0oJSYYKLBkkKxCcm83hBaaBP7KsnzOxYV8mDGsID', 2, 12, 1, '2023-10-26 00:32:43', '2023-10-26 00:32:43'),
(736, 'DEVA LOVADANI PUTRA', 1, '7JRnxtHcXqyhD4nwzRxjBa0RPeWXETKBo01GSiXg', 2, 12, 1, '2023-10-26 00:32:43', '2023-10-26 00:32:43'),
(737, 'FALIH RAHMATULLAH PRATAMA', 1, 'RBOururTpZutDvYCIbMNjFDpJLp0tSwc33EiimuV', 2, 12, 1, '2023-10-26 00:32:43', '2023-10-26 00:32:43'),
(738, 'FATHIR GATAN ALIBI', 1, 'M2EsOd4HSu7zWD5iq0Sw4WAlq6qP04diiAT0tJ7f', 2, 12, 1, '2023-10-26 00:32:43', '2023-10-26 00:32:43'),
(739, 'FRIYANDANA DAVA FIRMANSYAH', 1, 'v58FG8TwwAmutRJl5nd6m0uGCwTrf1sHmpuLuTk9', 2, 12, 1, '2023-10-26 00:32:43', '2023-10-26 00:32:43'),
(740, 'GANDI WIBISONO', 1, 'umlmn77Z8L8RlzRvRu1lZYjypnKrZtzmekW5DrRC', 2, 12, 1, '2023-10-26 00:32:43', '2023-10-26 00:32:43'),
(741, 'GILANG DHARMA TECTONA', 1, 'g3iBQaHwr5Kp5O9DoAZQDmivAaau8hTiiN5SBNqE', 2, 12, 1, '2023-10-26 00:32:43', '2023-10-26 00:32:43'),
(742, 'HARIS RAHMAN KURNIAWAN', 1, '71im83uA7oEtlTrgcLzbV7pSIQ5dFFADftsoGOSq', 2, 12, 1, '2023-10-26 00:32:43', '2023-10-26 00:32:43'),
(743, 'INDRA SAPUTRA', 1, 'eH3cHlOjzJDdCTPxRFl2jQrEI2Z6QHGpgb0HRGSJ', 2, 12, 1, '2023-10-26 00:32:43', '2023-10-26 00:32:43'),
(744, 'MISSIY HADIYANTORO', 1, 'kqiv4vR0xjOWFpSBjwDTlBk9LqtKRDYokYpYQWlv', 2, 12, 1, '2023-10-26 00:32:43', '2023-10-26 00:32:43'),
(745, 'MOH. AKHIF FIRMANSYAH', 1, 'Md3luQFBjgWHKu2sMQIwpD9d28qWl7A7AKXwn1nN', 2, 12, 1, '2023-10-26 00:32:43', '2023-10-26 00:32:43'),
(746, 'MOH. RIFQI NUR ARIFILLAH', 1, 'YP4myjTbRckbXcw8d8EUnDipaj5XtY49eH1ntHwb', 2, 12, 1, '2023-10-26 00:32:43', '2023-10-26 00:32:43'),
(747, 'MOHAMMAD FANY NASYITH AINUL YAKIN', 1, 'iMuy7ZhWj6e13JmugNvGKe9MNCmuUdBHdYQrDGip', 2, 12, 1, '2023-10-26 00:32:43', '2023-10-26 00:32:43'),
(748, 'MOHAMMAD ILYAS HIDAYATULLAH', 1, 'cum4twnKBo3hqRnkrnjdwDNGfAo7egUuQie419EA', 2, 12, 1, '2023-10-26 00:32:43', '2023-10-26 00:32:43'),
(749, 'MUHAMMAD ADITYA INSAN FADHILA', 1, '1ihg4hvIEl5owelXnASAl07T4NYfRs5KbiDPVEkz', 2, 12, 1, '2023-10-26 00:32:43', '2023-10-26 00:32:43'),
(750, 'MUHAMMAD DWI FAUZAN', 1, 'p7YX5TP9y2HZx7cbTinkVx8LDDfls0iQlPb8YIRK', 2, 12, 1, '2023-10-26 00:32:43', '2023-10-26 00:32:43'),
(751, 'MUHAMMAD DZAKI SYARIF', 1, 'nTeO1FGIKJGVL8DvB7erqewldo7PEknJ6dOGkhHr', 2, 12, 1, '2023-10-26 00:32:43', '2023-10-26 00:32:43'),
(752, 'MUHAMMAD FAREL DAFI SAPUTRA', 1, '8vDw6HInscNPTnyYEiV1bWlNYTmCvHIqVCCm6Thi', 2, 12, 1, '2023-10-26 00:32:43', '2023-10-26 00:32:43'),
(753, 'MUHAMMAD IRFAN AR RAFI', 1, 'BEQFIH4sNYJUSQD5mKt4GJtqlr20KEi3UkIKpzUj', 2, 12, 1, '2023-10-26 00:32:43', '2023-10-26 00:32:43'),
(754, 'MUHAMMAD NOFAL', 1, 'opGxIzQaNi2sZaWYWS72GZftNzylRuYDrJ0sys2H', 2, 12, 1, '2023-10-26 00:32:43', '2023-10-26 00:32:43'),
(755, 'MUHAMMAT LUKMANUL HAKIM ZAINUL MUSTAFA', 1, 'FKv3fREBd4Oxpy73ABHf8uZbu87JmVqvUVVzuwDN', 2, 12, 1, '2023-10-26 00:32:43', '2023-10-26 00:32:43'),
(756, 'NERU ANGGARA', 1, 'Vb1i5YfIA5hBu9TUnsIwojlnJmc25bexVepVlO7g', 2, 12, 1, '2023-10-26 00:32:43', '2023-10-26 00:32:43'),
(757, 'NIKITA TIARA DWI MAULIDIA', 1, 'JbUKcmBA56AgmD73x6MTHR5jazuzCGIEtbwjNW2I', 2, 12, 1, '2023-10-26 00:32:43', '2023-10-26 00:32:43'),
(758, 'RAFLIAN FIRDAUS MAULANI', 1, 'VC5lZOTiU79VSysD3qXBbG1FrEQpnbb0xPQgeKMR', 2, 12, 1, '2023-10-26 00:32:43', '2023-10-26 00:32:43'),
(759, 'RAZAN TEGAR AFANDI', 1, 'YZbWxOIUcy5CkLsHil9kwiRs5yFvlAIxyovc6exJ', 2, 12, 1, '2023-10-26 00:32:43', '2023-10-26 00:32:43'),
(760, 'RESKY ARSYIE AL-DANIAL', 1, 'lQq1jv823HwfuRAbkjZBRQgEFt2dbF7DGn5JvBYU', 2, 12, 1, '2023-10-26 00:32:43', '2023-10-26 00:32:43'),
(761, 'RIZKY MUTIARA FITRI', 1, 'F9ngui3uAB6YNesTNX9YKIurKaFJmG5tfG1Qvd8J', 2, 12, 1, '2023-10-26 00:32:43', '2023-10-26 00:32:43'),
(762, 'SATRIA ALHAN ILAFI', 1, 'pv2IixhCwqhQKbcaWkFepGDTnBANJFggePL2C5gQ', 2, 12, 1, '2023-10-26 00:32:43', '2023-10-26 00:32:43'),
(763, 'SYAUQI UWAIMIR BAHRUM PUTRA', 1, 'rPF5SH8knY6KzhiV0HyarjqHUnggc5qwqiTmhbH8', 2, 12, 1, '2023-10-26 00:32:43', '2023-10-26 00:32:43');
INSERT INTO `peserta` (`id_peserta`, `nama_peserta`, `tipe`, `qr_code`, `tingkatan`, `id_kelas`, `status`, `created_at`, `updated_at`) VALUES
(764, 'TOTOK PRIANTONO AL RAMADANI', 1, 'XznoTaesmBGXHdCUgJjXaC1dFcZIpqkG6TrgmgxU', 2, 12, 1, '2023-10-26 00:32:43', '2023-10-26 00:32:43'),
(765, 'WILLY SURYO ANTAREDHA', 1, 'LGXtSpylR47i7Ebl1Xgj98kytcUdLeooOrNm0Cez', 2, 12, 1, '2023-10-26 00:32:43', '2023-10-26 00:32:43'),
(766, 'ABDUL GAFUR', 1, 'lmuihgzdP9oMEF3JYNFfc6VgItyGDBPNl2qwAdOJ', 2, 8, 1, '2023-10-26 00:32:48', '2023-10-26 00:32:48'),
(767, 'ACHMAD FAUZI', 1, '4ZYL45FCJ7PRCdsIjgS5pgGetUG4ikFjoAtl769m', 2, 8, 1, '2023-10-26 00:32:48', '2023-10-26 00:32:48'),
(768, 'AHMAD DHANI FIRMANSYAH', 1, '31h6Ey45I7ON4nFMUlUyXq97QIO7lN81oBvTfMco', 2, 8, 1, '2023-10-26 00:32:48', '2023-10-26 00:32:48'),
(769, 'AHMAD KAFABILLAH', 1, 'SnpNYRsGNTGsVCXhB8hyQ2EqBlcFkjlLyHB3015A', 2, 8, 1, '2023-10-26 00:32:48', '2023-10-26 00:32:48'),
(770, 'AHMAD SIFAUL QALBI', 1, 'xkQfgjjfW32ZY27fnrmPcQdndfwP2O3QMnKnlJz5', 2, 8, 1, '2023-10-26 00:32:48', '2023-10-26 00:32:48'),
(771, 'AKBAR ILHAM DANI', 1, 'tPg0ASEwr9D4sfXV2c1vuHMBUs0aFLrKeNVhN5eZ', 2, 8, 1, '2023-10-26 00:32:48', '2023-10-26 00:32:48'),
(772, 'ALFITO ILHAM MAULANA', 1, '4ZB6KVTZUOOEML9FvCrl44WcJwN9e8PWiXYIICqO', 2, 8, 1, '2023-10-26 00:32:48', '2023-10-26 00:32:48'),
(773, 'BURHANUDIN ZULFI', 1, 'acwTb5UPRojVPo5jqxM6JTXci5oW6RCq7SxUC0L6', 2, 8, 1, '2023-10-26 00:32:48', '2023-10-26 00:32:48'),
(774, 'DAMAR PUTRA PRATAMA BAHTIAR', 1, 'ix3AbK3VQgBKpR2N4wXHzOcI737wMHKuzfLlvzFE', 2, 8, 1, '2023-10-26 00:32:48', '2023-10-26 00:32:48'),
(775, 'DAVID APRILIAN ALVIS', 1, 'D8YPm79kwn8OvkApujyGNbh6KCBghePxzEzOU9Zc', 2, 8, 1, '2023-10-26 00:32:48', '2023-10-26 00:32:48'),
(776, 'DEDY PUTRA KURNIAWAN', 1, 'xE10iqIIKhpZMcylLYJFSH6ZPa2DZFiczKW1oTYk', 2, 8, 1, '2023-10-26 00:32:48', '2023-10-26 00:32:48'),
(777, 'DIKA RAMADHAN', 1, 'QWbaDrYuVSfXB2FcZ6QzEofTBn26Gg5ej8OmCHwB', 2, 8, 1, '2023-10-26 00:32:48', '2023-10-26 00:32:48'),
(778, 'FIKKRIH NUR RAHMAN SYAH', 1, 'aZW6msnbzEsFHEN5k0vF4OvQjHG7Swbk6voAGtzW', 2, 8, 1, '2023-10-26 00:32:48', '2023-10-26 00:32:48'),
(779, 'FIRMAN ADI YAKSA HIDAYATULLAH', 1, 'UbBTQSCIRzQrb2IuIZWOiYbSipZfZcvKSJ4ddDYL', 2, 8, 1, '2023-10-26 00:32:48', '2023-10-26 00:32:48'),
(780, 'HAMDANIL ARIFIN', 1, 'KL3YpRp6KDSvRibbWg1tshUlGOLOZ9eAX138YULJ', 2, 8, 1, '2023-10-26 00:32:48', '2023-10-26 00:32:48'),
(781, 'IBROR YUSRON SUGIHARTO', 1, 'aoxtUMTPNGQN2eEg62XDQKMmC3nRSoX7Yo8IlxW0', 2, 8, 1, '2023-10-26 00:32:48', '2023-10-26 00:32:48'),
(782, 'IMAM ADI ARROKI', 1, 'K2AoK93W963gAKGEVegJW0aoIvUQfNUkiWIM87Ya', 2, 8, 1, '2023-10-26 00:32:48', '2023-10-26 00:32:48'),
(783, 'LOREN CHRISTIAN', 1, 'aWKdv2svfvCRpOITX8hpXq7QRs5E1FCtToRD9WP1', 2, 8, 1, '2023-10-26 00:32:48', '2023-10-26 00:32:48'),
(784, 'MAULIDIYA TRI MALIYATI', 1, 'oY5WBpR2H33WU8WiCThN0pSEhrcoOPQDg0khWaJj', 2, 8, 1, '2023-10-26 00:32:48', '2023-10-26 00:32:48'),
(785, 'MOCHAMMAD ALDI', 1, 'yx15xyZNXVb4UxA6XC7AOk6wmxChTK1sTAAPguL6', 2, 8, 1, '2023-10-26 00:32:48', '2023-10-26 00:32:48'),
(786, 'MOCHAMMAD TIRMIDZI', 1, 'vwYwWcWJYEd7U6eLjfywC61tFNazx2LOT0ccGSbz', 2, 8, 1, '2023-10-26 00:32:48', '2023-10-26 00:32:48'),
(787, 'MOHAMMAD RENO HABIBI', 1, 'iE2ORnDtasNmwujTeOjuGixhSfZEBFGOlY0sdpKg', 2, 8, 1, '2023-10-26 00:32:48', '2023-10-26 00:32:48'),
(788, 'MUHAMMAD ALDO ALFIYANSYAH', 1, '9Cx8F3oAJ9I79x7j4DV3kyHeo6cWASAAi2Bnijru', 2, 8, 1, '2023-10-26 00:32:48', '2023-10-26 00:32:48'),
(789, 'MUHAMMAD ALTHAF ALFANSYAH', 1, '6Ssrj0q00rgyFDAneIYA0nIGZ9fKQNCy5tsGrbxc', 2, 8, 1, '2023-10-26 00:32:48', '2023-10-26 00:32:48'),
(790, 'MUHAMMAD GHAZY AL JAHFAL', 1, 'vLsqpxaxBMzne5sMGoJZvPYilqvZAnh285LJZqfJ', 2, 8, 1, '2023-10-26 00:32:48', '2023-10-26 00:32:48'),
(791, 'MUHAMMAD REZA DAYYAN RISMANTO', 1, 'HkkkGIEylHNcopl80ivg7uGGagQHBTF8maWXwGZr', 2, 8, 1, '2023-10-26 00:32:48', '2023-10-26 00:32:48'),
(792, 'MUHAMMAD TAUFIQ BALAFIF', 1, 'yc8Dta8D0YxYeQdGmcaxDRYn3Qy7MoTj5HN3ioEL', 2, 8, 1, '2023-10-26 00:32:48', '2023-10-26 00:32:48'),
(793, 'MUHAMMAD WILDAN TAWAGKAL', 1, '0bk08Ns6w7HI6Qkgzt8T4b5RmwE4RQgVBJAPXtNn', 2, 8, 1, '2023-10-26 00:32:48', '2023-10-26 00:32:48'),
(794, 'MUWAFIQUL HOBIR', 1, 'xindngs2vmvd5bamZUrBGnYe1hN1C6srtjes0F0Q', 2, 8, 1, '2023-10-26 00:32:48', '2023-10-26 00:32:48'),
(795, 'ROKHIQIL BUDI WARDIANSYAH', 1, 'iTFH4URNl36pTfr5mC64VLPnIlH0rxEJeotVlG8w', 2, 8, 1, '2023-10-26 00:32:48', '2023-10-26 00:32:48'),
(796, 'TEGAR DWI ABDIL AZIZ', 1, '0sE5eNahnhBrKST5uvlGYg5FuLzfOpOC6QyU6baa', 2, 8, 1, '2023-10-26 00:32:48', '2023-10-26 00:32:48'),
(797, 'VIANDITA OKTAMELIA PUTRI', 1, 'KvITzSEa4fHuiHe8KVX9G2oeegdfP2wEQq3vTmGr', 2, 8, 1, '2023-10-26 00:32:48', '2023-10-26 00:32:48'),
(798, 'AHMAD RIVALDI CAHYONO', 1, 'QKtkeN2DrDSHDWtFWHAGUpNgkXoAA90ZqowRh8Hh', 2, 9, 1, '2023-10-26 00:32:51', '2023-10-26 00:32:51'),
(799, 'ALDO SAPUTRA', 1, 'MHZvR1FQ7itAjXdXsAAffrVmbhXzzmrWi8akj88y', 2, 9, 1, '2023-10-26 00:32:51', '2023-10-26 00:32:51'),
(800, 'AMIRUTTAWAB HAIRUSSAI', 1, 'rPXdXi9XhMNwpIqsUnAAusmMLBGbYv5ckFi2fnsg', 2, 9, 1, '2023-10-26 00:32:51', '2023-10-26 00:32:51'),
(801, 'ANGGA ISMA PRATAMA', 1, 'vlPEAbCb5XJbwjJIc9HwWbtwP1U7HPGNL4NS3VAO', 2, 9, 1, '2023-10-26 00:32:51', '2023-10-26 00:32:51'),
(802, 'AQIL AKRAM BURHANUDDIN', 1, 'JExZGE2Rvut8dVXGrN7eNmFclY49njR1Tmn0UjbF', 2, 9, 1, '2023-10-26 00:32:51', '2023-10-26 00:32:51'),
(803, 'BINTANG MAULANA', 1, 'Hxi9dIdX5DNniIXFdWL9fZnQJKTb9KGxGOgMGedz', 2, 9, 1, '2023-10-26 00:32:51', '2023-10-26 00:32:51'),
(804, 'DERYL ASRILLAH PRAYUDHA', 1, '7fBLup5qIyiLyVTWKPWiyBlFUTCz60oY2jgWEe3p', 2, 9, 1, '2023-10-26 00:32:51', '2023-10-26 00:32:51'),
(805, 'EKA ZULVA MUNAWAROH', 1, 'AjHn50fZJSio7CfFuhkPdHnPYw3XvS2CBypXfVPE', 2, 9, 1, '2023-10-26 00:32:51', '2023-10-26 00:32:51'),
(806, 'GALANG MAYLINDO PRIBADI', 1, 'W2UVuGyGWaDItyWxxoStmwPFyVdomV97tzSIS3zw', 2, 9, 1, '2023-10-26 00:32:51', '2023-10-26 00:32:51'),
(807, 'IRZA AHMAD ABDILLAH', 1, 'i2gaHScptyI9gx6EuY5wfcOFqVAT6VgrEzpHkI37', 2, 9, 1, '2023-10-26 00:32:51', '2023-10-26 00:32:51'),
(808, 'MAULANA RAFLI APRIANDI', 1, 'o0JJNvBg4nYzV95XyvMEYjIRzyF2GNvjTvGYqh7W', 2, 9, 1, '2023-10-26 00:32:51', '2023-10-26 00:32:51'),
(809, 'MIRZA UCHMAL GANI', 1, 'HFSQrt3XvkYlRVfOwUjYvqIZ4cyKRGaJRMW12WaN', 2, 9, 1, '2023-10-26 00:32:51', '2023-10-26 00:32:51'),
(810, 'MOCHAMAD YAZID RAHMAN FADHILAH', 1, 'A3pSUlYHoOtMKy8NSzAZe5DFhjyAjvXJnwWwEo5x', 2, 9, 1, '2023-10-26 00:32:51', '2023-10-26 00:32:51'),
(811, 'MOCHAMMAD FARHAN ALFIRDAUS', 1, 'KuApy1fSoWedYZD3nxhY3nTr3FEMjHUh9bQppr1Z', 2, 9, 1, '2023-10-26 00:32:51', '2023-10-26 00:32:51'),
(812, 'MOHAMMAD FAREL HAIKAL AVIZ', 1, 'pN0Payd5LI8w2lUvEF4sKo4TMYXlMWCx8YRWgxnE', 2, 9, 1, '2023-10-26 00:32:51', '2023-10-26 00:32:51'),
(813, 'MOHAMMAD FIRDAUS', 1, '1NcLJZwOif8rVxezA6UmihNBM6mgYc8Kr2xUbx4t', 2, 9, 1, '2023-10-26 00:32:51', '2023-10-26 00:32:51'),
(814, 'MOHAMMAD HELMI SYARIF', 1, 'BNkOhHFObtry34fLysmu3HBfTtGyX6QBSZPIOyfe', 2, 9, 1, '2023-10-26 00:32:51', '2023-10-26 00:32:51'),
(815, 'MOHAMMAD NOVAL ALI ERFAN', 1, 'vNKq92vSgvD6ld54f3fE48xCc1Eoytthy775BiIk', 2, 9, 1, '2023-10-26 00:32:51', '2023-10-26 00:32:51'),
(816, 'MOHAMMAD ROZIK YULIANTO', 1, 'gFZfLUhE6iRoruizgDfk6D90GNZ06KfLzbtWKQ8V', 2, 9, 1, '2023-10-26 00:32:51', '2023-10-26 00:32:51'),
(817, 'MUCHAMMAD RIO RUFAMINJAS', 1, 'IUp9Wo7Vuf5AzaxVeqM30N3clnyoXeSg4JDeE5xW', 2, 9, 1, '2023-10-26 00:32:51', '2023-10-26 00:32:51'),
(818, 'MUHAMMAD DERBIAN DWI PUTRA', 1, '1jbLj7IYsUTUdI3mPnqHyXVuOVW8QkpgokWEx1Jm', 2, 9, 1, '2023-10-26 00:32:51', '2023-10-26 00:32:51'),
(819, 'MUHAMMAD FEBRI', 1, '2IYZmWxzvh2YU5pmt3KoVcFngJ8Fbcm5Mxk5Lib8', 2, 9, 1, '2023-10-26 00:32:51', '2023-10-26 00:32:51'),
(820, 'MUHAMMAD GIBRIL ANWAR', 1, 'glbzUnjaM0PvqpAgTNLky5mOqbobpzLaSftX7eOP', 2, 9, 1, '2023-10-26 00:32:51', '2023-10-26 00:32:51'),
(821, 'MUHAMMAD RAFI', 1, 'QQgi1FrOQ1KoLzOtD85RVwXosv5k4mvmDaT5j5Uh', 2, 9, 1, '2023-10-26 00:32:51', '2023-10-26 00:32:51'),
(822, 'MUKHAMMAD FARIZ FAIDZIN', 1, 'fIw2f2QrsyzqRmjUdKT5JUW3ZilnYSNxYznf9A3w', 2, 9, 1, '2023-10-26 00:32:51', '2023-10-26 00:32:51'),
(823, 'NADA KAMILAH AMATULAH', 1, 'ytiJX11Hj8CBH1OyJY2dfG8GKFbALJNdprjiFdce', 2, 9, 1, '2023-10-26 00:32:51', '2023-10-26 00:32:51'),
(824, 'NICOLA FATHORROSI', 1, 'QYpdokKQCVnZz9ndnSRkwk303oa55Ng8jDa4bojk', 2, 9, 1, '2023-10-26 00:32:51', '2023-10-26 00:32:51'),
(825, 'NOVAL ARIYANTO', 1, 'VHRVyOFjikUFlBMoHltCICyqz9X7j3y71bG8WzSz', 2, 9, 1, '2023-10-26 00:32:51', '2023-10-26 00:32:51'),
(826, 'NURULLAH', 1, 'gIliBWIPM2aiR0qRVgxkGoPmWUq457IivkuWOphY', 2, 9, 1, '2023-10-26 00:32:51', '2023-10-26 00:32:51'),
(827, 'PRASETIYO ALFIANDI BUDIONO', 1, '1nyCfMCa2bpdHrc3Kqz2aD853H6K7c4Fwx4yyLn7', 2, 9, 1, '2023-10-26 00:32:51', '2023-10-26 00:32:51'),
(828, 'SUNNY MUHLISON', 1, 'UaKtKGlRcSwSInd93qWKZIQtJARdyIm7nXMyT43H', 2, 9, 1, '2023-10-26 00:32:51', '2023-10-26 00:32:51'),
(829, 'SYAHRUL MUBAROQ', 1, 'Lz0VOCigscU7tzLebHgl5QnurgWRIJ8iHmYrEJac', 2, 9, 1, '2023-10-26 00:32:51', '2023-10-26 00:32:51'),
(830, 'ABDUL ADNAN', 1, 'qO1elJEvY7m1QKwcneF9ObMqpQL2mONUuGb3i0Kl', 3, 17, 1, '2023-10-26 00:48:53', '2023-10-26 00:48:53'),
(831, 'ALFI SYARIFATUL HASANAH', 1, 'zn8vP5KvNhRjQRqIgSFnt1VK7pO1ALCNiZeQiOw5', 3, 17, 1, '2023-10-26 00:48:53', '2023-10-26 00:48:53'),
(832, 'ANGGUN TRI HARTINI', 1, '2TuSUZUed45G4pJtuyJcsT9VvlAdqyfFB7IuenEk', 3, 17, 1, '2023-10-26 00:48:53', '2023-10-26 00:48:53'),
(833, 'ANI RAHMAWATI', 1, 'AxfhW3IrLckSYNIDlhHfhEk0zQGTrYMI7F0U7kem', 3, 17, 1, '2023-10-26 00:48:53', '2023-10-26 00:48:53'),
(834, 'BUNGA HELDA ANGEL RISKA', 1, 'f8cylIjOByIjRAL0YR4eNwq9btPmfondDFTDKcJS', 3, 17, 1, '2023-10-26 00:48:53', '2023-10-26 00:48:53'),
(835, 'DELA SEPTIARINI', 1, 'ZUiNrELVBYLZ1ai3KGAebkbzTBuWHHJG9Z9qAbE4', 3, 17, 1, '2023-10-26 00:48:53', '2023-10-26 00:48:53'),
(836, 'DIANA PUTRI MAHARANI', 1, 'DFsP3pRaUS3TzUi0kQX6FEbE0tCMJapop7RLCa35', 3, 17, 1, '2023-10-26 00:48:53', '2023-10-26 00:48:53'),
(837, 'ELVINA FITRIH', 1, '1Rr1dvVKrgQ9IhDVlHD4BZEsY9b7trvKH6SLLzoW', 3, 17, 1, '2023-10-26 00:48:53', '2023-10-26 00:48:53'),
(838, 'FENDI MAULANA', 1, '49NGeLxQUpe8FfidITY8G8duA7IbJJDPYPjFNJSj', 3, 17, 1, '2023-10-26 00:48:53', '2023-10-26 00:48:53'),
(839, 'GINA FITRATUL MUNTAZAH', 1, 'YSNLNGhaqhrll0dO3bcN1LkwOcN1zBh9v6TBLbha', 3, 17, 1, '2023-10-26 00:48:53', '2023-10-26 00:48:53'),
(840, 'HALIMATUS SADIYAH', 1, 'hSBiwmmmtayRXKftaDrYps2fEzJuO6XKKtmQEhTK', 3, 17, 1, '2023-10-26 00:48:53', '2023-10-26 00:48:53'),
(841, 'JAMILATUS SYARIFAH', 1, 'Mu7jtlbMK6Kx4rqD6TejqRUxz8ALo7tQJ6mCVlIc', 3, 17, 1, '2023-10-26 00:48:53', '2023-10-26 00:48:53'),
(842, 'KHILDA ROSIDA', 1, '7c9jiqDgnH0z04TaBc8Dw6NJGu1lvoTv2dgBTDgB', 3, 17, 1, '2023-10-26 00:48:53', '2023-10-26 00:48:53'),
(843, 'MAIDA PUTRI FATIMATUZZAHRO', 1, '5xuPYgOQFktS8uORJsNgf1D4hFOUxJotQx3ra7oN', 3, 17, 1, '2023-10-26 00:48:53', '2023-10-26 00:48:53'),
(844, 'MUHAMMAD AFANDI PRATAMA', 1, 'fjvJ26oHLIgVCVGAZSAKjJ8xVX9xKOmEQ4jrIQw9', 3, 17, 1, '2023-10-26 00:48:53', '2023-10-26 00:48:53'),
(845, 'MUHAMMAD RAMA KALAMULLAH', 1, '7MYyXJhO6PvpH8LW3WMAa12Kaxw1C4t9JimPyXYK', 3, 17, 1, '2023-10-26 00:48:53', '2023-10-26 00:48:53'),
(846, 'NABILA AGUSTIN KHOIRUNIKA', 1, 'X8tt0GoxRofymfirYxKx7cvGEoOB8Ssbv3Dpv8qc', 3, 17, 1, '2023-10-26 00:48:53', '2023-10-26 00:48:53'),
(847, 'NAJWA NUR HASANAH', 1, 'EVJiGGRi15vBzlutoQzKRqLkkryJOD3TjebIAwP1', 3, 17, 1, '2023-10-26 00:48:53', '2023-10-26 00:48:53'),
(848, 'NICO SETYAWAN', 1, 'FDDuXVZjF8qydFjmJSsNs7E6CaRWuodljsgFPiqX', 3, 17, 1, '2023-10-26 00:48:53', '2023-10-26 00:48:53'),
(849, 'NOVIA ZIQNA FIRDAUSY', 1, 'us9I7yv6xXkkM7dqZKJ8vWoKUwBSIGAsCqterZ7p', 3, 17, 1, '2023-10-26 00:48:53', '2023-10-26 00:48:53'),
(850, 'RATIH WINDI YUNIASIE', 1, 'G9tJ9KOqGj7WL4sFrLdA7cKhLRnCga8zqi33n9Ww', 3, 17, 1, '2023-10-26 00:48:53', '2023-10-26 00:48:53'),
(851, 'RIFKI NUR AKBAR JUNAIDI', 1, 'YqHNSTSLNm6q8kF5DKUXBgaGDpyleOc3IgADNp37', 3, 17, 1, '2023-10-26 00:48:53', '2023-10-26 00:48:53'),
(852, 'RISMA NUR KHALISAH', 1, 'ieurdtIYx8CeEPvs4E0x7jBdIdUBDuqqJtvlSQVl', 3, 17, 1, '2023-10-26 00:48:53', '2023-10-26 00:48:53'),
(853, 'RIZKI AZIZAH SALSABILA', 1, 'M8TQvPmiMx5rgWtd3YLR7H5AXbUSJOtFiAPi8ruI', 3, 17, 1, '2023-10-26 00:48:53', '2023-10-26 00:48:53'),
(854, 'SALWAH SABRINA', 1, 'iZIXLCiHpXiG03paLRTBxCUgUT1S07TyiNVG58xF', 3, 17, 1, '2023-10-26 00:48:53', '2023-10-26 00:48:53'),
(855, 'SITA NURHALISAH', 1, 'N7uvMU8Y5BpiFuQf5bgBMg5xrObRwl4A8mypQSFI', 3, 17, 1, '2023-10-26 00:48:53', '2023-10-26 00:48:53'),
(856, 'SITI INDRIYANI', 1, '4O78oUJya8nvPloOI5M2cfUFv4ENBaXJOpSADTP8', 3, 17, 1, '2023-10-26 00:48:53', '2023-10-26 00:48:53'),
(857, 'SUCI ROMADIYAH MAKMUR', 1, 'xKyiOFwsUdHOQK3eBGkdcsFYHZ8eaP9jg8lNtRYB', 3, 17, 1, '2023-10-26 00:48:53', '2023-10-26 00:48:53'),
(858, 'TITA AGUSTINA AULIA RAHMAN', 1, 'CscrKYFhFTikTYGcWgSwtRtQf2kNAu4QkfsFKeT2', 3, 17, 1, '2023-10-26 00:48:53', '2023-10-26 00:48:53'),
(859, 'VINA ANDINI', 1, 'CdCFY5KFVvzma9wLkJACwSSUZsBOIC5A2PdJJcgU', 3, 17, 1, '2023-10-26 00:48:53', '2023-10-26 00:48:53'),
(860, 'AGIS HOIRUN NISA', 1, 'FBXDLn80LruSLaFUL7WtsTE3wWYYsbNkQeSzUowb', 3, 18, 1, '2023-10-26 00:49:24', '2023-10-26 00:49:24'),
(861, 'AHMAD ABU RIZAL ALGIFARI', 1, 'tWsegCqarZ7nfPtAnGSisS2DG2a5lEVXutRDThuU', 3, 18, 1, '2023-10-26 00:49:24', '2023-10-26 00:49:24'),
(862, 'ALFIA NURUZZ YADAH', 1, '7lQXliBhgNXD7oCQuf1iEPbLhY0Dqe3m8Bxgn3FS', 3, 18, 1, '2023-10-26 00:49:24', '2023-10-26 00:49:24'),
(863, 'ANGIE SEPTIANING TIAS', 1, 'HxfbA0tUNkrKQDXRkN4kvhqSESqdA4hVcWJhFeoT', 3, 18, 1, '2023-10-26 00:49:24', '2023-10-26 00:49:24'),
(864, 'ARIL NURAINI', 1, 'ptvrVyG9uVeYhUKlvKmAj1bBiQJ3UW7KfX0I6Vb4', 3, 18, 1, '2023-10-26 00:49:24', '2023-10-26 00:49:24'),
(865, 'CHAIRUNEISA FEBITRI CAHYANI', 1, 'weKgoTCvDxYFqSwAiMOCJerOtNjpbnChk5Q9YjBl', 3, 18, 1, '2023-10-26 00:49:24', '2023-10-26 00:49:24'),
(866, 'DHEA AMANDA SAFITRI MAULANI', 1, 'GsNrdBJfsFE8OXId6VCgpaRvrXBoF2b2LHaCjfAe', 3, 18, 1, '2023-10-26 00:49:24', '2023-10-26 00:49:24'),
(867, 'DINY DWI AFDHOLUL LAILY', 1, 'nMwOLQFZKgjQlrdkRt49Qy1So69lmYJ36BMnVwba', 3, 18, 1, '2023-10-26 00:49:24', '2023-10-26 00:49:24'),
(868, 'DUWI DARMAWAN', 1, 'WSuvM6UKbFnyUL4Z0tbDU7yJ1fJQljUHpblueQ2o', 3, 18, 1, '2023-10-26 00:49:24', '2023-10-26 00:49:24'),
(869, 'FIFIN NURUL ISNAINI', 1, 'w38GDSczef9jkonNv7XAoC3myssjFMklMsMMbcYu', 3, 18, 1, '2023-10-26 00:49:24', '2023-10-26 00:49:24'),
(870, 'GITA ABELIA NAJWA', 1, 'n41l94pqPBl8PESTgdDo3sFlXyfOVVwlaCjRidhl', 3, 18, 1, '2023-10-26 00:49:24', '2023-10-26 00:49:24'),
(871, 'HILYAH FAIRUSIYAH', 1, 'OcdOXANVSaizX2pidn7ALwd1QEwvEINWtMfzc87a', 3, 18, 1, '2023-10-26 00:49:24', '2023-10-26 00:49:24'),
(872, 'JIHAN ZAHIROH WAHYUNI', 1, 'SRd8RrrOfDZIhaUqM2reB8XEbKQRr30WG8bkeK7d', 3, 18, 1, '2023-10-26 00:49:24', '2023-10-26 00:49:24'),
(873, 'LATHIFATUL INTAN', 1, 'i52BXzYUv6pY4yHhmDtiBXnsPIbQIozhapiShagN', 3, 18, 1, '2023-10-26 00:49:24', '2023-10-26 00:49:24'),
(874, 'MAISAROH GAFERLI SAFITRI ADANI', 1, 'KbxquYYG0ZNXCsHpR79unHluiL8xfUMSlNpyK21o', 3, 18, 1, '2023-10-26 00:49:24', '2023-10-26 00:49:24'),
(875, 'MOHAMMAD WAFI', 1, '5aedKbJDaSMptZ6x8bmZR9RmH1WZUkHx2KWVn3Uc', 3, 18, 1, '2023-10-26 00:49:24', '2023-10-26 00:49:24'),
(876, 'MUHAMMAD AZRIEL WAHYU RAMADHAN', 1, 'zIJiGeyOWs5V23R92be5QkY52hfgtRjsHLr4tYPR', 3, 18, 1, '2023-10-26 00:49:24', '2023-10-26 00:49:24'),
(877, 'MUHAMMAD WILDAN', 1, 'zO7a3yM6Kkj7MTkvq2S2zgyXIJHQcNjHeBz5ekSs', 3, 18, 1, '2023-10-26 00:49:24', '2023-10-26 00:49:24'),
(878, 'NADIAH ZEHRO', 1, 'un7fSBPdHaszBr8VOP8fqV0SA0ZTeBA3YRmVVADE', 3, 18, 1, '2023-10-26 00:49:24', '2023-10-26 00:49:24'),
(879, 'NINDI WARDAH KAMELIA', 1, 'Y6AtN1qRRYgrvWYlei1Zk8pMezUPGHITDb8l35P2', 3, 18, 1, '2023-10-26 00:49:24', '2023-10-26 00:49:24'),
(880, 'NURUL FADILAH IRFANIA RAHAYU', 1, 'dMLyAQB7Q2w9lw6W96nRq4fN986mjt4giaUCk8L8', 3, 18, 1, '2023-10-26 00:49:24', '2023-10-26 00:49:24'),
(881, 'PUJI ANDAYANI', 1, '2AiwoBoOkZIe2wNybZ5YrkABtFHDERdveexUeqEa', 3, 18, 1, '2023-10-26 00:49:24', '2023-10-26 00:49:24'),
(882, 'RAHMAT EKA PRASETIYO', 1, '16ttwGkBKjbp3FxGwZ46L5IlcFjDAJLweJdO8RD9', 3, 18, 1, '2023-10-26 00:49:24', '2023-10-26 00:49:24'),
(883, 'RINDI OKTAVIA RAMADHANI', 1, 'hnYI0qRY609nH5j69mM0NTtqGkAhJZl3eVRqKmnb', 3, 18, 1, '2023-10-26 00:49:24', '2023-10-26 00:49:24'),
(884, 'RIZKI AMALIA', 1, 'OcGbjIkM4qK9LbtLbqI7VWEohaPVYqYVBbZeiD7x', 3, 18, 1, '2023-10-26 00:49:24', '2023-10-26 00:49:24'),
(885, 'ROSSA RIDIA DAMAYANTI', 1, 'cgo2fNz8ZU3FShQSt9OAJOd1ZUgN1oCwfB1MjuB0', 3, 18, 1, '2023-10-26 00:49:24', '2023-10-26 00:49:24'),
(886, 'SHELY LATANZIL', 1, 'GGAQWtgdbIoyuC4tiiZ8WTALdwfv0UWY0Q5KrLyZ', 3, 18, 1, '2023-10-26 00:49:24', '2023-10-26 00:49:24'),
(887, 'SITI HOLIFAH', 1, 'McdgY7iMyr3q9JKLzCbFfxb4eM8AtLWcyidA7hFF', 3, 18, 1, '2023-10-26 00:49:24', '2023-10-26 00:49:24'),
(888, 'SITTI NUR FAISAH', 1, '8oBO51d4kAo17WyUQvKROYCkQbkHvOrJznA6aX44', 3, 18, 1, '2023-10-26 00:49:24', '2023-10-26 00:49:24'),
(889, 'TIARA MUTIAH JUWITA PUTRI', 1, 'i4RL35rG91arCLXbCRsj17BzDTnZt1h4W3HjxK1b', 3, 18, 1, '2023-10-26 00:49:24', '2023-10-26 00:49:24'),
(890, 'ZINDA DWI APRILIA', 1, 'iNORFTk424PwyGXJf7bTjl3IrBxSlkPwdOj7nKpr', 3, 18, 1, '2023-10-26 00:49:24', '2023-10-26 00:49:24'),
(891, 'ADELIA EKA PUJIANTO', 1, 'IUazhj3cxPMXpJN2ccxzBfhsYqlYlCLyDDmF2EIq', 3, 15, 1, '2023-10-26 00:49:28', '2023-10-26 00:49:28'),
(892, 'AISYAH SULISTIA NINGSIH', 1, '7EtmM7VnOZ5bfLnViE64okG0UBEIR56cAxZkWN4I', 3, 15, 1, '2023-10-26 00:49:28', '2023-10-26 00:49:28'),
(893, 'AMANDA DWI CAHYANING WULANDARI', 1, 'XLoAlxcagQlorZAl1WjA7ne04m4iTJbXaG0tn86j', 3, 15, 1, '2023-10-26 00:49:28', '2023-10-26 00:49:28'),
(894, 'ANGGY FARADINA', 1, 'Cmddt770B9tWlr2CLBZXVTERfrommQcaTDzy15Q9', 3, 15, 1, '2023-10-26 00:49:28', '2023-10-26 00:49:28'),
(895, 'CANTIKA DWI WARDANI', 1, 'zFXYw7i8tFbiTKMJ9eQI9iAkKztawJpRtlZtU4z6', 3, 15, 1, '2023-10-26 00:49:28', '2023-10-26 00:49:28'),
(896, 'CHANTIKA MAY SHINTA', 1, 'EBYZeN74EqHPVrU7MqJwhLsotDTIIe65ryjWDDrX', 3, 15, 1, '2023-10-26 00:49:28', '2023-10-26 00:49:28'),
(897, 'DANANG SEPTA KURNIAWAN', 1, 'HHgnxuVNLFsbnJy0ZLMsKkX10SBvZze9cyUTvY8k', 3, 15, 1, '2023-10-26 00:49:28', '2023-10-26 00:49:28'),
(898, 'DWI RATIH EKA SEPTIANI', 1, 'oMfV9S5Gy0l3jo5hCTwc0RTn2uFed762ve2fPx6Y', 3, 15, 1, '2023-10-26 00:49:28', '2023-10-26 00:49:28'),
(899, 'FENI FILIANA ARIF', 1, 'QaMCx6q9YBmKEiSPIZ9yXrquFMxnbwYeW3rKD7ii', 3, 15, 1, '2023-10-26 00:49:28', '2023-10-26 00:49:28'),
(900, 'FINA ATIKATUN GONITA', 1, 'k40ls8MDRekSRfXh1vcacMgAJY7ylQfn5ffWzZyV', 3, 15, 1, '2023-10-26 00:49:28', '2023-10-26 00:49:28'),
(901, 'GITA DWI ANDINI', 1, 'ww4vphc0IqWwZFNY5J7KKhCH5h5V31UbcezxDdDG', 3, 15, 1, '2023-10-26 00:49:28', '2023-10-26 00:49:28'),
(902, 'HAIRATUN NISAH', 1, 'Ixpcpb3VwyWNqjJrOpmmWnIuJiZwmYxdcmZmR2dN', 3, 15, 1, '2023-10-26 00:49:28', '2023-10-26 00:49:28'),
(903, 'INTAN LAILATUS SIFANAH', 1, 'XGYdYkeyVFVexjU8uQUREHf2GVgQNagx9attt8VS', 3, 15, 1, '2023-10-26 00:49:28', '2023-10-26 00:49:28'),
(904, 'ISTIANA', 1, 'FdWmdVYMPgweetvxjOe3rDTK5ZwtYW9aJUJHQ518', 3, 15, 1, '2023-10-26 00:49:28', '2023-10-26 00:49:28'),
(905, 'MAULIDEA ROFIATUL JANNAH', 1, 'l7YBd16hxnyWzMVz1oF4B4yBEWItyeJMD5g8gc4l', 3, 15, 1, '2023-10-26 00:49:28', '2023-10-26 00:49:28'),
(906, 'MUHAMMAD FERDIYANTO', 1, '7YDo1s5JEeqodkxithPU9Tphcas8NCeaLyGe7I9A', 3, 15, 1, '2023-10-26 00:49:28', '2023-10-26 00:49:28'),
(907, 'MUHAMMAD NUKIL ALFARIZI', 1, '9wVwCmsicJxnSc92Xjn5PbwtnYV1rgA6X9jCxtON', 3, 15, 1, '2023-10-26 00:49:28', '2023-10-26 00:49:28'),
(908, 'NAJWA ROSYIDAH ZAHROTUL HAYAT', 1, 'A7DcVHuEgrOs3JWs67z2dusJS4uSWWFEvHoUrYXF', 3, 15, 1, '2023-10-26 00:49:28', '2023-10-26 00:49:28'),
(909, 'NOVENTIA AYU RAISYA PUTRI BAITURRAHMAN', 1, 'YHjpIpzkWtEEifJCjNcZACOEjvBpmEerRhp8bOD6', 3, 15, 1, '2023-10-26 00:49:28', '2023-10-26 00:49:28'),
(910, 'PUTRI KARTIKA SELVRIYANTI', 1, '8LY2wup1l6mR7fZ5UaP3ENTF1P8tjDl3Cy3QbspG', 3, 15, 1, '2023-10-26 00:49:28', '2023-10-26 00:49:28'),
(911, 'RAFI RAHMAD FIRMANSYACH', 1, 'DZmxavJyIcqkiH59ztrrwdJzbWCJpIWZEl5qLMLp', 3, 15, 1, '2023-10-26 00:49:28', '2023-10-26 00:49:28'),
(912, 'RIANA', 1, 'Kyffdmte3Y5ukmDqMOKo1KEITT2LW2EtLOdcLMEm', 3, 15, 1, '2023-10-26 00:49:28', '2023-10-26 00:49:28'),
(913, 'SARI WILADATUS SALIMAH', 1, '5uaZUcqxC6N4tsmFriLiioA7KccaRgLoohObfQVw', 3, 15, 1, '2023-10-26 00:49:28', '2023-10-26 00:49:28'),
(914, 'SITI AULIA ASHFAHANY', 1, 'QGuItZZXA8LUckT4xADd9XuGnM2KgaHPXlrdmpy3', 3, 15, 1, '2023-10-26 00:49:28', '2023-10-26 00:49:28'),
(915, 'SITI RAMADATUS SAVINA', 1, 'gkdjgqcQxhpIRvnYythc918MagLUiCJncDgoikGN', 3, 15, 1, '2023-10-26 00:49:28', '2023-10-26 00:49:28'),
(916, 'SUTA NADHIF ADIWANGSA', 1, 'xc5k9sD10nZlm9l2kzj2Rlczwgxk2nEz787QnBcN', 3, 15, 1, '2023-10-26 00:49:28', '2023-10-26 00:49:28'),
(917, 'SYALSABILA KHOIRUN NISA', 1, 'hWOkTzqvMcHOf4edKiu0x4HqwCSecOo2PCT0r6UM', 3, 15, 1, '2023-10-26 00:49:28', '2023-10-26 00:49:28'),
(918, 'VANESA TRIYA CALISTA', 1, 'IvkJ96xhqYgV0PbPkUulaICSIxfvQizHPMz6qbMm', 3, 15, 1, '2023-10-26 00:49:28', '2023-10-26 00:49:28'),
(919, 'WINDA PUTRI AGUSTIN', 1, 'j6bohJhohXNIZPsBoatu6DscpYJBDO1HwXUgkEnv', 3, 15, 1, '2023-10-26 00:49:28', '2023-10-26 00:49:28'),
(920, 'YOEPIE DIAN PERMADANI', 1, '8V1sZUCdqbjLQD8iRtQAoX0Mpqm4QkcpTIs4rL3C', 3, 15, 1, '2023-10-26 00:49:28', '2023-10-26 00:49:28'),
(921, 'AINUN AZIZAH', 1, 'DzdZPEJTmTM3VHXiXCxNTKCWuT1rqjjKpGRxVdKa', 3, 16, 1, '2023-10-26 00:49:43', '2023-10-26 00:49:43'),
(922, 'ALIVIA AISYAH PUTRI', 1, 'F8628BxiVtjT49kLzIo2KkKHpSFtilUAEW5lEcX6', 3, 16, 1, '2023-10-26 00:49:43', '2023-10-26 00:49:43'),
(923, 'AMANDA PUTRI WULANDARI', 1, 'We66hargbhc8YQIA3BTdnu3QQMrZtaOg2KQcSAzi', 3, 16, 1, '2023-10-26 00:49:43', '2023-10-26 00:49:43'),
(924, 'ANISYA NUR AMILIYA', 1, '6yzPrRKShiNq8YDaJZ9Y9RZBBzsEwWU4UZqp83sr', 3, 16, 1, '2023-10-26 00:49:43', '2023-10-26 00:49:43'),
(925, 'BONDAN WILI SAPUTRA', 1, 'ym60diZMvjpNKnOd2SF1YJHQrQkZkmjnLLPsF6fN', 3, 16, 1, '2023-10-26 00:49:43', '2023-10-26 00:49:43'),
(926, 'CANTIKA MAHARANI', 1, '9f6jV2VtBiBmoithFtH6c3AdxTMD5COdNWopmF4n', 3, 16, 1, '2023-10-26 00:49:43', '2023-10-26 00:49:43'),
(927, 'DIANA PUSPITA SARI', 1, 'j9krXNeF3O72N36bYtKN7SIrDtBDULXwuxug5qmI', 3, 16, 1, '2023-10-26 00:49:43', '2023-10-26 00:49:43'),
(928, 'FARADILA DWI AMELIA', 1, 'ZQo3FF5MlHiwXbHzpJ1nPjXB1DV8u3qBixHFCRxd', 3, 16, 1, '2023-10-26 00:49:43', '2023-10-26 00:49:43'),
(929, 'FERIN OKTA RAMADHANI', 1, 'UHJ4pPWqe1w613e2siazjJlfdE8JOwSTvcHOET1Q', 3, 16, 1, '2023-10-26 00:49:43', '2023-10-26 00:49:43'),
(930, 'GISCA PAULINA', 1, 'kZjJlcSKdgTcNdTF9ha7yGxHUDJjUecCie3OTXni', 3, 16, 1, '2023-10-26 00:49:43', '2023-10-26 00:49:43'),
(931, 'HAFIDATUS SOLEHAH', 1, 'rCEQh2RwSogbKc4D48NA95TBE9t1WifUtEmJkNXC', 3, 16, 1, '2023-10-26 00:49:43', '2023-10-26 00:49:43'),
(932, 'HAYATI FIRDAUS', 1, 'vjLXybyezvaytt7MiS8kQoyYqrHUVDSu8fT120Gp', 3, 16, 1, '2023-10-26 00:49:43', '2023-10-26 00:49:43'),
(933, 'INTAN WAHYU PRASTYA', 1, 'k1VwEhyvewflIUwAnYaduJNOy1bMeuElhnxd6RHA', 3, 16, 1, '2023-10-26 00:49:43', '2023-10-26 00:49:43'),
(934, 'ITA NUR RISKIYANTI', 1, 'vuMgYuJdlKJFLFpKfZqdWGsmDYaD5gZlftstZFui', 3, 16, 1, '2023-10-26 00:49:43', '2023-10-26 00:49:43'),
(935, 'MAULANA APRILIA', 1, 'CNEE8ggit7DWHMP2nmQAyCYRngEE531eBM4Tw90V', 3, 16, 1, '2023-10-26 00:49:43', '2023-10-26 00:49:43'),
(936, 'MEIRIZA IRNA ANGGRAENI', 1, 'yCU2MjRkAJxvoVkCFDotPXj0gRjDKAnWEGijtrVC', 3, 16, 1, '2023-10-26 00:49:43', '2023-10-26 00:49:43'),
(937, 'MUHAMMAD AKBAR RISQI SANTOSO', 1, 'alLIeZUO7lCL6umf4uWTGgJSgoeF4qfiqeX2K0qv', 3, 16, 1, '2023-10-26 00:49:43', '2023-10-26 00:49:43'),
(938, 'MUHAMMAD NAUVAL ALFAISAL', 1, 'mfiCTilvIvso6dHygPgLozqaKLCqea2SBgLtjByT', 3, 16, 1, '2023-10-26 00:49:43', '2023-10-26 00:49:43'),
(939, 'NONIK TRIAS KARTIKA', 1, '4DHZXHdUZEfeDV3x4dVH5D86ZUsw9OGzXMYp1nVl', 3, 16, 1, '2023-10-26 00:49:43', '2023-10-26 00:49:43'),
(940, 'PRASETYA DWI TUGAS SAPUTRA', 1, 'Hfo7yBHsX1jg3pMfRJdTCs56sMZG2mxVBXkSakwI', 3, 16, 1, '2023-10-26 00:49:43', '2023-10-26 00:49:43'),
(941, 'PUTRI EKANING RIZKY SANTOSO', 1, '0Pg7b5PHwPiYmMFQ4v8yqcZX0rLu4Ns7ybT5fo5r', 3, 16, 1, '2023-10-26 00:49:43', '2023-10-26 00:49:43'),
(942, 'RENATA DWI LESTARI', 1, 'PB5N2siCipFIlDRpA3Bzu90clLmj8Q7Se8QwG0LA', 3, 16, 1, '2023-10-26 00:49:43', '2023-10-26 00:49:43'),
(943, 'RICO HAIRUL ANAM', 1, 'IU1ANFONQR8nKeEku34UHyhJGpN1Aqev8p67qvf0', 3, 16, 1, '2023-10-26 00:49:43', '2023-10-26 00:49:43'),
(944, 'RISKA YUNIARTIK AZIZAH', 1, 'toqRSD2OUfhmwZNpJFq9QpJrkjxKLmWR6Ez635UI', 3, 16, 1, '2023-10-26 00:49:43', '2023-10-26 00:49:43'),
(945, 'SHERINE AURELIA', 1, 'RQ8TsdBDIW1gnZmoU0rz4zHOrs1vx6UWwUL3XaeP', 3, 16, 1, '2023-10-26 00:49:43', '2023-10-26 00:49:43'),
(946, 'SITI MAYSHAROH', 1, 'dovVou4fDETojjTNFz5NUErlru3Nf5VktepuUiVC', 3, 16, 1, '2023-10-26 00:49:43', '2023-10-26 00:49:43'),
(947, 'SITI SOFIYATUL AMALIYAH', 1, '5AMYAlKoDiWGN7XlzDxqiS86nQOvtDYVBdTt2NLS', 3, 16, 1, '2023-10-26 00:49:43', '2023-10-26 00:49:43'),
(948, 'SYARIFAH SAFIINATUL MASRUROH', 1, 'gSytDnEOcdpogB0fQOgLUiAFwsvgEqOPCZivWBmT', 3, 16, 1, '2023-10-26 00:49:43', '2023-10-26 00:49:43'),
(949, 'WAHYU BUDI SANTOSO', 1, 'jGt8IA65dEOOGp3oHThb0vHva4RRjPbwLJIBatSW', 3, 16, 1, '2023-10-26 00:49:43', '2023-10-26 00:49:43'),
(950, 'WIKA MONIKA', 1, 'zF9cZfFqSaLH8EfJNv57qVnsrY4fBTchsT4NDN5U', 3, 16, 1, '2023-10-26 00:49:43', '2023-10-26 00:49:43'),
(951, 'WINDA YULIA SARI', 1, 'o33OwUk67kQUSrXl6Ttipu0O3FGSWM55We6baNuW', 3, 16, 1, '2023-10-26 00:49:43', '2023-10-26 00:49:43'),
(952, 'ADITYA NOVANDYKA PRATAMA', 1, '8KaRcvvSnwbXBBIqfi8PUb3cCD7ROHpiONSgMjsN', 3, 21, 1, '2023-10-26 00:49:48', '2023-10-26 00:49:48'),
(953, 'ANANDA MUHAMMAD HABIBI', 1, '3m7V5PkYeeMbmiFhA7HOMKavQGsaK4l5InlPUWEN', 3, 21, 1, '2023-10-26 00:49:48', '2023-10-26 00:49:48'),
(954, 'ANDRE RAMADANA', 1, 'MMSredgsnjQyYdxAw6A8pUqWqASTs6RWKHLJpzEu', 3, 21, 1, '2023-10-26 00:49:48', '2023-10-26 00:49:48'),
(955, 'APRILIA NOVITA SARI', 1, 'OeUkBKWJP78WHGHSK1y1PwsJ2IXUEc8LS7N2KRQd', 3, 21, 1, '2023-10-26 00:49:48', '2023-10-26 00:49:48'),
(956, 'DEVI ANGGRAENI', 1, '1aOdVPVdLZ7trCom4KgTRdktUa1LKQ8goTF1kjmi', 3, 21, 1, '2023-10-26 00:49:48', '2023-10-26 00:49:48'),
(957, 'EGA SAPTA ARDIANSYAH', 1, 'gStEhkSxHdXsPaPUNbT0V9NzkxSWEI0IrQLOz6FO', 3, 21, 1, '2023-10-26 00:49:48', '2023-10-26 00:49:48'),
(958, 'FADIRA ALYA SYAKHBANA', 1, 'vfvmxOIjfwNouTP8aHkaxheq1AR6uGYPjEbvmCsB', 3, 21, 1, '2023-10-26 00:49:48', '2023-10-26 00:49:48'),
(959, 'FATIMAH SYAHAR BHANU', 1, 'BSESkP4RcBYjvtHrYuJv7lfGuhwBmaclNRs2wV5T', 3, 21, 1, '2023-10-26 00:49:48', '2023-10-26 00:49:48'),
(960, 'FERA AGUSTIN', 1, 'jVUhOFAgakgVFUNnyOanKXVGofEaMQD7yF90xY7R', 3, 21, 1, '2023-10-26 00:49:48', '2023-10-26 00:49:48'),
(961, 'FIRDAUS', 1, 'B3CFj4S9k9Ax9wMf8k7q7s8KPZEvs0bn9lrsVaEZ', 3, 21, 1, '2023-10-26 00:49:48', '2023-10-26 00:49:48'),
(962, 'HESTIAN NUR AISYAH', 1, '5h0Ub2ZNk0JNyTXbaeBCuGbD3eV3YxqQPYh0AJ61', 3, 21, 1, '2023-10-26 00:49:48', '2023-10-26 00:49:48'),
(963, 'MOCHAMMAD NANDA ADIT WINA PUTRA', 1, 'c65KpvUj9JtwZWvWPvXXRGG4BoLNoY4v4fjyClOg', 3, 21, 1, '2023-10-26 00:49:48', '2023-10-26 00:49:48'),
(964, 'MOHAMMAD IMRON', 1, 'YfrKWWrIOQA8carBxAExEYXyDPEoUMZHrA4Ra6Jj', 3, 21, 1, '2023-10-26 00:49:48', '2023-10-26 00:49:48'),
(965, 'MUHAMAD FAIZ', 1, 'vEfCfqdVWtnnJiUN7SQAMY8anEXCg6avvaet6bY7', 3, 21, 1, '2023-10-26 00:49:48', '2023-10-26 00:49:48'),
(966, 'MUHAMMAD ALVIN', 1, '6SPjOIQVWmd99HXUP4vPlYdmW1XpysIhF5fGaccy', 3, 21, 1, '2023-10-26 00:49:48', '2023-10-26 00:49:48'),
(967, 'MUHAMMAD ANDREYANTO', 1, 'XLEvA7UUYhjAQu10fYp9p54xXPg1TVKJpdZ4yDw3', 3, 21, 1, '2023-10-26 00:49:48', '2023-10-26 00:49:48'),
(968, 'PUTU DIMAS FEBRIAN', 1, 'Wamk29Y1X6euQTM43CGGFIZzITQ4ZK1LTRxgeQBG', 3, 21, 1, '2023-10-26 00:49:48', '2023-10-26 00:49:48'),
(969, 'RENI ALFIAH', 1, 'MfqZJNF7A8RhnrOGbZXu2xFT2LuoJ3K0mruENRId', 3, 21, 1, '2023-10-26 00:49:48', '2023-10-26 00:49:48'),
(970, 'RIFAN SAUQI', 1, 'FLo14vunIM01HLIGVhRPlmP9SHApnuRRLwNUaQZP', 3, 21, 1, '2023-10-26 00:49:48', '2023-10-26 00:49:48'),
(971, 'SITI NUR AZIZAH', 1, 'lN06PkcE7JCNjIYZOrX6HqFtI5fBkyTnOMaZtIYk', 3, 21, 1, '2023-10-26 00:49:48', '2023-10-26 00:49:48'),
(972, 'SULTAN MUHAMMAD FAIZAL ZIAT BAHAMALAH', 1, 'I5aP1JaKdvN9zpURz7okGBHbQAx2IrIazaOqUiD7', 3, 21, 1, '2023-10-26 00:49:48', '2023-10-26 00:49:48'),
(973, 'ABDUL HARIS ARDIANSYAH', 1, 'sET0udNrUreQsy1TnkBg6Q8lzoAcJqEoyamrsMHZ', 3, 22, 1, '2023-10-26 00:49:51', '2023-10-26 00:49:51'),
(974, 'ADINDA NURDIANA', 1, 'uXxoKbJvKULTR9lqnGn8JlG5kV0oyOBK30tF2inP', 3, 22, 1, '2023-10-26 00:49:51', '2023-10-26 00:49:51'),
(975, 'ADITYA BANTARA PUTRA', 1, '1tOtzOspYgNFuipdfr8lz1PChT5enVgc1NEejmfK', 3, 22, 1, '2023-10-26 00:49:51', '2023-10-26 00:49:51'),
(976, 'BENARDIO DWI SAPUTRA', 1, 'CkufTdtc50EzWE7K5V80mIWo75b2rOGXad5NnY6W', 3, 22, 1, '2023-10-26 00:49:51', '2023-10-26 00:49:51'),
(977, 'CITRA INDRIANINGSIH', 1, '11dD1XS74Uwsa2OC4FF1GuEE8gkb8qksHaS07m2y', 3, 22, 1, '2023-10-26 00:49:51', '2023-10-26 00:49:51'),
(978, 'DIDIT DIANTORO', 1, 'hi5rfmi3BiOIQHHk40jHb1Qcysjw6cRVYPJOJodz', 3, 22, 1, '2023-10-26 00:49:51', '2023-10-26 00:49:51'),
(979, 'DWI INDAH SEPTIYANA', 1, 'w3FCXf0g8nkm45giIeeRLnNy5ccfzAk1C2DiNKVZ', 3, 22, 1, '2023-10-26 00:49:51', '2023-10-26 00:49:51'),
(980, 'EKA KURNIAWAN ATMAJA', 1, 'nzQOrYSDsIqWbjOYwM3ESwaFlBhbDbHWxf8FQy5Y', 3, 22, 1, '2023-10-26 00:49:51', '2023-10-26 00:49:51'),
(981, 'ERIS WARDHANI', 1, 'WD8hoJoJrgelX7SjhELxhP4U21Db69FakFyRlUGZ', 3, 22, 1, '2023-10-26 00:49:51', '2023-10-26 00:49:51'),
(982, 'FALAH', 1, 'TDawTxp3XfKUdvsWODnaTsQ9SHdGPEFmqVgpdEFY', 3, 22, 1, '2023-10-26 00:49:51', '2023-10-26 00:49:51'),
(983, 'HENDRIK ABILATURRAHMAN', 1, '59aO8YtSz01kqPzI8BaaeBuQnzJsWtmXbw0TEdCy', 3, 22, 1, '2023-10-26 00:49:51', '2023-10-26 00:49:51'),
(984, 'MUHAMMAD FAIZAL', 1, 'v4xHy1phkMVQKEpEtIQLku54QpEIo1EdBUbDEjB3', 3, 22, 1, '2023-10-26 00:49:51', '2023-10-26 00:49:51'),
(985, 'MUHAMMAD IMAM WAHYUDI', 1, 'DCAXA6fuS0B4RRGgeupqM35AImi9jCQ3F2r1PtM6', 3, 22, 1, '2023-10-26 00:49:51', '2023-10-26 00:49:51'),
(986, 'MUHAMMAD JUNAEDI', 1, 'TwrR8B57e52zWoP5uC2RcII5KupCNHwDeoxPP5h6', 3, 22, 1, '2023-10-26 00:49:51', '2023-10-26 00:49:51'),
(987, 'MUHAMMAD SAMSUL ARIFIN', 1, '3VCLtWmsKpOmrJyzjhhC3Kagkv4sxcfnYVGDg5C1', 3, 22, 1, '2023-10-26 00:49:51', '2023-10-26 00:49:51'),
(988, 'MUHAMMAD SANDI PORWANTO', 1, 'LduyFJiRCuQjssdI5OWFUcz8KCgF5jqzjmiE6YW5', 3, 22, 1, '2023-10-26 00:49:51', '2023-10-26 00:49:51'),
(989, 'NAYLA FAKHIRA SETYAWAN', 1, 'asTs99WVshZUDihOmeYchrkU4BzFtJOXMOSfF6sO', 3, 22, 1, '2023-10-26 00:49:51', '2023-10-26 00:49:51'),
(990, 'NURIL AZIZAH', 1, 'Ur3amHfuSN2kjDRyZBQ8O5qjIXSSSNNSdqcNSRG4', 3, 22, 1, '2023-10-26 00:49:51', '2023-10-26 00:49:51'),
(991, 'RAHMAN KHOIR PUJANARKO', 1, 'OvU2gf5hjl1qWknb4jXCEkBzmGP9qQriYuczkHkY', 3, 22, 1, '2023-10-26 00:49:51', '2023-10-26 00:49:51'),
(992, 'REZA AGNES MONIKA OKTAFIA RAMADHAN', 1, 'Ml8mfps7FJcgKwYkXVSCBHtCAEiggHg1GXtl1xfz', 3, 22, 1, '2023-10-26 00:49:51', '2023-10-26 00:49:51'),
(993, 'TIARA MAYANG SALSABILA', 1, 'pyKIze5Y2XwjWhisdl2FZWsyNRn4fn1HGMBMGvcY', 3, 22, 1, '2023-10-26 00:49:51', '2023-10-26 00:49:51'),
(994, 'ACHMAD NOVAL FIRDAUS', 1, '7zsvcIfwai7XILEzdo8gs0aT4Z6n2doOiFpPB3Co', 3, 23, 1, '2023-10-26 00:49:57', '2023-10-26 00:49:57'),
(995, 'ADJI WIJAYANTO', 1, 'brHkjjCU8lZ347ugv17npKi1zdPFGkaQd5yO9ERb', 3, 23, 1, '2023-10-26 00:49:57', '2023-10-26 00:49:57'),
(996, 'AHMAD DWI ZAMRONI', 1, 'eXIfSAXDShGC0t9vFqU0Ge0ZP1fvOhxWtpFkHNBV', 3, 23, 1, '2023-10-26 00:49:57', '2023-10-26 00:49:57'),
(997, 'AMIR DWI ANGGORO', 1, 'D3rtxAASudriOuT0pNTQOrxGa67LL6lbxJ3022na', 3, 23, 1, '2023-10-26 00:49:57', '2023-10-26 00:49:57'),
(998, 'CHELCEA KAMAL', 1, '1TuQR5EL5LdBxQ8ILLuaDO2sfARq4ax74yfvPhCe', 3, 23, 1, '2023-10-26 00:49:57', '2023-10-26 00:49:57'),
(999, 'DERI ALMAHFUT', 1, '6tVHUprb9TiKL91ikNWVF5MK6lsYLbC09tQDU0Z0', 3, 23, 1, '2023-10-26 00:49:57', '2023-10-26 00:49:57'),
(1000, 'ELVIA AYU ANADEA', 1, 'iLEoMOyPJyu7nEhRat8SDvgz6sYx3UvV8jr2JIts', 3, 23, 1, '2023-10-26 00:49:57', '2023-10-26 00:49:57'),
(1001, 'FAREL PRATAMA ISMA', 1, 'ErQlLBUQk40sTp62mq2pGRzHHeXft27WpSvE3g39', 3, 23, 1, '2023-10-26 00:49:57', '2023-10-26 00:49:57'),
(1002, 'FERNANDO HOGI HARTONO', 1, '6jDQ8RmXVuQsifcwcTtVXSQP5l7vKe4IGKTMDlxU', 3, 23, 1, '2023-10-26 00:49:57', '2023-10-26 00:49:57'),
(1003, 'HILMAN FAUZI', 1, '106QG36yefUcDZKwACQqIXEPVs5XNUMnXCFRiG4l', 3, 23, 1, '2023-10-26 00:49:57', '2023-10-26 00:49:57'),
(1004, 'INDANA LIDIA NAZULFA', 1, 'jf0yHBSw3gPPi1v1BQquUarNOWHSCOLz9CHqIjLw', 3, 23, 1, '2023-10-26 00:49:57', '2023-10-26 00:49:57'),
(1005, 'KARIMAH ALHAURA', 1, 'SZRdoD2XIa4dxmJ9QV6UAlZkGqUrsH74LODjVnhX', 3, 23, 1, '2023-10-26 00:49:57', '2023-10-26 00:49:57'),
(1006, 'LAILATUL FITRIAH', 1, '9aFFhJRPYZ9SFl9Qz9peWFRxhj5UmWP7bIyOU8XP', 3, 23, 1, '2023-10-26 00:49:57', '2023-10-26 00:49:57'),
(1007, 'MOCHAMMAD CANDRA SYAHPUTRA', 1, 'z4iqKiQQ08UFUUeynfLqJCXFLbxJdcWCQUK3UlVZ', 3, 23, 1, '2023-10-26 00:49:57', '2023-10-26 00:49:57'),
(1008, 'MOCHAMMAD NURFAIZAL NOVIMWIYONO', 1, 'ulKIbVTAldcjr2LIoq5D1YIHjknBn42UivPqDaPh', 3, 23, 1, '2023-10-26 00:49:57', '2023-10-26 00:49:57'),
(1009, 'MUHAMMAD BAGUS IRFAN WAHYUDI', 1, '3kMkAwD676w8kfrRyxtrnZ8CKEYjh24ywJfntuFd', 3, 23, 1, '2023-10-26 00:49:57', '2023-10-26 00:49:57'),
(1010, 'MUHAMMAD FARHAN NURILLAH', 1, '4FHEkoWUPFHBT1R0fABAtSFtbC8LlLmokaQLuRt0', 3, 23, 1, '2023-10-26 00:49:57', '2023-10-26 00:49:57'),
(1011, 'MUHAMMAD FAWAID', 1, '55bK9fiTT4CqEtWb7t1NVddyAiBGF1g0oE1bUuNV', 3, 23, 1, '2023-10-26 00:49:57', '2023-10-26 00:49:57'),
(1012, 'MUHAMMAD ILHAM IRFANI', 1, 'W5RDFhwS8VEYVwk0TqNCPhvdq8wTGhi9agQ2c3rM', 3, 23, 1, '2023-10-26 00:49:57', '2023-10-26 00:49:57'),
(1013, 'MUHAMMAD LUTFI ANDIKA', 1, 'K2Ri0Lr4ffDRyQQ1EJRIK3Wk2v8gtuOpDJjVQ02Z', 3, 23, 1, '2023-10-26 00:49:57', '2023-10-26 00:49:57'),
(1014, 'MUHAMMAD NAFIS RABBANI', 1, 'wR7KvXa3WuF1EtNlhazjBq1hAnCugm38fvhxkvH3', 3, 23, 1, '2023-10-26 00:49:57', '2023-10-26 00:49:57'),
(1015, 'MUHAMMAD RASSYA BRILIANTARA', 1, 'cotXUKlLb0YbqbAUNbs00NovdmW9JLou1UQUTwrn', 3, 23, 1, '2023-10-26 00:49:57', '2023-10-26 00:49:57'),
(1016, 'MUHAMMAD RAYHAN AL FIRDAUS', 1, 'W4NVbez1a3iRXWEPLw3C0IBuGBlzWY1WQCwxsIbH', 3, 23, 1, '2023-10-26 00:49:57', '2023-10-26 00:49:57'),
(1017, 'MUHAMMAD YUSUF CAHYA ADHY NUGROHO', 1, 'OczXxEmB9TkLzVGNTukiGF1WWxTHIq8mlt98g95Q', 3, 23, 1, '2023-10-26 00:49:57', '2023-10-26 00:49:57'),
(1018, 'MUHAMMAD ZAKY PUTRA NAZRIELIO', 1, 'TlJAQ6m14COTpNyZKwACc2wqbzQ2kk9cfYqdy6m6', 3, 23, 1, '2023-10-26 00:49:57', '2023-10-26 00:49:57'),
(1019, 'NADIA OKVINDA ALVIONITA', 1, 'X8on41ug27ZYhTr2MPDb4fOgLviBUztMe2ugwEzW', 3, 23, 1, '2023-10-26 00:49:57', '2023-10-26 00:49:57'),
(1020, 'PRAYUDHA PUTRA ARIFIN', 1, 'oYYpufssKgTAVVh4kmG8oTSj9DABffkYAxmtkuuG', 3, 23, 1, '2023-10-26 00:49:57', '2023-10-26 00:49:57'),
(1021, 'PUTRI AYU', 1, 'dtn51BnuOlSRMCFZsCk6pLF3CPYHSwqXA7w9BiHa', 3, 23, 1, '2023-10-26 00:49:57', '2023-10-26 00:49:57'),
(1022, 'RANI OBEYDIAN ZAHRO', 1, 'RoaEbb9Z5AQx0TQ9a3CfhwgFGT6zBNl8GEYaQjZ4', 3, 23, 1, '2023-10-26 00:49:57', '2023-10-26 00:49:57'),
(1023, 'SYUKRON TRI MARTINO', 1, 'nK8RtSsTFZBpBKZkuTI9L5jX1FxiuqQCzbJYnFZh', 3, 23, 1, '2023-10-26 00:49:57', '2023-10-26 00:49:57'),
(1024, 'WIDHO AINUN RIAQI', 1, '8QAZaktjLmyb8p5Ra6LacQkldsa6Kfda0bAFr5fI', 3, 23, 1, '2023-10-26 00:49:57', '2023-10-26 00:49:57'),
(1025, 'WINDITA NUR AMALIA', 1, 'XFfQYoQUqxP6Zv0k9TUrF3s4phDFwikycKCnWvdr', 3, 23, 1, '2023-10-26 00:49:57', '2023-10-26 00:49:57'),
(1026, 'AANG DIMAS FINADEANG', 1, 'cN049Q3UdGum9bjB0HyXx2nn3hEGY2T1LjxY9Ct8', 3, 24, 1, '2023-10-26 00:50:02', '2023-10-26 00:50:02'),
(1027, 'ADRIAN RIZALDI KURNIAWAN', 1, '1ghBp2J7yNc8Q4ziETpXwgKmjpFsjQPktc9eKYZm', 3, 24, 1, '2023-10-26 00:50:02', '2023-10-26 00:50:02'),
(1028, 'AINUR ROHMAN PANCA PRADANA', 1, 'JgUPL2Uq6mJOAi4QkO8YStkwcdBaQZvB6CXnOv2h', 3, 24, 1, '2023-10-26 00:50:02', '2023-10-26 00:50:02'),
(1029, 'ARIEN SEPHAN SYAH', 1, '2pOqZAluV57Wwgrl3KbaAGrsNQ4CKyOC7HnfJ5yT', 3, 24, 1, '2023-10-26 00:50:02', '2023-10-26 00:50:02'),
(1030, 'BAGOES SISWOYO', 1, 'EDmWUTGwt77EQBywkVZNnudVhbIHztzVQ4PdiBUt', 3, 24, 1, '2023-10-26 00:50:02', '2023-10-26 00:50:02'),
(1031, 'BEATRICE FOURENDITHA LEONY NATHANIA', 1, '0HX5jdebkSD5DXnBB0NS3mAj0BkSx6JFXkv65dyQ', 3, 24, 1, '2023-10-26 00:50:02', '2023-10-26 00:50:02'),
(1032, 'DESTYO DWI RAHMAWAN', 1, 'GyRZP8HGWQWX28nvcaOahS1KVvlnwcyD1BG9AApr', 3, 24, 1, '2023-10-26 00:50:02', '2023-10-26 00:50:02'),
(1033, 'DIMAZ HASYIM HIDAYAT', 1, '1g1rJsoSqrvFsj02Psgi4yT2mEszABI5Q7AtyLRC', 3, 24, 1, '2023-10-26 00:50:02', '2023-10-26 00:50:02'),
(1034, 'DIRMA BERLIAN FANCISCA', 1, '5mwAtMTMux6oDhDOjRHsQGGLCAOakd3johL9xBTo', 3, 24, 1, '2023-10-26 00:50:02', '2023-10-26 00:50:02'),
(1035, 'FADIL AGUSTIO FIRMANSYAH', 1, 'SHfIcGgUJrgDUVhLUMUAVK38QhTznOIGhDGeeSyZ', 3, 24, 1, '2023-10-26 00:50:02', '2023-10-26 00:50:02'),
(1036, 'IZZATUL FADILAH', 1, 'yZ0WF6oW0rI3jlnvuWtrKp5HYyO6n13AMQQagalz', 3, 24, 1, '2023-10-26 00:50:02', '2023-10-26 00:50:02'),
(1037, 'JASMINE KHAIRUNNISA', 1, 'gY3ipVtyGsfLd5zfYA4V6TdATn3gJQhRgKEUVxZV', 3, 24, 1, '2023-10-26 00:50:02', '2023-10-26 00:50:02'),
(1038, 'JOVIAN TURKY IRFANDI', 1, 'sLzzUx5MuuT9Agt4ngVgY6Yes1nqKZKML3YYxEQa', 3, 24, 1, '2023-10-26 00:50:02', '2023-10-26 00:50:02'),
(1039, 'JULFANA ERZA DWI PRATIWI', 1, 'Ihc0WgH4E6XeJv7OVGoLguVGztCn4uTLOjmlGqJ3', 3, 24, 1, '2023-10-26 00:50:02', '2023-10-26 00:50:02'),
(1040, 'MOHAMMAD FAIZAL KHOFILI', 1, '8Bx3w9AX7YJEoY8RvcJtosnHrtJKZeFg84tsrCkX', 3, 24, 1, '2023-10-26 00:50:02', '2023-10-26 00:50:02'),
(1041, 'MOHAMMAD MAULANA FIRMANSYAH', 1, 'VPyjYLvtjSixX2mmTU5g1x1qutkAxSmpYCmps5CT', 3, 24, 1, '2023-10-26 00:50:02', '2023-10-26 00:50:02'),
(1042, 'MUHAMMAD ABDUL AFIF', 1, 'jjvcSQohoRslVFZ0SuLbN0kIt2fuDRlWrn2qTtA1', 3, 24, 1, '2023-10-26 00:50:02', '2023-10-26 00:50:02'),
(1043, 'MUHAMMAD ARIEF FIRMANSYAH', 1, 'rKPa4y4l2lDz6WTWgdwUBD2UxttgFKnfgyumcBSX', 3, 24, 1, '2023-10-26 00:50:02', '2023-10-26 00:50:02'),
(1044, 'MUHAMMAD HARIS UMAMI', 1, '3yuTzLq6o3D2H0K0rnc9bt8IHVDOrQhNNj05YtEg', 3, 24, 1, '2023-10-26 00:50:02', '2023-10-26 00:50:02'),
(1045, 'MUHAMMAD IRSYAD RABBANI', 1, 'cAtAurcKAirMhhtGA1hS9qAaKNBWRNrUNOQPQAuY', 3, 24, 1, '2023-10-26 00:50:02', '2023-10-26 00:50:02'),
(1046, 'MUHAMMAD SHOBRI', 1, '1XIAR67iMv0RWbdU8wLgQ4yFt7zc0jhIRsa10moY', 3, 24, 1, '2023-10-26 00:50:02', '2023-10-26 00:50:02'),
(1047, 'MUHAMMAD SUKRON MAULIDI', 1, 'HmbOuwQNRGeKeWUmyvabr8CXJzFp8pzPWBiKPSsb', 3, 24, 1, '2023-10-26 00:50:02', '2023-10-26 00:50:02'),
(1048, 'MUHAMMAD YUDA YANTO', 1, 'Nszy3gWxmVsxBtIQQtKIfZwpk30Pi4M1ayOeIag6', 3, 24, 1, '2023-10-26 00:50:02', '2023-10-26 00:50:02'),
(1049, 'MUHAMMAD ZAEINUL HAQQI', 1, 'VbCwRNJqORZJ43a0W0kwnOFKKgpdnHmZR0m3mF5r', 3, 24, 1, '2023-10-26 00:50:02', '2023-10-26 00:50:02'),
(1050, 'PUTRA GUNAWAN', 1, 'wV12r26FjtoX7gaN5bKx4NwVg621xOWMJudn9EJY', 3, 24, 1, '2023-10-26 00:50:02', '2023-10-26 00:50:02'),
(1051, 'RAGIL SAIFUR ROSIQIN', 1, 'ZNK2FJhbVYtwwBUV7qjaEolBclab2Vt1OEFyEdv8', 3, 24, 1, '2023-10-26 00:50:02', '2023-10-26 00:50:02'),
(1052, 'SISWO PUTRA ARIK PRATAMA', 1, 'cewrrMU6cBJEtebDtzTLhEEuQcCJaCwnAIu66RCU', 3, 24, 1, '2023-10-26 00:50:02', '2023-10-26 00:50:02'),
(1053, 'VIONITA SALSABILA INDIRA PUTRI', 1, 'sVVBi5Dmk25NJWqxl3dLcAjzQEhn7abOLKB6RCRa', 3, 24, 1, '2023-10-26 00:50:02', '2023-10-26 00:50:02'),
(1054, 'ZHARA KHALIMATUS SAKDIYAH', 1, 'vUkPDPsYLyZhQMYYUQnHELaRL1IwDM8Ji2qBtoyD', 3, 24, 1, '2023-10-26 00:50:02', '2023-10-26 00:50:02'),
(1055, 'AHMAD SUBASTIAR IVANDY', 1, 'fWbNWGvzDJty73aa3dT1k5cAObEYxlJxYIvbSBWl', 3, 19, 1, '2023-10-26 00:50:16', '2023-10-26 00:50:16'),
(1056, 'AINI NOR AFRIYANTI', 1, 'GJvWtXFA7u4PCgGGw7JSP5SyJMIagRaQ4MUHjT3f', 3, 19, 1, '2023-10-26 00:50:16', '2023-10-26 00:50:16'),
(1057, 'AURA YOGI OKTAVIANTI', 1, 'liFEZB487jMCZ32cGsNkEoxjo7NJp5WclbBcL3sQ', 3, 19, 1, '2023-10-26 00:50:16', '2023-10-26 00:50:16'),
(1058, 'CAMILIA FAUZIYAH', 1, '0u3DhS4tGyCAjR5r6YDrkej2w21ebtNP2Rio0cIM', 3, 19, 1, '2023-10-26 00:50:16', '2023-10-26 00:50:16'),
(1059, 'CINDY DWI RAMADHONA', 1, '1qteXSvr7lpkOK3XHPy5ni9xQIPTLIOHybx8ExJN', 3, 19, 1, '2023-10-26 00:50:16', '2023-10-26 00:50:16'),
(1060, 'DELLA NATALIA MARGARETA', 1, 'mHN1OqS2wwBcuc2iVnqAzabILHJeBCoKI4Grpek9', 3, 19, 1, '2023-10-26 00:50:16', '2023-10-26 00:50:16'),
(1061, 'DWI AYU KURNIAWAN', 1, 'NTKQYSGWpjJH8H8bnpT7pxvhki8hkQnqF3mIwwXo', 3, 19, 1, '2023-10-26 00:50:16', '2023-10-26 00:50:16'),
(1062, 'DWI SAPTA HARNAWI', 1, 'hdwt5II5SuJwv9b5R9TxshhhW6I7jbCgkTNS5mIK', 3, 19, 1, '2023-10-26 00:50:16', '2023-10-26 00:50:16'),
(1063, 'EMILIA INSAN KAMILAH', 1, 'pUVVoZZdy3quNoD1264fK3zPyZX8tz8tzGUwqySq', 3, 19, 1, '2023-10-26 00:50:16', '2023-10-26 00:50:16'),
(1064, 'FITRI ANDRIYANI', 1, 'TAWEr7oCXi2zB7hQwUAO5g3ZTwJvULZSTD6VG0Eb', 3, 19, 1, '2023-10-26 00:50:16', '2023-10-26 00:50:16'),
(1065, 'GRISNAYA AULIA HERIANTO', 1, 'NUPHr0ixUenTpM1ZGY4m6WCnkIp8rYDsEa9QedDc', 3, 19, 1, '2023-10-26 00:50:16', '2023-10-26 00:50:16'),
(1066, 'ICHA AYUDYA FEBIANTI', 1, 'OFfsLymY6AvoYX7jT02Bnh9v7Rkkk2lUxCEyBfBR', 3, 19, 1, '2023-10-26 00:50:16', '2023-10-26 00:50:16'),
(1067, 'LAILY AZZAHRO SUPRAPTI', 1, 'Zv8uTRfmHiM48jdvxP7R5BxlnQlJCcAtv3wJbmTy', 3, 19, 1, '2023-10-26 00:50:16', '2023-10-26 00:50:16'),
(1068, 'MASYARUH HUSNOL KHOTIMAH', 1, 'OrpozY55azirYHSWx7AMegEd7LdqyJwR2gU8jnr7', 3, 19, 1, '2023-10-26 00:50:16', '2023-10-26 00:50:16'),
(1069, 'MUHAMMAD AFIFANDI FIRMANSYAH', 1, 'HiJYN6hMRqWDlDeajs1f99Uj2fRARyOHI8NWjjuo', 3, 19, 1, '2023-10-26 00:50:16', '2023-10-26 00:50:16'),
(1070, 'NAVIZAH ADILA AYU', 1, 'mRnRvUHMoi6JWATecJy2AYPI2O4AqukCUV0xm9oe', 3, 19, 1, '2023-10-26 00:50:16', '2023-10-26 00:50:16'),
(1071, 'PUTRI LEGINA NABILA SUHEIMY', 1, 'cZ3nRlX75ntCWH0Wm6yyOk7RmknHNdkJh9KsDKTV', 3, 19, 1, '2023-10-26 00:50:16', '2023-10-26 00:50:16'),
(1072, 'RENITA WAHYUNI PUTRI', 1, '4sGbve1oYEandocnOhMGS3tB0ZsFLitpkIlCcyye', 3, 19, 1, '2023-10-26 00:50:16', '2023-10-26 00:50:16'),
(1073, 'REVALIA PUTRI AGUSTINA', 1, 'BbG1dFKO5C7ChKrsIRApBvF288r0Ee6TFGsRcjiB', 3, 19, 1, '2023-10-26 00:50:16', '2023-10-26 00:50:16'),
(1074, 'SIFANIA SEPTIARINI', 1, '6GmAiAW8HwDVhOfOXA4SaFTxnWQ1RkCYiG6gU48A', 3, 19, 1, '2023-10-26 00:50:16', '2023-10-26 00:50:16'),
(1075, 'SULISTIANA NINGSIH', 1, 'bcTQPWozljhbJiWluMztlKcaybpzLQg5GIKdhmT5', 3, 19, 1, '2023-10-26 00:50:16', '2023-10-26 00:50:16'),
(1076, 'VALENTINO CHRISTIAN GUNAWAN', 1, 'biJEYauIWMWdJFzNoAyzyfFb2NKqPaywNnjxazJy', 3, 19, 1, '2023-10-26 00:50:16', '2023-10-26 00:50:16'),
(1077, 'ZALVA ZAHRIYA CHANIVA', 1, 'mft2pAHSROZp8A6pZRC4xgiW2PUK88TB1TrKiYEE', 3, 19, 1, '2023-10-26 00:50:16', '2023-10-26 00:50:16'),
(1078, 'AFNUR NADILA', 1, '3dK9em70qLqqr2xOCHRztjBWjeDp1HPZ9qXQFlmi', 3, 20, 1, '2023-10-26 00:50:20', '2023-10-26 00:50:20'),
(1079, 'AMALIYA NUR SALSABILLAH', 1, '9MEl7DYncZBYzZPC6j1Hof062k9yCRWDLaYUNJeA', 3, 20, 1, '2023-10-26 00:50:20', '2023-10-26 00:50:20'),
(1080, 'ANGGA FIRNANDO', 1, 'jdzBPeT5RMTNVda0ofR4zqmXuzWV5T8yHFI8Qw7J', 3, 20, 1, '2023-10-26 00:50:20', '2023-10-26 00:50:20'),
(1081, 'AVI DATUL HOIROH', 1, '4sy1OjJJdRfYUe6IDjHv43aUNEPsDHwp3KTkxVhA', 3, 20, 1, '2023-10-26 00:50:20', '2023-10-26 00:50:20'),
(1082, 'CHELSEA MARGARETHA OLIVIA WULANDARI', 1, 'KdU4QQ8ynVGmxmDqi03bQol4RQWxTGsui8UXDFpA', 3, 20, 1, '2023-10-26 00:50:20', '2023-10-26 00:50:20'),
(1083, 'DEA PUTRI AUREZATUL MAQFIROTH', 1, 'fDkHuQNszQM62eVf7lcZ0c50RvMdRnhGRB12Vfia', 3, 20, 1, '2023-10-26 00:50:20', '2023-10-26 00:50:20'),
(1084, 'DINI AULIA BAHRI', 1, 'nDiMGfcfuz6aY3WKrJiW36DiJIEVsOnCDMS6ycAN', 3, 20, 1, '2023-10-26 00:50:20', '2023-10-26 00:50:20'),
(1085, 'DWI PUTRI INDAH WAHYUNI', 1, '4Rtzes1apA1yfjzeNl7GKVQORMwLHxrLt6qp54LZ', 3, 20, 1, '2023-10-26 00:50:20', '2023-10-26 00:50:20'),
(1086, 'FIRDA SEPTIAWATI', 1, 'eAwUlTNBU5soYULdsBDSTE1F7C7wvG5jqhFq6oBu', 3, 20, 1, '2023-10-26 00:50:20', '2023-10-26 00:50:20'),
(1087, 'FITRIYAH SHAFARINA EKA PUTRI', 1, 'w4gPRNz3f5Z9ZHmc85Vr33A3KbNHuAVj808ZhpM2', 3, 20, 1, '2023-10-26 00:50:20', '2023-10-26 00:50:20'),
(1088, 'HILMIYANTI', 1, 'YZgbUuvpJnf9HldKFP6sKPbdQq6kKvPcSSKQzCPw', 3, 20, 1, '2023-10-26 00:50:20', '2023-10-26 00:50:20'),
(1089, 'KARINATUD DINIAH', 1, 'qCgcDfKwTIMjgc1oETjU0rXZOjhd53c9HvvdN4lo', 3, 20, 1, '2023-10-26 00:50:20', '2023-10-26 00:50:20'),
(1090, 'LATIFAH', 1, 'FjMcvVzXhaHqr4PERXm6Y2vQLBYKvFl4oUZJ9CPA', 3, 20, 1, '2023-10-26 00:50:20', '2023-10-26 00:50:20'),
(1091, 'MERY MAHARANI AGUSTIN', 1, 'JByXlzGtFv3q6HjPKWdG9uQy5bT6Pu1BCNnaqGhS', 3, 20, 1, '2023-10-26 00:50:20', '2023-10-26 00:50:20'),
(1092, 'MOHAMMAD PURWADIANSYAH', 1, 'DAFboomm34pHRNborduw12DJFmQJ4Gabhh70fhMy', 3, 20, 1, '2023-10-26 00:50:20', '2023-10-26 00:50:20'),
(1093, 'PUTRI ASIH', 1, 'X6SETrRU3c9z5xX7Lqwzhnsj7ny3oalyvZKhDKAt', 3, 20, 1, '2023-10-26 00:50:20', '2023-10-26 00:50:20'),
(1094, 'QIQI AMELIA', 1, 'ND72kFKYKEsGyc2TUPbhAEtw3j6UzQNNPeRMsC29', 3, 20, 1, '2023-10-26 00:50:20', '2023-10-26 00:50:20'),
(1095, 'RETA', 1, 'CpDW4OUl45txNpsfLOGvHW9Iq6dHgTi6OFIgKWjv', 3, 20, 1, '2023-10-26 00:50:20', '2023-10-26 00:50:20'),
(1096, 'RIANDINI TRISNAWATY', 1, 'UFaIMJzCRwCvn5uftAdPVDQwp9qCScmWnAx3Mt0i', 3, 20, 1, '2023-10-26 00:50:20', '2023-10-26 00:50:20'),
(1097, 'SHYEROLINE MARIETTA LESMANA', 1, 'l4jt0wCYLjPhirdrcUr2bvXKyIYV6i8PDw91cqnw', 3, 20, 1, '2023-10-26 00:50:20', '2023-10-26 00:50:20'),
(1098, 'SITI NURHALISA', 1, '4785qgaSYLhIQ9rcty54n3DJ9rqRUmUlJQTTyxDe', 3, 20, 1, '2023-10-26 00:50:20', '2023-10-26 00:50:20'),
(1099, 'UNSIATUL MAFRUROH', 1, 'qOmnJ2MQvpMnJ2AmnBz3aAu7sEYk58Gm8pzN6Hcc', 3, 20, 1, '2023-10-26 00:50:20', '2023-10-26 00:50:20'),
(1100, 'ADIB MUHTAR MUSTHOFA', 1, 'xKHNpioGMH3O9JiXVibImAF4VP6hwcXOQ0IjC0HA', 3, 14, 1, '2023-10-26 00:50:27', '2023-10-26 00:50:27'),
(1101, 'AHMAD FAIZ ABDILLAH', 1, 'byH2QqNRCimupFe9m0lw0RKGcpQlNzCovzwkMCtk', 3, 14, 1, '2023-10-26 00:50:27', '2023-10-26 00:50:27'),
(1102, 'ALIF ILYASAH', 1, 'wPAnsyRF88rkg1PhZePlS3ws3ohraLJ48gH4F5md', 3, 14, 1, '2023-10-26 00:50:27', '2023-10-26 00:50:27'),
(1103, 'AQIQOHTUS SILVIA', 1, 'uzMUciFHZRVDxKNEqAUaBbQG6geehOUnLP343nr9', 3, 14, 1, '2023-10-26 00:50:27', '2023-10-26 00:50:27'),
(1104, 'CECILIA JOAN LIMESA', 1, 'tevQjGKpsfb3WabnW5OEGwBOeBjKt3bi7CrRklvD', 3, 14, 1, '2023-10-26 00:50:27', '2023-10-26 00:50:27'),
(1105, 'DONI TRISTANTO', 1, 'hzl0QPpIj5V3UB2akRZXkdnRya6zJJBOEzgvObpX', 3, 14, 1, '2023-10-26 00:50:27', '2023-10-26 00:50:27'),
(1106, 'FERDIANSAH ARISANDI', 1, 'V5LSMABkXvkHDtAGnzxS7h2zuFCnMLx4PisRLNpg', 3, 14, 1, '2023-10-26 00:50:27', '2023-10-26 00:50:27'),
(1107, 'LISAN SHIDQI HERSY KHOLIDI', 1, 'dsGK8KKe6oWrrzxnqW0VkEjAn0m6bGxwgpF9EzdL', 3, 14, 1, '2023-10-26 00:50:27', '2023-10-26 00:50:27'),
(1108, 'MOCHAMMAD HUSNUL FAWAID', 1, 'eh47PXnp16ohWdYtzDRAAlVm9n3EBmKPCkiffsAy', 3, 14, 1, '2023-10-26 00:50:27', '2023-10-26 00:50:27'),
(1109, 'MOHAMMAD RIZQON EL HASANI', 1, 'xMPA4IA2Xb4BUtmO463tbTbLhzLEWjqAkvKahaK5', 3, 14, 1, '2023-10-26 00:50:27', '2023-10-26 00:50:27'),
(1110, 'MOHAMMAD TIRTA DESWANTORO', 1, 'ebi02hT6l67m7Ooh2VPU5t76TTlgBlOPShEaoU92', 3, 14, 1, '2023-10-26 00:50:27', '2023-10-26 00:50:27'),
(1111, 'MUHAMMAD DLIYAUL HAQ', 1, 'leVxZY2SVR0lh7Buy7zDw2aA7hCgU2HobQ5VDlXI', 3, 14, 1, '2023-10-26 00:50:27', '2023-10-26 00:50:27'),
(1112, 'MUHAMMAD IMRON MAULIDIN ', 1, 'UCj8pg1zKEIA3YqR6r7mXctzM5a3gk929LvS4sGK', 3, 14, 1, '2023-10-26 00:50:27', '2023-10-26 00:50:27'),
(1113, 'MUHAMMAD SAIFUL FARI', 1, 'GMccWf1bhnXUpXwX1SoDcXyd9SspbwzWaJVWFEZF', 3, 14, 1, '2023-10-26 00:50:27', '2023-10-26 00:50:27'),
(1114, 'MUHAMMAD ZAINUL HAQ', 1, 'KQO7ZV33RRmmkiuS0bQEUn3BZilJP5BwMAB5Rcmz', 3, 14, 1, '2023-10-26 00:50:27', '2023-10-26 00:50:27'),
(1115, 'NURUL AFIFAH', 1, 'DPJTQourjh8Y7PmuRWRP5tErVLoguOObBC9oNoga', 3, 14, 1, '2023-10-26 00:50:27', '2023-10-26 00:50:27'),
(1116, 'NURUL HIDAYAH', 1, 'PbMKZxgIbFNCbkJKqe4VyyWSr3TZaKZ33f7r6E82', 3, 14, 1, '2023-10-26 00:50:27', '2023-10-26 00:50:27'),
(1117, 'SANDI REZA SAPUTRA', 1, 'RF6U3Xx9ivhYyRnRvZoepELQe1m31ZMPvLVGCAxD', 3, 14, 1, '2023-10-26 00:50:27', '2023-10-26 00:50:27'),
(1118, 'SISKA DEWI KUMALA SARI', 1, 'nOvQIQtMdZTsGl5bF0ypDvNiwA2Ojv05WfEQioZI', 3, 14, 1, '2023-10-26 00:50:27', '2023-10-26 00:50:27'),
(1119, 'SITTI NURHOLISAH', 1, 'C9ugw7u4gU3V645YApK8yDDZ9dWEmbrJ5vRm0Dnp', 3, 14, 1, '2023-10-26 00:50:27', '2023-10-26 00:50:27'),
(1120, 'SONIA ANGGUN SARI', 1, 'joky1mHTiV0UdF96t0o68njnQzIdYlUvRKsWnWAd', 3, 14, 1, '2023-10-26 00:50:27', '2023-10-26 00:50:27'),
(1121, 'USAMAH ROYHAN SHOLAHUDDIN AL AYUBI', 1, 'pjqbzQpzDyfEpRZZTdcCqu2sKDH7vgQ235UeKEjD', 3, 14, 1, '2023-10-26 00:50:27', '2023-10-26 00:50:27'),
(1122, 'VERDIANSYAH YULIAN WAHYU SAPUTRA', 1, 'M1923CVUjfx04GU5YHNn6fFA3efCOh557CAjxb61', 3, 14, 1, '2023-10-26 00:50:27', '2023-10-26 00:50:27'),
(1123, 'ABHISTA FARREL KAROMAH HIBATULLAH', 1, '9WUpFPXRzRV2FVCgHYr1PgCfERF89DKuyEzwVoz0', 3, 12, 1, '2023-10-26 00:50:39', '2023-10-26 00:50:39'),
(1124, 'AHMAD ABDILLAH FAZA', 1, 'tZKgZfTzg2dxBpfWMjzLTNJyvDxeNtWoQEl4cI8x', 3, 12, 1, '2023-10-26 00:50:39', '2023-10-26 00:50:39'),
(1125, 'ALIF ZAKY LUTFIANSYAH', 1, 'KWzmXBIL31M647dhRR9IzEfceompirLoOBwL5VnQ', 3, 12, 1, '2023-10-26 00:50:39', '2023-10-26 00:50:39'),
(1126, 'ARIL BENI SETIAWAN', 1, 'v7lg9u6ca67v5UHYkgHriXr9NYjuYfNlVyKlusbo', 3, 12, 1, '2023-10-26 00:50:39', '2023-10-26 00:50:39'),
(1127, 'CHELO TASNIM HARYONO', 1, 'mUZUrNgjImx31nLXPesMoPo23olthXuhK8QWjZVk', 3, 12, 1, '2023-10-26 00:50:39', '2023-10-26 00:50:39'),
(1128, 'DAVA FARANEZAR', 1, 'uS55LWAO1gIjrEhONaiO8FWO1LGZgut7vY6o845D', 3, 12, 1, '2023-10-26 00:50:39', '2023-10-26 00:50:39'),
(1129, 'DIMAS REGA ADIWIJAYA', 1, 'xu7CXKKDslOxw4dSI9EUipc9OB22oCvuaCqVVA2i', 3, 12, 1, '2023-10-26 00:50:39', '2023-10-26 00:50:39'),
(1130, 'HARIS MOCHAMMAD ISHAK', 1, 'cyZEuoE6u4gd84LaQkojnS8m2XjjJTw4Nm2Zz3EL', 3, 12, 1, '2023-10-26 00:50:39', '2023-10-26 00:50:39'),
(1131, 'LUQMANAYA WAHIDAN SUTANTO', 1, 'a06HKqNA2e5R9FcMz6Jlgp2IW25a5tskosJwHvrn', 3, 12, 1, '2023-10-26 00:50:39', '2023-10-26 00:50:39'),
(1132, 'MOHAMMAD DAVILAH AKBAR', 1, 'NgfujqCCdqndidZZ6AA18gjtrUmBSqlN0oHAQvFB', 3, 12, 1, '2023-10-26 00:50:39', '2023-10-26 00:50:39'),
(1133, 'MOHAMMAD RAYHAN ZHIDAD', 1, 'l699LuEbs2Ip2uVowXWxLQ26kHnqzjWhDC9RGJ2v', 3, 12, 1, '2023-10-26 00:50:39', '2023-10-26 00:50:39'),
(1134, 'MUHAMMAD GUFRON', 1, '8Sk5FcrqvTU7AuUY3InADBYvLJDh2LHx3Ym4MKN2', 3, 12, 1, '2023-10-26 00:50:39', '2023-10-26 00:50:39'),
(1135, 'MUHAMMAD IKROM', 1, 'DMBjwz4f139BReJqkwEBK0A88UqQKpaZJb4AYcdT', 3, 12, 1, '2023-10-26 00:50:39', '2023-10-26 00:50:39'),
(1136, 'MUHAMMAD IRFAN UBAIDILLAH', 1, 'QHA03vwnoi9nfbxhb5H2oqGQPgrSzkD9e36xOyFk', 3, 12, 1, '2023-10-26 00:50:39', '2023-10-26 00:50:39'),
(1137, 'MUHAMMAD MAHRUS', 1, 'Ag1oBL6pF1vz62AxDxf6OAD4Fu8AUpit3dv1vCeP', 3, 12, 1, '2023-10-26 00:50:39', '2023-10-26 00:50:39'),
(1138, 'PUTRA ADITYA PERKASA', 1, 'EmuLTDIm84j6JAgW8GvQlGRYLJBRT6fOllY2GIsI', 3, 12, 1, '2023-10-26 00:50:39', '2023-10-26 00:50:39'),
(1139, 'RADHITIA PRATAMA EFFENDY', 1, 'WYn7Y68WIagKic8f30eFkZXXzKsNLMeFhgoWNY3t', 3, 12, 1, '2023-10-26 00:50:39', '2023-10-26 00:50:39'),
(1140, 'RAYA GHANIYYA YUDA', 1, 'f7mExzeDoRBepQIU0pIMgdGaZ5bsv30GIVt1ax1P', 3, 12, 1, '2023-10-26 00:50:39', '2023-10-26 00:50:39'),
(1141, 'RISKI YANTONO AVIS', 1, 'Vm21i0a19RDmGZZIgl7iDPNknmf233dPyB9zMqQK', 3, 12, 1, '2023-10-26 00:50:39', '2023-10-26 00:50:39');
INSERT INTO `peserta` (`id_peserta`, `nama_peserta`, `tipe`, `qr_code`, `tingkatan`, `id_kelas`, `status`, `created_at`, `updated_at`) VALUES
(1142, 'RIZKY', 1, 'rywiEzjx2CptndzkNs2cwntw6WVJ3eu23rKWIhcD', 3, 12, 1, '2023-10-26 00:50:39', '2023-10-26 00:50:39'),
(1143, 'SITI QOMARIATUL MAULIDIA', 1, 'flrJ2UFdgZVoniRtfXqAB3c5i3FLuuDYQKM7txmk', 3, 12, 1, '2023-10-26 00:50:39', '2023-10-26 00:50:39'),
(1144, 'TABINA FAISA PRIBADI', 1, 'd5VsV5yOHUnobSBy6F96jwuihQdyy5fnIshR3CO6', 3, 12, 1, '2023-10-26 00:50:39', '2023-10-26 00:50:39'),
(1145, 'TEGUH WICHAKSONO', 1, '9LOKm2D43zuc8VCVeVu6iRnQ4sDOOINew0z2D5P2', 3, 12, 1, '2023-10-26 00:50:39', '2023-10-26 00:50:39'),
(1146, 'WILDAN ZAKI AMALI', 1, 'J3eUv1taZwVhCPKdSmb9MQTxnyPbs2qUOuqwoX4C', 3, 12, 1, '2023-10-26 00:50:39', '2023-10-26 00:50:39'),
(1147, 'YUVIAR NUZUL RAMADHANI', 1, 'zv2S0z5CvHtTmUQPqDDEwYz8veXiacpIvAWORmiv', 3, 12, 1, '2023-10-26 00:50:39', '2023-10-26 00:50:39'),
(1148, 'ACHMAD ABDILLAH', 1, 'EpJBONows8vq3XwPJB9fFjyyCTrNa57EamndDghn', 3, 13, 1, '2023-10-26 00:50:48', '2023-10-26 00:50:48'),
(1149, 'AKSIN LABIBUS SAID', 1, '5KNjwwAYdGcjlKcFhXCNfrBsvLsIDMpPdYUWzwpN', 3, 13, 1, '2023-10-26 00:50:48', '2023-10-26 00:50:48'),
(1150, 'ANANTA WIDAYANI', 1, '63vc0BzjhKQ6rpetUVqVMSRDCKJVNL1SzMPcUwog', 3, 13, 1, '2023-10-26 00:50:48', '2023-10-26 00:50:48'),
(1151, 'ARIF HIDAYATULLAH', 1, 'M4J3UzByDzBUnTYgRDgLpcfwbYFwBTc7UBbXGKrO', 3, 13, 1, '2023-10-26 00:50:48', '2023-10-26 00:50:48'),
(1152, 'BIMA SATRIA PERMANA', 1, 'y7iOVV6vM9JD1QJpXqpCBdYBnlqoX6wx9gIUxRYq', 3, 13, 1, '2023-10-26 00:50:48', '2023-10-26 00:50:48'),
(1153, 'DAFANSYAH GILANG RAMADHAN', 1, '7XwTtUaugGGHs1KzKghrMPUlP3bVTZdHiCFA4u57', 3, 13, 1, '2023-10-26 00:50:48', '2023-10-26 00:50:48'),
(1154, 'DIMAS NURYADI SAPUTRA', 1, 'Uu8xqZvcZRHpdENodNBMsDSMG8CM7w2got9iBYVC', 3, 13, 1, '2023-10-26 00:50:48', '2023-10-26 00:50:48'),
(1155, 'GALANG SAMUDRA EFENDI', 1, 'X48roqnkleNjgvtJWEcTJLoxxBnCBGkVccNldcwW', 3, 13, 1, '2023-10-26 00:50:48', '2023-10-26 00:50:48'),
(1156, 'IMAM MUSTAQIM', 1, 'WTNj5Wcm1H3UJofV3G6XNA5neZPTcPF26u5bZsMq', 3, 13, 1, '2023-10-26 00:50:48', '2023-10-26 00:50:48'),
(1157, 'LUQMANUL HAKIM', 1, '2rl6AQsTuXZocqAHQFNpJjnbF79QwjRPlfWULkqW', 3, 13, 1, '2023-10-26 00:50:48', '2023-10-26 00:50:48'),
(1158, 'MOHAMMAD RADIT FIRMANZAH', 1, 'UQQZswxnHN96nuTFmdkw4WEN47mDerbxcAZHU30g', 3, 13, 1, '2023-10-26 00:50:48', '2023-10-26 00:50:48'),
(1159, 'MUHAMMAD BAGAS RANDIYANTO', 1, '59BJ7Lj8TW5xcmaSkpbsrUub5Wzomx0PpM5XbsRe', 3, 13, 1, '2023-10-26 00:50:48', '2023-10-26 00:50:48'),
(1160, 'MUHAMMAD IBNU AQIL', 1, 'pfQO67Zhcrk5FapLGmrGTrV4T0PLO49FppyvYtNo', 3, 13, 1, '2023-10-26 00:50:48', '2023-10-26 00:50:48'),
(1161, 'MUHAMMAD ILMI RIZAL WARDANA SAFARI', 1, 'y1Gyu9WtFMeaD0JY47jaCsVfyZi9qoilKm13ZSOS', 3, 13, 1, '2023-10-26 00:50:48', '2023-10-26 00:50:48'),
(1162, 'MUHAMMAD KABID GHITHRAF', 1, 'n5PMqMXLoGaaugRgcZEIhUbFjjOx2xhGuk3cNLpO', 3, 13, 1, '2023-10-26 00:50:48', '2023-10-26 00:50:48'),
(1163, 'MUHAMMAD ZIDANE PUTRA DESWANTO', 1, '608ItknhvrswF1Uw8OxbrZ13BxXe8wgXOjXXOLE9', 3, 13, 1, '2023-10-26 00:50:48', '2023-10-26 00:50:48'),
(1164, 'RADHIT AUNULLAH ASSAJID', 1, 'HcpYXe5JpgqeuXbd1cKebZrxaglyRhQnhpaHhhf8', 3, 13, 1, '2023-10-26 00:50:48', '2023-10-26 00:50:48'),
(1165, 'RAFI AGUS LAKSONO', 1, 'r49rUVGz8oMLxat2ZVXqHY4G8iQ5ChqQfEpxDZMm', 3, 13, 1, '2023-10-26 00:50:48', '2023-10-26 00:50:48'),
(1166, 'RENO MUJIO RAHMAN', 1, 'wMgkPwIbKic9tctZafkXTYsmFLRrNtm8ksBBthvm', 3, 13, 1, '2023-10-26 00:50:48', '2023-10-26 00:50:48'),
(1167, 'SITI RAUDATUL JANNAH', 1, 'W1taxm7OpMh7pngDzwVp84xLAOFmnebYIQzlMX5Z', 3, 13, 1, '2023-10-26 00:50:48', '2023-10-26 00:50:48'),
(1168, 'SULTAN FACHRI AZIZ', 1, 'NNoi1iPfpfBEnZa3saTuZPz3m7XRhvFmBnMlsyjU', 3, 13, 1, '2023-10-26 00:50:48', '2023-10-26 00:50:48'),
(1169, 'WILDAN AL AZIZ', 1, 'eGcYO0hyS8TO02bFyeabp9palsWaHidwykOc91U2', 3, 13, 1, '2023-10-26 00:50:48', '2023-10-26 00:50:48'),
(1170, 'YOANRE LOUIS ALPHANABIUS HAZIRAN PERMADI', 1, 'wQwrsbOcr8hvdJViUsIKks9DEETimPeu0eE4xaGA', 3, 13, 1, '2023-10-26 00:50:48', '2023-10-26 00:50:48'),
(1171, 'ZASKIA AFRINA KHALIQ', 1, 'YCpktVdJz2QFtHH1xGKW5tpUarmkygFYARrkNL23', 3, 13, 1, '2023-10-26 00:50:48', '2023-10-26 00:50:48'),
(1172, 'ADIMAS KURNIA CANDRA SAPUTRA', 1, 'Uv6mgqo7NXHa7uwEtCyn09iJiYJrSIAAH01Cwi5v', 3, 8, 1, '2023-10-26 00:52:27', '2023-10-26 00:52:27'),
(1173, 'AHMAD CANDRA', 1, 'JXBu95YO5RBDOlsptLsv85UTQMkVr0fnaWnYP6xZ', 3, 8, 1, '2023-10-26 00:52:27', '2023-10-26 00:52:27'),
(1174, 'ARIVALDI WAGIYONO', 1, 'qbiqaupt6oVH3IlPhMT5tyPvdTvuSUTdwNSA707e', 3, 8, 1, '2023-10-26 00:52:27', '2023-10-26 00:52:27'),
(1175, 'DWI INDAH KUSUMANINGTYAS', 1, 'IxTA8qa9ykFjJ1pLQllXANqsYfKMIa6URnVQzt3c', 3, 8, 1, '2023-10-26 00:52:27', '2023-10-26 00:52:27'),
(1176, 'DWI REZA PRASTEO', 1, 'PdLoEuHiLHsFzvR7r8o3K7z02V6SdyqkAcJ9gjlp', 3, 8, 1, '2023-10-26 00:52:27', '2023-10-26 00:52:27'),
(1177, 'EDO KASYA MULYA', 1, 'J4HLIXalQGeB5outFtEL2RXV9JWP3ehbB9j2b36e', 3, 8, 1, '2023-10-26 00:52:27', '2023-10-26 00:52:27'),
(1178, 'FADIL FAWAZUL HAQ', 1, 'zhxieBoZGEafnSRR1Zkc48Fgqlcg2UGAzKTD90MY', 3, 8, 1, '2023-10-26 00:52:27', '2023-10-26 00:52:27'),
(1179, 'FARHAN ADITYA SAPUTRA', 1, 'JAQn9YKBHf1GBbZ1mCxflRtGTXlsObut0EtFrFRC', 3, 8, 1, '2023-10-26 00:52:27', '2023-10-26 00:52:27'),
(1180, 'FIRMAN PUTRA EFFENDI', 1, 'J2IOg3HFjovSrqfzwYrPcp30thC40vYXkv07nd9K', 3, 8, 1, '2023-10-26 00:52:27', '2023-10-26 00:52:27'),
(1181, 'GADIS LAILIYAH MAGHFIROH', 1, 'ENeKalXGxOsY9wFeO8jHVD08jKtqm8xfdT7SDhpQ', 3, 8, 1, '2023-10-26 00:52:27', '2023-10-26 00:52:27'),
(1182, 'HUSNOL', 1, '3uzuMdcnzJaNODv0fsS6SPRTUWYUDIgebUyZNL5n', 3, 8, 1, '2023-10-26 00:52:27', '2023-10-26 00:52:27'),
(1183, 'JANUAR EKO FIRDAUS RAHMAT ILLAHI', 1, 'cjOgK6yHeajQwIOR2J6w1n7sejQTJOr8ljoNMieC', 3, 8, 1, '2023-10-26 00:52:27', '2023-10-26 00:52:27'),
(1184, 'MOCHAMAD RIFKY PUTRA ISMIE', 1, 'C0ItprovTcZWOhsVpQAsesa0u0AE7OD1jT1d1IUg', 3, 8, 1, '2023-10-26 00:52:27', '2023-10-26 00:52:27'),
(1185, 'MOHAMMAD ALI SALEH BANAHSAN', 1, 'U5CNEPfRuhxBp0e9WBcWjwYm6AIdkWWgvZPsFfIN', 3, 8, 1, '2023-10-26 00:52:27', '2023-10-26 00:52:27'),
(1186, 'MOHAMMAD ARAFLI', 1, 'yEwcQYsUJdtfmLwbLWzRvkTlA01OFZZv8yz7zBdW', 3, 8, 1, '2023-10-26 00:52:27', '2023-10-26 00:52:27'),
(1187, 'MOHAMMAD FAREL EVENDI', 1, 'OuLe7RXqeHbxh7wAsNEbNNurGABYHsuHaI7PRKSz', 3, 8, 1, '2023-10-26 00:52:27', '2023-10-26 00:52:27'),
(1188, 'MOHAMMAD RENDY SYAHPUTRA', 1, 'AWlzqGY5X3kpt1nolVCerTEnOKSQ5vyTmhHwEJQm', 3, 8, 1, '2023-10-26 00:52:27', '2023-10-26 00:52:27'),
(1189, 'MUHAMAD RAFLI TRIANTO', 1, 'nUjmCXp8Ea57skTqskvNdP5Pp0NCOd9gnrzVjnhI', 3, 8, 1, '2023-10-26 00:52:27', '2023-10-26 00:52:27'),
(1190, 'MUHAMMAD BAGUS PRASETYO', 1, 'ZbpKEYr7RgtR98Fgx5MxlwlGCjdalcTOvox4E1lm', 3, 8, 1, '2023-10-26 00:52:27', '2023-10-26 00:52:27'),
(1191, 'MUHAMMAD EZA PANDU PERMANA BAIDAWI', 1, 'DzeP0OJQpZkIgpCx7BrB2cIxMKTgziSu4wHvWCVu', 3, 8, 1, '2023-10-26 00:52:27', '2023-10-26 00:52:27'),
(1192, 'MUHAMMAD LATIFUR HOBIR', 1, '98beAFUlz4IBM1m3eeKdtSzD7oaQPPBTX4eld0ju', 3, 8, 1, '2023-10-26 00:52:27', '2023-10-26 00:52:27'),
(1193, 'MUHAMMAD NAFRON ABDI MAULANA', 1, 'JRxQFrzkW7e2FomIvBgZMNcIPThh8AaUDex1f0km', 3, 8, 1, '2023-10-26 00:52:27', '2023-10-26 00:52:27'),
(1194, 'MUHAMMAD ZAKI FARMADI', 1, 'i5tx1BdYmBSBBl5VsoAcQakUoWsC03Z8yLq4ls9H', 3, 8, 1, '2023-10-26 00:52:27', '2023-10-26 00:52:27'),
(1195, 'RAFA AYUP PRASETYO', 1, 'AafJBZLnEkqYpdZn4t7SLRx6JwTQGPV99Y2VBODL', 3, 8, 1, '2023-10-26 00:52:27', '2023-10-26 00:52:27'),
(1196, 'REZA NUR HARIYANTO', 1, 'q6gUqPPzBHczjVd13fmpRLcQUz3FQhHV9eRuuE20', 3, 8, 1, '2023-10-26 00:52:27', '2023-10-26 00:52:27'),
(1197, 'RIBUT DWI WAHYUDI', 1, 'bKjUuf3gdoOwpS21FfReaHCpAR0kxiFi4EyIsGk4', 3, 8, 1, '2023-10-26 00:52:27', '2023-10-26 00:52:27'),
(1198, 'RIKY RIO WIRAWAN', 1, 'iQVKoieaRhj1aAj3F0bUfdecjOHLIhVeDkLRaJVv', 3, 8, 1, '2023-10-26 00:52:27', '2023-10-26 00:52:27'),
(1199, 'ROFI RAHMAD FIRMANSYACH', 1, 'hs7QUZRDdh65S3o1AngJbA7pYooG92LdclpXlEkH', 3, 8, 1, '2023-10-26 00:52:27', '2023-10-26 00:52:27'),
(1200, 'VALDO PRATAMA', 1, 'jGAf2zjCbopf7aNuoucAwTs72tpGrlBE9xcKJyEb', 3, 8, 1, '2023-10-26 00:52:27', '2023-10-26 00:52:27'),
(1201, 'WAHID FEBRIANSYAH', 1, 'apogsQoM1sy6hTHcX7M11qzrmxFR36M5SLZYWt3k', 3, 8, 1, '2023-10-26 00:52:27', '2023-10-26 00:52:27'),
(1202, 'AGIL CANDRA GHASMAL KHAIR', 1, 'TwaXBkqrqKQEnS09WrFfRBTxFT5JdxxEXfclbsA3', 3, 9, 1, '2023-10-26 00:52:56', '2023-10-26 00:52:56'),
(1203, 'ANDIKA MAULANA FIRSAM', 1, 'ovBGjjmWSgTIh0E2x92mBjGL9fQLOkWv4yTqYylU', 3, 9, 1, '2023-10-26 00:52:56', '2023-10-26 00:52:56'),
(1204, 'DHIMAS ANGGARA GUSTI FERNANDA', 1, 'Pu0wEHMcGNyFRrSarbbJFuYs6gNBmHOu5UxMcmdI', 3, 9, 1, '2023-10-26 00:52:56', '2023-10-26 00:52:56'),
(1205, 'DIMAS FADILLAH FAJRI', 1, 'qNOwqzES2rup2vIzjQS7IAi53w0H5vyo1noN7EaR', 3, 9, 1, '2023-10-26 00:52:56', '2023-10-26 00:52:56'),
(1206, 'DWIKO HADISHA MAULANA', 1, 'YAlIZDjOEKvYmxoxoMt1dT6ADhAmaoyBpb7jWHwy', 3, 9, 1, '2023-10-26 00:52:56', '2023-10-26 00:52:56'),
(1207, 'EKA JULIANTO', 1, 'jkKTnAFQIzo9qP836frSXTPvScbkv2yoYEcbs1KQ', 3, 9, 1, '2023-10-26 00:52:56', '2023-10-26 00:52:56'),
(1208, 'FAGIL LOLA PRIHERNANDO', 1, 'UUwR8kOcpiQBsZky7OBsb1S3M9nD3S14lR3o89mg', 3, 9, 1, '2023-10-26 00:52:56', '2023-10-26 00:52:56'),
(1209, 'FENDI FEBRIAN', 1, '08g6Nk2NQPu2UvqvI1qxg5CHxI8Eom9LOJEKsEpQ', 3, 9, 1, '2023-10-26 00:52:56', '2023-10-26 00:52:56'),
(1210, 'FIRMANSHAH', 1, 'J1d9gKJEw4LuJ6JTq7rgKyBbazMu5q0tkLUP3Lai', 3, 9, 1, '2023-10-26 00:52:56', '2023-10-26 00:52:56'),
(1211, 'GALANG RESTU RAMADHAN', 1, 'X0ySojdN5sE4tiJHQreBk1SnDmExXcA0GX6lH27v', 3, 9, 1, '2023-10-26 00:52:56', '2023-10-26 00:52:56'),
(1212, 'ISFAN FIRMANDA', 1, 'piQDzESQHBPambiyeFg65MrISRktjFQxU7gbFq4f', 3, 9, 1, '2023-10-26 00:52:56', '2023-10-26 00:52:56'),
(1213, 'JIZAN', 1, 'gpqRhivIESntD50JCO1G1cExXQoCm4KyL3IzjABd', 3, 9, 1, '2023-10-26 00:52:56', '2023-10-26 00:52:56'),
(1214, 'MOCHAMMAD RIZKI', 1, 'SJSNaIODnUZc6A2QHiHDce8WczktnMyASwSnagm0', 3, 9, 1, '2023-10-26 00:52:56', '2023-10-26 00:52:56'),
(1215, 'MOHAMMAD ALVIANDIKA HERMAWAN', 1, 'D8L0XkudYT9Jmlz7bGgY5bj06p3weY2NodMPRWFh', 3, 9, 1, '2023-10-26 00:52:56', '2023-10-26 00:52:56'),
(1216, 'MOHAMMAD ARIES MAULANA ARSYADILLAH', 1, 'ktk9Tvytmur5D8ADBTtFfnpndjVehvunc8F64g54', 3, 9, 1, '2023-10-26 00:52:56', '2023-10-26 00:52:56'),
(1217, 'MOHAMMAD IQBAL', 1, 'WeJDzb5waja8xYdVFEgwetJdh6G8QRdFumCFYvRE', 3, 9, 1, '2023-10-26 00:52:56', '2023-10-26 00:52:56'),
(1218, 'MOHAMMAD ZULFAN KAMIL', 1, 'Fe7VgwZkOGOUHDmsASc67gFDSWXLSc1SDBNOszkV', 3, 9, 1, '2023-10-26 00:52:56', '2023-10-26 00:52:56'),
(1219, 'MUHAMMAD ALI HAMDANI', 1, 'ywbXAxDp7dZ74R1XK65LrZqTbt84ntKfhyvPp9v0', 3, 9, 1, '2023-10-26 00:52:56', '2023-10-26 00:52:56'),
(1220, 'MUHAMMAD CAHYO BUDI RAHARJO', 1, '6OW8Tj02hRAmA4JCeupmjiGxxMkvNesGZEMM0TLF', 3, 9, 1, '2023-10-26 00:52:56', '2023-10-26 00:52:56'),
(1221, 'MUHAMMAD FABIO GUSTAFO', 1, 'Dq9Kw5r8KLddpRKZ7IkLnPaWKYSpHdUBIZHZa4eq', 3, 9, 1, '2023-10-26 00:52:56', '2023-10-26 00:52:56'),
(1222, 'MUHAMMAD MAHBOBY', 1, 'ziPcUJbZWf7RXJMvtBBrGMHBD8qZvziMX5LsZmIm', 3, 9, 1, '2023-10-26 00:52:56', '2023-10-26 00:52:56'),
(1223, 'MUHAMMAD REVAL YULIANTO', 1, 'OWhfLlbnu2RXTAlONB5khGxZNgz0n9fdBHPcgOHu', 3, 9, 1, '2023-10-26 00:52:56', '2023-10-26 00:52:56'),
(1224, 'NUR HAMSAH KUSUMA', 1, 'wL1vgg08Pl01RkGvn5Q7lpA3uNRBptFimmN9mPyO', 3, 9, 1, '2023-10-26 00:52:56', '2023-10-26 00:52:56'),
(1225, 'RAFA ERLANGGA PUTRA CYLO', 1, 'uG6Bdw2akytHUE9Sv9ZYTzSuJFfqhAegEiWuNvVL', 3, 9, 1, '2023-10-26 00:52:56', '2023-10-26 00:52:56'),
(1226, 'RIANTO DIAN MAULANA', 1, '3oS1A2IaRluoAxJyaCBTh5wm2VoBcEmDMVOFRc6h', 3, 9, 1, '2023-10-26 00:52:56', '2023-10-26 00:52:56'),
(1227, 'RIDHO FIRMANSYAH', 1, 'ubLCcq7cQxcFKfboFwudXiOVS90IxovRzfs7tS4S', 3, 9, 1, '2023-10-26 00:52:56', '2023-10-26 00:52:56'),
(1228, 'RIO BAYU PRATAMA', 1, '2u8Aqh7XprXRrbw6lWXBangevAldXE5GtVHuLI7X', 3, 9, 1, '2023-10-26 00:52:56', '2023-10-26 00:52:56'),
(1229, 'SOFYAN PRANATA', 1, 'tMXcxTwaoerVY8swSHCd3eSdnpokDS0X2kwmUZAJ', 3, 9, 1, '2023-10-26 00:52:56', '2023-10-26 00:52:56'),
(1230, 'VIOLA AULIA RAMADHANA', 1, 'sqq5HIwnKhC3r1dkRC0UoUZtNSxMTqTay84dbIZf', 3, 9, 1, '2023-10-26 00:52:56', '2023-10-26 00:52:56'),
(1231, 'WANDIYONO', 1, 'VjJubdaqbDpHB1KZ9KRNv66wGKUxPIfP4SI1trH7', 3, 9, 1, '2023-10-26 00:52:56', '2023-10-26 00:52:56'),
(1539, '-', 1, 'J76uLYFq9ToRR1VbuMiC3Es7Cb3dqy3aGiLq9hIQ', 1, 1, 1, '2023-11-26 11:11:20', '2023-11-26 11:23:36'),
(1540, '—', 1, 'Bnj9FnQKE0NtM23svRQn1urmg1fboA1FrR2oHezh', 1, 1, 1, '2023-11-26 11:11:33', '2023-11-26 11:24:21'),
(1541, 'Akun Siswa', 1, 'UuDacnLjNU7sF5WSjToGWmNPsxv3prOSV0hcSHJx', 3, 3, 1, '2024-03-03 12:35:29', '2024-03-03 12:36:56');

-- --------------------------------------------------------

--
-- Struktur dari tabel `users`
--

CREATE TABLE `users` (
  `id_user` bigint(20) UNSIGNED NOT NULL,
  `name` varchar(255) NOT NULL,
  `email` varchar(255) NOT NULL,
  `email_verified_at` timestamp NULL DEFAULT NULL,
  `password` varchar(255) NOT NULL,
  `remember_token` varchar(100) DEFAULT NULL,
  `created_at` timestamp NULL DEFAULT NULL,
  `updated_at` timestamp NULL DEFAULT NULL
) ENGINE=InnoDB DEFAULT CHARSET=utf8mb4 COLLATE=utf8mb4_unicode_ci ROW_FORMAT=DYNAMIC;

--
-- Dumping data untuk tabel `users`
--

INSERT INTO `users` (`id_user`, `name`, `email`, `email_verified_at`, `password`, `remember_token`, `created_at`, `updated_at`) VALUES
(1, 'admin', 'admin@gmail.com', NULL, '$2y$10$bJg7AwMSCZDnOctJa.c8zuTnY6d9hHUkR8dm7m1YtvUPOCx1aoFu6', NULL, '2023-10-25 14:12:12', '2024-05-13 04:32:00');

-- --------------------------------------------------------

--
-- Struktur dari tabel `waktu`
--

CREATE TABLE `waktu` (
  `id_waktu` bigint(20) UNSIGNED NOT NULL,
  `start` timestamp NULL DEFAULT NULL,
  `finish` timestamp NULL DEFAULT NULL,
  `status` int(11) NOT NULL DEFAULT 1,
  `created_at` timestamp NULL DEFAULT NULL,
  `updated_at` timestamp NULL DEFAULT NULL
) ENGINE=InnoDB DEFAULT CHARSET=utf8mb4 COLLATE=utf8mb4_unicode_ci ROW_FORMAT=DYNAMIC;

--
-- Dumping data untuk tabel `waktu`
--

INSERT INTO `waktu` (`id_waktu`, `start`, `finish`, `status`, `created_at`, `updated_at`) VALUES
(1, '2024-03-01 23:30:00', '2024-03-05 08:30:00', 1, '2023-11-26 11:30:42', '2024-03-03 12:35:52');

--
-- Indexes for dumped tables
--

--
-- Indeks untuk tabel `failed_jobs`
--
ALTER TABLE `failed_jobs`
  ADD PRIMARY KEY (`id`) USING BTREE,
  ADD UNIQUE KEY `failed_jobs_uuid_unique` (`uuid`) USING BTREE;

--
-- Indeks untuk tabel `kandidat`
--
ALTER TABLE `kandidat`
  ADD PRIMARY KEY (`id_kandidat`) USING BTREE,
  ADD KEY `kandidat_id_ketua_foreign` (`id_ketua`) USING BTREE,
  ADD KEY `kandidat_id_wakil_foreign` (`id_wakil`) USING BTREE;

--
-- Indeks untuk tabel `kelas`
--
ALTER TABLE `kelas`
  ADD PRIMARY KEY (`id_kelas`) USING BTREE;

--
-- Indeks untuk tabel `migrations`
--
ALTER TABLE `migrations`
  ADD PRIMARY KEY (`id`) USING BTREE;

--
-- Indeks untuk tabel `password_resets`
--
ALTER TABLE `password_resets`
  ADD PRIMARY KEY (`email`) USING BTREE;

--
-- Indeks untuk tabel `pemilihan`
--
ALTER TABLE `pemilihan`
  ADD PRIMARY KEY (`id_pemilihan`) USING BTREE,
  ADD KEY `pemilihan_id_peserta_foreign` (`id_peserta`) USING BTREE,
  ADD KEY `pemilihan_id_kandidat_foreign` (`id_kandidat`) USING BTREE;

--
-- Indeks untuk tabel `personal_access_tokens`
--
ALTER TABLE `personal_access_tokens`
  ADD PRIMARY KEY (`id`) USING BTREE,
  ADD UNIQUE KEY `personal_access_tokens_token_unique` (`token`) USING BTREE,
  ADD KEY `personal_access_tokens_tokenable_type_tokenable_id_index` (`tokenable_type`,`tokenable_id`) USING BTREE;

--
-- Indeks untuk tabel `peserta`
--
ALTER TABLE `peserta`
  ADD PRIMARY KEY (`id_peserta`) USING BTREE,
  ADD KEY `peserta_id_kelas_foreign` (`id_kelas`) USING BTREE;

--
-- Indeks untuk tabel `users`
--
ALTER TABLE `users`
  ADD PRIMARY KEY (`id_user`) USING BTREE,
  ADD UNIQUE KEY `users_email_unique` (`email`) USING BTREE;

--
-- Indeks untuk tabel `waktu`
--
ALTER TABLE `waktu`
  ADD PRIMARY KEY (`id_waktu`) USING BTREE;

--
-- AUTO_INCREMENT untuk tabel yang dibuang
--

--
-- AUTO_INCREMENT untuk tabel `failed_jobs`
--
ALTER TABLE `failed_jobs`
  MODIFY `id` bigint(20) UNSIGNED NOT NULL AUTO_INCREMENT;

--
-- AUTO_INCREMENT untuk tabel `kandidat`
--
ALTER TABLE `kandidat`
  MODIFY `id_kandidat` bigint(20) UNSIGNED NOT NULL AUTO_INCREMENT, AUTO_INCREMENT=3;

--
-- AUTO_INCREMENT untuk tabel `kelas`
--
ALTER TABLE `kelas`
  MODIFY `id_kelas` bigint(20) UNSIGNED NOT NULL AUTO_INCREMENT, AUTO_INCREMENT=25;

--
-- AUTO_INCREMENT untuk tabel `migrations`
--
ALTER TABLE `migrations`
  MODIFY `id` int(10) UNSIGNED NOT NULL AUTO_INCREMENT, AUTO_INCREMENT=10;

--
-- AUTO_INCREMENT untuk tabel `pemilihan`
--
ALTER TABLE `pemilihan`
  MODIFY `id_pemilihan` bigint(20) UNSIGNED NOT NULL AUTO_INCREMENT, AUTO_INCREMENT=1039;

--
-- AUTO_INCREMENT untuk tabel `personal_access_tokens`
--
ALTER TABLE `personal_access_tokens`
  MODIFY `id` bigint(20) UNSIGNED NOT NULL AUTO_INCREMENT, AUTO_INCREMENT=1197;

--
-- AUTO_INCREMENT untuk tabel `peserta`
--
ALTER TABLE `peserta`
  MODIFY `id_peserta` bigint(20) UNSIGNED NOT NULL AUTO_INCREMENT, AUTO_INCREMENT=1542;

--
-- AUTO_INCREMENT untuk tabel `users`
--
ALTER TABLE `users`
  MODIFY `id_user` bigint(20) UNSIGNED NOT NULL AUTO_INCREMENT, AUTO_INCREMENT=2;

--
-- AUTO_INCREMENT untuk tabel `waktu`
--
ALTER TABLE `waktu`
  MODIFY `id_waktu` bigint(20) UNSIGNED NOT NULL AUTO_INCREMENT, AUTO_INCREMENT=2;

--
-- Ketidakleluasaan untuk tabel pelimpahan (Dumped Tables)
--

--
-- Ketidakleluasaan untuk tabel `kandidat`
--
ALTER TABLE `kandidat`
  ADD CONSTRAINT `kandidat_id_ketua_foreign` FOREIGN KEY (`id_ketua`) REFERENCES `peserta` (`id_peserta`),
  ADD CONSTRAINT `kandidat_id_wakil_foreign` FOREIGN KEY (`id_wakil`) REFERENCES `peserta` (`id_peserta`);

--
-- Ketidakleluasaan untuk tabel `pemilihan`
--
ALTER TABLE `pemilihan`
  ADD CONSTRAINT `pemilihan_id_kandidat_foreign` FOREIGN KEY (`id_kandidat`) REFERENCES `kandidat` (`id_kandidat`),
  ADD CONSTRAINT `pemilihan_id_peserta_foreign` FOREIGN KEY (`id_peserta`) REFERENCES `peserta` (`id_peserta`);

--
-- Ketidakleluasaan untuk tabel `peserta`
--
ALTER TABLE `peserta`
  ADD CONSTRAINT `peserta_id_kelas_foreign` FOREIGN KEY (`id_kelas`) REFERENCES `kelas` (`id_kelas`);
COMMIT;

/*!40101 SET CHARACTER_SET_CLIENT=@OLD_CHARACTER_SET_CLIENT */;
/*!40101 SET CHARACTER_SET_RESULTS=@OLD_CHARACTER_SET_RESULTS */;
/*!40101 SET COLLATION_CONNECTION=@OLD_COLLATION_CONNECTION */;
